id,lastname,email,email2,firstname,profession
100,Riva,Susette.Riva@yopmail.com,Susette.Riva@gmail.com,Susette,worker
101,Behre,Correy.Behre@yopmail.com,Correy.Behre@gmail.com,Correy,firefighter
102,Huggins,Ruthe.Huggins@yopmail.com,Ruthe.Huggins@gmail.com,Ruthe,firefighter
103,Lymann,Tera.Lymann@yopmail.com,Tera.Lymann@gmail.com,Tera,firefighter
104,Tiffa,Cissiee.Tiffa@yopmail.com,Cissiee.Tiffa@gmail.com,Cissiee,doctor
105,Munn,Karlee.Munn@yopmail.com,Karlee.Munn@gmail.com,Karlee,developer
106,Durware,Patricia.Durware@yopmail.com,Patricia.Durware@gmail.com,Patricia,firefighter
107,Wenda,Delilah.Wenda@yopmail.com,Delilah.Wenda@gmail.com,Delilah,worker
108,Bohlin,Eugine.Bohlin@yopmail.com,Eugine.Bohlin@gmail.com,Eugine,police officer
109,Breed,Silvana.Breed@yopmail.com,Silvana.Breed@gmail.com,Silvana,worker
110,Kenwood,Regina.Kenwood@yopmail.com,Regina.Kenwood@gmail.com,Regina,developer
111,Read,Elka.Read@yopmail.com,Elka.Read@gmail.com,Elka,firefighter
112,Buffum,Evaleen.Buffum@yopmail.com,Evaleen.Buffum@gmail.com,Evaleen,doctor
113,Bergman,Gerrie.Bergman@yopmail.com,Gerrie.Bergman@gmail.com,Gerrie,doctor
114,Weaks,Darlleen.Weaks@yopmail.com,Darlleen.Weaks@gmail.com,Darlleen,worker
115,Aprile,Sharai.Aprile@yopmail.com,Sharai.Aprile@gmail.com,Sharai,worker
116,Reneta,Dania.Reneta@yopmail.com,Dania.Reneta@gmail.com,Dania,doctor
117,Bashemeth,Ottilie.Bashemeth@yopmail.com,Ottilie.Bashemeth@gmail.com,Ottilie,worker
118,Baptlsta,Ricky.Baptlsta@yopmail.com,Ricky.Baptlsta@gmail.com,Ricky,police officer
119,Colleen,Rebeca.Colleen@yopmail.com,Rebeca.Colleen@gmail.com,Rebeca,worker
120,Slifka,Darlleen.Slifka@yopmail.com,Darlleen.Slifka@gmail.com,Darlleen,firefighter
121,Edvard,Adriana.Edvard@yopmail.com,Adriana.Edvard@gmail.com,Adriana,firefighter
122,Doig,Althea.Doig@yopmail.com,Althea.Doig@gmail.com,Althea,firefighter
123,Therine,Rhea.Therine@yopmail.com,Rhea.Therine@gmail.com,Rhea,developer
124,Connelly,Heida.Connelly@yopmail.com,Heida.Connelly@gmail.com,Heida,worker
125,Dorothy,Ida.Dorothy@yopmail.com,Ida.Dorothy@gmail.com,Ida,developer
126,Marlie,Brana.Marlie@yopmail.com,Brana.Marlie@gmail.com,Brana,police officer
127,Koehler,Florie.Koehler@yopmail.com,Florie.Koehler@gmail.com,Florie,police officer
128,Merat,Evita.Merat@yopmail.com,Evita.Merat@gmail.com,Evita,firefighter
129,Bollay,Minne.Bollay@yopmail.com,Minne.Bollay@gmail.com,Minne,police officer
130,Seumas,Debee.Seumas@yopmail.com,Debee.Seumas@gmail.com,Debee,worker
131,Marsden,Sybille.Marsden@yopmail.com,Sybille.Marsden@gmail.com,Sybille,worker
132,Jehu,Lily.Jehu@yopmail.com,Lily.Jehu@gmail.com,Lily,worker
133,Jacinda,Flo.Jacinda@yopmail.com,Flo.Jacinda@gmail.com,Flo,firefighter
134,McNully,Berget.McNully@yopmail.com,Berget.McNully@gmail.com,Berget,firefighter
135,Burkle,Audrie.Burkle@yopmail.com,Audrie.Burkle@gmail.com,Audrie,worker
136,Lorain,Adore.Lorain@yopmail.com,Adore.Lorain@gmail.com,Adore,worker
137,Joachim,Lelah.Joachim@yopmail.com,Lelah.Joachim@gmail.com,Lelah,police officer
138,O'Carroll,Charlena.O'Carroll@yopmail.com,Charlena.O'Carroll@gmail.com,Charlena,worker
139,Hortensia,Valera.Hortensia@yopmail.com,Valera.Hortensia@gmail.com,Valera,police officer
140,Chinua,Ericka.Chinua@yopmail.com,Ericka.Chinua@gmail.com,Ericka,firefighter
141,Silvan,Layla.Silvan@yopmail.com,Layla.Silvan@gmail.com,Layla,police officer
142,Emmaline,Brianna.Emmaline@yopmail.com,Brianna.Emmaline@gmail.com,Brianna,doctor
143,Rillings,Joy.Rillings@yopmail.com,Joy.Rillings@gmail.com,Joy,developer
144,Swigart,Ezmeralda.Swigart@yopmail.com,Ezmeralda.Swigart@gmail.com,Ezmeralda,firefighter
145,Natalia,Brianna.Natalia@yopmail.com,Brianna.Natalia@gmail.com,Brianna,firefighter
146,Sothena,Susan.Sothena@yopmail.com,Susan.Sothena@gmail.com,Susan,worker
147,Brenn,Elka.Brenn@yopmail.com,Elka.Brenn@gmail.com,Elka,police officer
148,Fulmer,Tami.Fulmer@yopmail.com,Tami.Fulmer@gmail.com,Tami,worker
149,Estella,Letizia.Estella@yopmail.com,Letizia.Estella@gmail.com,Letizia,doctor
150,Shields,Nessie.Shields@yopmail.com,Nessie.Shields@gmail.com,Nessie,worker
151,Kesley,Riannon.Kesley@yopmail.com,Riannon.Kesley@gmail.com,Riannon,doctor
152,Sharl,Angela.Sharl@yopmail.com,Angela.Sharl@gmail.com,Angela,firefighter
153,Salchunas,Randa.Salchunas@yopmail.com,Randa.Salchunas@gmail.com,Randa,worker
154,Mott,Genovera.Mott@yopmail.com,Genovera.Mott@gmail.com,Genovera,police officer
155,Poppy,Wileen.Poppy@yopmail.com,Wileen.Poppy@gmail.com,Wileen,developer
156,Sallyann,Ezmeralda.Sallyann@yopmail.com,Ezmeralda.Sallyann@gmail.com,Ezmeralda,doctor
157,Raffo,Darlleen.Raffo@yopmail.com,Darlleen.Raffo@gmail.com,Darlleen,doctor
158,Orlene,Shauna.Orlene@yopmail.com,Shauna.Orlene@gmail.com,Shauna,police officer
159,Ackerley,Berget.Ackerley@yopmail.com,Berget.Ackerley@gmail.com,Berget,worker
160,Belldas,Bobinette.Belldas@yopmail.com,Bobinette.Belldas@gmail.com,Bobinette,developer
161,Yuille,Nerta.Yuille@yopmail.com,Nerta.Yuille@gmail.com,Nerta,firefighter
162,Carvey,Nessie.Carvey@yopmail.com,Nessie.Carvey@gmail.com,Nessie,police officer
163,Rosalba,Eadie.Rosalba@yopmail.com,Eadie.Rosalba@gmail.com,Eadie,police officer
164,Rad,Gusty.Rad@yopmail.com,Gusty.Rad@gmail.com,Gusty,police officer
165,Donell,Leona.Donell@yopmail.com,Leona.Donell@gmail.com,Leona,developer
166,Croix,Kirbee.Croix@yopmail.com,Kirbee.Croix@gmail.com,Kirbee,developer
167,Cleavland,Ulrike.Cleavland@yopmail.com,Ulrike.Cleavland@gmail.com,Ulrike,doctor
168,Cath,Lindie.Cath@yopmail.com,Lindie.Cath@gmail.com,Lindie,doctor
169,Sherrie,Annabela.Sherrie@yopmail.com,Annabela.Sherrie@gmail.com,Annabela,worker
170,Sisile,Ketti.Sisile@yopmail.com,Ketti.Sisile@gmail.com,Ketti,firefighter
171,Berl,Romona.Berl@yopmail.com,Romona.Berl@gmail.com,Romona,police officer
172,Neils,Fina.Neils@yopmail.com,Fina.Neils@gmail.com,Fina,worker
173,Waite,Doro.Waite@yopmail.com,Doro.Waite@gmail.com,Doro,worker
174,Hubert,Shirlee.Hubert@yopmail.com,Shirlee.Hubert@gmail.com,Shirlee,police officer
175,Girardo,Deloria.Girardo@yopmail.com,Deloria.Girardo@gmail.com,Deloria,worker
176,Wandie,Jinny.Wandie@yopmail.com,Jinny.Wandie@gmail.com,Jinny,police officer
177,Tomasina,Sashenka.Tomasina@yopmail.com,Sashenka.Tomasina@gmail.com,Sashenka,developer
178,Fink,Sheelagh.Fink@yopmail.com,Sheelagh.Fink@gmail.com,Sheelagh,police officer
179,Khorma,Kimmy.Khorma@yopmail.com,Kimmy.Khorma@gmail.com,Kimmy,firefighter
180,Willie,Carmela.Willie@yopmail.com,Carmela.Willie@gmail.com,Carmela,worker
181,Even,Danny.Even@yopmail.com,Danny.Even@gmail.com,Danny,police officer
182,Munn,Karolina.Munn@yopmail.com,Karolina.Munn@gmail.com,Karolina,developer
183,Tybald,Danika.Tybald@yopmail.com,Danika.Tybald@gmail.com,Danika,firefighter
184,Haerr,Elena.Haerr@yopmail.com,Elena.Haerr@gmail.com,Elena,doctor
185,Sasnett,Valli.Sasnett@yopmail.com,Valli.Sasnett@gmail.com,Valli,doctor
186,Cimbura,Antonietta.Cimbura@yopmail.com,Antonietta.Cimbura@gmail.com,Antonietta,worker
187,Land,Genevra.Land@yopmail.com,Genevra.Land@gmail.com,Genevra,doctor
188,Larochelle,Daryl.Larochelle@yopmail.com,Daryl.Larochelle@gmail.com,Daryl,worker
189,Suanne,Zaria.Suanne@yopmail.com,Zaria.Suanne@gmail.com,Zaria,police officer
190,Bultman,Valera.Bultman@yopmail.com,Valera.Bultman@gmail.com,Valera,police officer
191,Yusuk,Janenna.Yusuk@yopmail.com,Janenna.Yusuk@gmail.com,Janenna,firefighter
192,Ludewig,Queenie.Ludewig@yopmail.com,Queenie.Ludewig@gmail.com,Queenie,doctor
193,Mullane,Hermione.Mullane@yopmail.com,Hermione.Mullane@gmail.com,Hermione,developer
194,Pond,Merle.Pond@yopmail.com,Merle.Pond@gmail.com,Merle,worker
195,Roche,Teriann.Roche@yopmail.com,Teriann.Roche@gmail.com,Teriann,developer
196,Gilmour,Elora.Gilmour@yopmail.com,Elora.Gilmour@gmail.com,Elora,worker
197,Buckler,Ann-Marie.Buckler@yopmail.com,Ann-Marie.Buckler@gmail.com,Ann-Marie,doctor
198,Bigner,Alejandra.Bigner@yopmail.com,Alejandra.Bigner@gmail.com,Alejandra,worker
199,Meter,Neila.Meter@yopmail.com,Neila.Meter@gmail.com,Neila,developer
200,Lutero,Devina.Lutero@yopmail.com,Devina.Lutero@gmail.com,Devina,doctor
201,Kronfeld,Shel.Kronfeld@yopmail.com,Shel.Kronfeld@gmail.com,Shel,police officer
202,Imelida,Carol-Jean.Imelida@yopmail.com,Carol-Jean.Imelida@gmail.com,Carol-Jean,doctor
203,Santoro,Orsola.Santoro@yopmail.com,Orsola.Santoro@gmail.com,Orsola,doctor
204,Elvyn,Roseline.Elvyn@yopmail.com,Roseline.Elvyn@gmail.com,Roseline,developer
205,Lemuela,Christal.Lemuela@yopmail.com,Christal.Lemuela@gmail.com,Christal,developer
206,Ferrell,Evita.Ferrell@yopmail.com,Evita.Ferrell@gmail.com,Evita,developer
207,Ludewig,Aryn.Ludewig@yopmail.com,Aryn.Ludewig@gmail.com,Aryn,firefighter
208,Miru,Wileen.Miru@yopmail.com,Wileen.Miru@gmail.com,Wileen,police officer
209,Cleo,Britte.Cleo@yopmail.com,Britte.Cleo@gmail.com,Britte,police officer
210,Glovsky,Mureil.Glovsky@yopmail.com,Mureil.Glovsky@gmail.com,Mureil,firefighter
211,Elbertina,Dominga.Elbertina@yopmail.com,Dominga.Elbertina@gmail.com,Dominga,police officer
212,Grayce,Lily.Grayce@yopmail.com,Lily.Grayce@gmail.com,Lily,worker
213,Sasnett,Augustine.Sasnett@yopmail.com,Augustine.Sasnett@gmail.com,Augustine,worker
214,Tamar,Meriel.Tamar@yopmail.com,Meriel.Tamar@gmail.com,Meriel,developer
215,Sherfield,Cathie.Sherfield@yopmail.com,Cathie.Sherfield@gmail.com,Cathie,developer
216,Franza,Lonnie.Franza@yopmail.com,Lonnie.Franza@gmail.com,Lonnie,worker
217,Zaslow,Kaja.Zaslow@yopmail.com,Kaja.Zaslow@gmail.com,Kaja,worker
218,Cohdwell,Nelle.Cohdwell@yopmail.com,Nelle.Cohdwell@gmail.com,Nelle,police officer
219,Justinn,Johna.Justinn@yopmail.com,Johna.Justinn@gmail.com,Johna,doctor
220,Ajay,Hope.Ajay@yopmail.com,Hope.Ajay@gmail.com,Hope,doctor
221,Telfer,Amelia.Telfer@yopmail.com,Amelia.Telfer@gmail.com,Amelia,firefighter
222,Riordan,Sibella.Riordan@yopmail.com,Sibella.Riordan@gmail.com,Sibella,worker
223,Frodi,Monika.Frodi@yopmail.com,Monika.Frodi@gmail.com,Monika,worker
224,Woodberry,Gabi.Woodberry@yopmail.com,Gabi.Woodberry@gmail.com,Gabi,firefighter
225,Abernon,Adriana.Abernon@yopmail.com,Adriana.Abernon@gmail.com,Adriana,developer
226,Jess,Bill.Jess@yopmail.com,Bill.Jess@gmail.com,Bill,doctor
227,Howlyn,Karolina.Howlyn@yopmail.com,Karolina.Howlyn@gmail.com,Karolina,doctor
228,Madelene,Marsiella.Madelene@yopmail.com,Marsiella.Madelene@gmail.com,Marsiella,doctor
229,Alcott,Sharlene.Alcott@yopmail.com,Sharlene.Alcott@gmail.com,Sharlene,worker
230,Anderea,Babita.Anderea@yopmail.com,Babita.Anderea@gmail.com,Babita,police officer
231,Hirsch,Marjie.Hirsch@yopmail.com,Marjie.Hirsch@gmail.com,Marjie,police officer
232,Crudden,Tressa.Crudden@yopmail.com,Tressa.Crudden@gmail.com,Tressa,doctor
233,Georas,Carilyn.Georas@yopmail.com,Carilyn.Georas@gmail.com,Carilyn,worker
234,Cavan,Codie.Cavan@yopmail.com,Codie.Cavan@gmail.com,Codie,worker
235,Shanley,Cherilyn.Shanley@yopmail.com,Cherilyn.Shanley@gmail.com,Cherilyn,developer
236,Malvino,Clo.Malvino@yopmail.com,Clo.Malvino@gmail.com,Clo,police officer
237,Travax,Mignon.Travax@yopmail.com,Mignon.Travax@gmail.com,Mignon,firefighter
238,Sasnett,Lanna.Sasnett@yopmail.com,Lanna.Sasnett@gmail.com,Lanna,developer
239,Dowski,Lorie.Dowski@yopmail.com,Lorie.Dowski@gmail.com,Lorie,police officer
240,Reidar,Maridel.Reidar@yopmail.com,Maridel.Reidar@gmail.com,Maridel,worker
241,Thilda,Rosabelle.Thilda@yopmail.com,Rosabelle.Thilda@gmail.com,Rosabelle,developer
242,Pattin,Drucie.Pattin@yopmail.com,Drucie.Pattin@gmail.com,Drucie,doctor
243,Hilbert,Selma.Hilbert@yopmail.com,Selma.Hilbert@gmail.com,Selma,police officer
244,Lytton,Lusa.Lytton@yopmail.com,Lusa.Lytton@gmail.com,Lusa,worker
245,Talia,Willetta.Talia@yopmail.com,Willetta.Talia@gmail.com,Willetta,worker
246,Ade,Gui.Ade@yopmail.com,Gui.Ade@gmail.com,Gui,police officer
247,Corabella,Annice.Corabella@yopmail.com,Annice.Corabella@gmail.com,Annice,doctor
248,Douglass,Jorry.Douglass@yopmail.com,Jorry.Douglass@gmail.com,Jorry,worker
249,Ummersen,Emma.Ummersen@yopmail.com,Emma.Ummersen@gmail.com,Emma,doctor
250,Amasa,Marcelline.Amasa@yopmail.com,Marcelline.Amasa@gmail.com,Marcelline,doctor
251,Pelagias,Malina.Pelagias@yopmail.com,Malina.Pelagias@gmail.com,Malina,doctor
252,Eno,Lanna.Eno@yopmail.com,Lanna.Eno@gmail.com,Lanna,doctor
253,Trace,Gabi.Trace@yopmail.com,Gabi.Trace@gmail.com,Gabi,police officer
254,Jeanne,Kimmy.Jeanne@yopmail.com,Kimmy.Jeanne@gmail.com,Kimmy,firefighter
255,Ferino,Mady.Ferino@yopmail.com,Mady.Ferino@gmail.com,Mady,doctor
256,Dreda,Layla.Dreda@yopmail.com,Layla.Dreda@gmail.com,Layla,developer
257,Abbot,Carree.Abbot@yopmail.com,Carree.Abbot@gmail.com,Carree,worker
258,Uund,Shauna.Uund@yopmail.com,Shauna.Uund@gmail.com,Shauna,developer
259,Chapland,Eadie.Chapland@yopmail.com,Eadie.Chapland@gmail.com,Eadie,doctor
260,Mintz,Layla.Mintz@yopmail.com,Layla.Mintz@gmail.com,Layla,worker
261,Lilas,Feliza.Lilas@yopmail.com,Feliza.Lilas@gmail.com,Feliza,police officer
262,Rodmann,Barbi.Rodmann@yopmail.com,Barbi.Rodmann@gmail.com,Barbi,doctor
263,Freddi,Teriann.Freddi@yopmail.com,Teriann.Freddi@gmail.com,Teriann,developer
264,Aida,Dulcinea.Aida@yopmail.com,Dulcinea.Aida@gmail.com,Dulcinea,police officer
265,Tannie,Tarra.Tannie@yopmail.com,Tarra.Tannie@gmail.com,Tarra,police officer
266,Wesle,Renae.Wesle@yopmail.com,Renae.Wesle@gmail.com,Renae,developer
267,Bohlin,Nonnah.Bohlin@yopmail.com,Nonnah.Bohlin@gmail.com,Nonnah,firefighter
268,Sekofski,Hildegaard.Sekofski@yopmail.com,Hildegaard.Sekofski@gmail.com,Hildegaard,worker
269,Tamar,Devina.Tamar@yopmail.com,Devina.Tamar@gmail.com,Devina,doctor
270,Artie,Lolita.Artie@yopmail.com,Lolita.Artie@gmail.com,Lolita,firefighter
271,Ludewig,Devina.Ludewig@yopmail.com,Devina.Ludewig@gmail.com,Devina,doctor
272,Lail,Alyda.Lail@yopmail.com,Alyda.Lail@gmail.com,Alyda,firefighter
273,Burch,Lolita.Burch@yopmail.com,Lolita.Burch@gmail.com,Lolita,doctor
274,Ferrell,Amii.Ferrell@yopmail.com,Amii.Ferrell@gmail.com,Amii,firefighter
275,Rad,Tarra.Rad@yopmail.com,Tarra.Rad@gmail.com,Tarra,developer
276,Ventre,Annora.Ventre@yopmail.com,Annora.Ventre@gmail.com,Annora,doctor
277,Emmaline,Odessa.Emmaline@yopmail.com,Odessa.Emmaline@gmail.com,Odessa,firefighter
278,Millda,Jackie.Millda@yopmail.com,Jackie.Millda@gmail.com,Jackie,worker
279,Kannry,Hermione.Kannry@yopmail.com,Hermione.Kannry@gmail.com,Hermione,police officer
280,Jary,Bee.Jary@yopmail.com,Bee.Jary@gmail.com,Bee,developer
281,Fax,Ardeen.Fax@yopmail.com,Ardeen.Fax@gmail.com,Ardeen,worker
282,Gavrila,Cherrita.Gavrila@yopmail.com,Cherrita.Gavrila@gmail.com,Cherrita,police officer
283,Vharat,Deloria.Vharat@yopmail.com,Deloria.Vharat@gmail.com,Deloria,developer
284,Brittani,Teriann.Brittani@yopmail.com,Teriann.Brittani@gmail.com,Teriann,firefighter
285,Alice,Britni.Alice@yopmail.com,Britni.Alice@gmail.com,Britni,firefighter
286,Hylan,Ayn.Hylan@yopmail.com,Ayn.Hylan@gmail.com,Ayn,doctor
287,Johanna,Annabela.Johanna@yopmail.com,Annabela.Johanna@gmail.com,Annabela,worker
288,Maisey,Pierette.Maisey@yopmail.com,Pierette.Maisey@gmail.com,Pierette,firefighter
289,Erich,Eolanda.Erich@yopmail.com,Eolanda.Erich@gmail.com,Eolanda,police officer
290,Yate,Shauna.Yate@yopmail.com,Shauna.Yate@gmail.com,Shauna,firefighter
291,Gert,Concettina.Gert@yopmail.com,Concettina.Gert@gmail.com,Concettina,firefighter
292,Jethro,Dolli.Jethro@yopmail.com,Dolli.Jethro@gmail.com,Dolli,firefighter
293,Pandolfi,Zondra.Pandolfi@yopmail.com,Zondra.Pandolfi@gmail.com,Zondra,police officer
294,Ingra,Rosabelle.Ingra@yopmail.com,Rosabelle.Ingra@gmail.com,Rosabelle,doctor
295,Podvin,Ardys.Podvin@yopmail.com,Ardys.Podvin@gmail.com,Ardys,worker
296,Lunsford,Alie.Lunsford@yopmail.com,Alie.Lunsford@gmail.com,Alie,police officer
297,Muriel,Aili.Muriel@yopmail.com,Aili.Muriel@gmail.com,Aili,police officer
298,Sawtelle,Sallie.Sawtelle@yopmail.com,Sallie.Sawtelle@gmail.com,Sallie,police officer
299,Carri,Lenna.Carri@yopmail.com,Lenna.Carri@gmail.com,Lenna,doctor
300,Thilda,Cyndie.Thilda@yopmail.com,Cyndie.Thilda@gmail.com,Cyndie,firefighter
301,Konyn,Kassey.Konyn@yopmail.com,Kassey.Konyn@gmail.com,Kassey,worker
302,Rudolph,Chloris.Rudolph@yopmail.com,Chloris.Rudolph@gmail.com,Chloris,firefighter
303,Orpah,Kalina.Orpah@yopmail.com,Kalina.Orpah@gmail.com,Kalina,doctor
304,Olympium,Winifred.Olympium@yopmail.com,Winifred.Olympium@gmail.com,Winifred,police officer
305,Ivens,Nataline.Ivens@yopmail.com,Nataline.Ivens@gmail.com,Nataline,doctor
306,Afton,Daryl.Afton@yopmail.com,Daryl.Afton@gmail.com,Daryl,worker
307,Karna,Netty.Karna@yopmail.com,Netty.Karna@gmail.com,Netty,police officer
308,Hathaway,Chastity.Hathaway@yopmail.com,Chastity.Hathaway@gmail.com,Chastity,firefighter
309,Talia,Zaria.Talia@yopmail.com,Zaria.Talia@gmail.com,Zaria,worker
310,Bohlin,Lizzie.Bohlin@yopmail.com,Lizzie.Bohlin@gmail.com,Lizzie,doctor
311,Dorothy,Shannah.Dorothy@yopmail.com,Shannah.Dorothy@gmail.com,Shannah,police officer
312,Kellby,Brena.Kellby@yopmail.com,Brena.Kellby@gmail.com,Brena,police officer
313,Kellby,Reeba.Kellby@yopmail.com,Reeba.Kellby@gmail.com,Reeba,worker
314,Pitt,Janenna.Pitt@yopmail.com,Janenna.Pitt@gmail.com,Janenna,doctor
315,Jehu,Ermengarde.Jehu@yopmail.com,Ermengarde.Jehu@gmail.com,Ermengarde,developer
316,Teryn,Deirdre.Teryn@yopmail.com,Deirdre.Teryn@gmail.com,Deirdre,worker
317,Trace,Shaine.Trace@yopmail.com,Shaine.Trace@gmail.com,Shaine,firefighter
318,Gunn,Elise.Gunn@yopmail.com,Elise.Gunn@gmail.com,Elise,worker
319,Fax,Katleen.Fax@yopmail.com,Katleen.Fax@gmail.com,Katleen,worker
320,Dosia,Isa.Dosia@yopmail.com,Isa.Dosia@gmail.com,Isa,developer
321,Wilkinson,Asia.Wilkinson@yopmail.com,Asia.Wilkinson@gmail.com,Asia,police officer
322,Dimitris,Perry.Dimitris@yopmail.com,Perry.Dimitris@gmail.com,Perry,worker
323,Nelsen,Janis.Nelsen@yopmail.com,Janis.Nelsen@gmail.com,Janis,developer
324,Alarise,Kathy.Alarise@yopmail.com,Kathy.Alarise@gmail.com,Kathy,police officer
325,Ader,Brooks.Ader@yopmail.com,Brooks.Ader@gmail.com,Brooks,developer
326,Roscoe,Maurene.Roscoe@yopmail.com,Maurene.Roscoe@gmail.com,Maurene,doctor
327,Llovera,Flo.Llovera@yopmail.com,Flo.Llovera@gmail.com,Flo,firefighter
328,Kazimir,Ariela.Kazimir@yopmail.com,Ariela.Kazimir@gmail.com,Ariela,police officer
329,Grimbly,Luci.Grimbly@yopmail.com,Luci.Grimbly@gmail.com,Luci,firefighter
330,Hillel,Ursulina.Hillel@yopmail.com,Ursulina.Hillel@gmail.com,Ursulina,firefighter
331,Ball,Emmey.Ball@yopmail.com,Emmey.Ball@gmail.com,Emmey,doctor
332,Desai,Gisela.Desai@yopmail.com,Gisela.Desai@gmail.com,Gisela,police officer
333,Ephrem,Neila.Ephrem@yopmail.com,Neila.Ephrem@gmail.com,Neila,firefighter
334,Abernon,Katleen.Abernon@yopmail.com,Katleen.Abernon@gmail.com,Katleen,police officer
335,Hull,Fredericka.Hull@yopmail.com,Fredericka.Hull@gmail.com,Fredericka,police officer
336,Jeanne,Donetta.Jeanne@yopmail.com,Donetta.Jeanne@gmail.com,Donetta,developer
337,Giff,Elmira.Giff@yopmail.com,Elmira.Giff@gmail.com,Elmira,firefighter
338,Ethban,Kore.Ethban@yopmail.com,Kore.Ethban@gmail.com,Kore,developer
339,Justinn,Tonia.Justinn@yopmail.com,Tonia.Justinn@gmail.com,Tonia,firefighter
340,Pandolfi,Flo.Pandolfi@yopmail.com,Flo.Pandolfi@gmail.com,Flo,police officer
341,Linehan,Maisey.Linehan@yopmail.com,Maisey.Linehan@gmail.com,Maisey,police officer
342,Elisha,Emma.Elisha@yopmail.com,Emma.Elisha@gmail.com,Emma,developer
343,Erskine,Tina.Erskine@yopmail.com,Tina.Erskine@gmail.com,Tina,police officer
344,Bohlin,Gerianna.Bohlin@yopmail.com,Gerianna.Bohlin@gmail.com,Gerianna,doctor
345,Madox,Ileana.Madox@yopmail.com,Ileana.Madox@gmail.com,Ileana,doctor
346,Hathaway,Morganica.Hathaway@yopmail.com,Morganica.Hathaway@gmail.com,Morganica,police officer
347,Izaak,Carmela.Izaak@yopmail.com,Carmela.Izaak@gmail.com,Carmela,worker
348,Sherrie,Dorthy.Sherrie@yopmail.com,Dorthy.Sherrie@gmail.com,Dorthy,developer
349,Malvino,Hermione.Malvino@yopmail.com,Hermione.Malvino@gmail.com,Hermione,developer
350,Martguerita,Nananne.Martguerita@yopmail.com,Nananne.Martguerita@gmail.com,Nananne,developer
351,Moseley,Gusella.Moseley@yopmail.com,Gusella.Moseley@gmail.com,Gusella,developer
352,Merat,Alie.Merat@yopmail.com,Alie.Merat@gmail.com,Alie,worker
353,Phyllis,Laurene.Phyllis@yopmail.com,Laurene.Phyllis@gmail.com,Laurene,worker
354,Lail,Korrie.Lail@yopmail.com,Korrie.Lail@gmail.com,Korrie,police officer
355,Goddard,Ada.Goddard@yopmail.com,Ada.Goddard@gmail.com,Ada,police officer
356,Lea,Elvira.Lea@yopmail.com,Elvira.Lea@gmail.com,Elvira,doctor
357,Giff,Loree.Giff@yopmail.com,Loree.Giff@gmail.com,Loree,police officer
358,Berl,Melanie.Berl@yopmail.com,Melanie.Berl@gmail.com,Melanie,worker
359,Pip,Philis.Pip@yopmail.com,Philis.Pip@gmail.com,Philis,firefighter
360,Eckblad,Deedee.Eckblad@yopmail.com,Deedee.Eckblad@gmail.com,Deedee,firefighter
361,Melleta,Hyacinthe.Melleta@yopmail.com,Hyacinthe.Melleta@gmail.com,Hyacinthe,firefighter
362,Goth,Leia.Goth@yopmail.com,Leia.Goth@gmail.com,Leia,firefighter
363,Darbie,Deirdre.Darbie@yopmail.com,Deirdre.Darbie@gmail.com,Deirdre,firefighter
364,Marcellus,Kathy.Marcellus@yopmail.com,Kathy.Marcellus@gmail.com,Kathy,developer
365,Celestine,Dacia.Celestine@yopmail.com,Dacia.Celestine@gmail.com,Dacia,developer
366,Stav,Zsa Zsa.Stav@yopmail.com,Zsa Zsa.Stav@gmail.com,Zsa Zsa,doctor
367,Nester,Fawne.Nester@yopmail.com,Fawne.Nester@gmail.com,Fawne,police officer
368,Jacqui,Fanchon.Jacqui@yopmail.com,Fanchon.Jacqui@gmail.com,Fanchon,firefighter
369,Sammons,Netty.Sammons@yopmail.com,Netty.Sammons@gmail.com,Netty,doctor
370,Jerold,Joleen.Jerold@yopmail.com,Joleen.Jerold@gmail.com,Joleen,developer
371,Henrie,Joane.Henrie@yopmail.com,Joane.Henrie@gmail.com,Joane,developer
372,Dunkin,Katuscha.Dunkin@yopmail.com,Katuscha.Dunkin@gmail.com,Katuscha,doctor
373,Amand,Leanna.Amand@yopmail.com,Leanna.Amand@gmail.com,Leanna,worker
374,Zachary,Dulce.Zachary@yopmail.com,Dulce.Zachary@gmail.com,Dulce,doctor
375,Jacobah,Dulcinea.Jacobah@yopmail.com,Dulcinea.Jacobah@gmail.com,Dulcinea,police officer
376,Carey,Eadie.Carey@yopmail.com,Eadie.Carey@gmail.com,Eadie,developer
377,Ajay,Alejandra.Ajay@yopmail.com,Alejandra.Ajay@gmail.com,Alejandra,worker
378,Haerr,Bee.Haerr@yopmail.com,Bee.Haerr@gmail.com,Bee,worker
379,Gillan,Allyce.Gillan@yopmail.com,Allyce.Gillan@gmail.com,Allyce,firefighter
380,Heidt,Aimil.Heidt@yopmail.com,Aimil.Heidt@gmail.com,Aimil,police officer
381,Brenn,Dari.Brenn@yopmail.com,Dari.Brenn@gmail.com,Dari,police officer
382,Wallis,Renae.Wallis@yopmail.com,Renae.Wallis@gmail.com,Renae,firefighter
383,Rosette,Bibby.Rosette@yopmail.com,Bibby.Rosette@gmail.com,Bibby,worker
384,Arvo,Bernie.Arvo@yopmail.com,Bernie.Arvo@gmail.com,Bernie,police officer
385,Stoller,Rosene.Stoller@yopmail.com,Rosene.Stoller@gmail.com,Rosene,doctor
386,Margarete,Meghann.Margarete@yopmail.com,Meghann.Margarete@gmail.com,Meghann,police officer
387,Mauer,Mady.Mauer@yopmail.com,Mady.Mauer@gmail.com,Mady,developer
388,Helve,Margarette.Helve@yopmail.com,Margarette.Helve@gmail.com,Margarette,worker
389,Burnside,Gratia.Burnside@yopmail.com,Gratia.Burnside@gmail.com,Gratia,police officer
390,Judye,Sheelagh.Judye@yopmail.com,Sheelagh.Judye@gmail.com,Sheelagh,police officer
391,Suanne,Lanna.Suanne@yopmail.com,Lanna.Suanne@gmail.com,Lanna,developer
392,Nikaniki,Ann-Marie.Nikaniki@yopmail.com,Ann-Marie.Nikaniki@gmail.com,Ann-Marie,police officer
393,Donoghue,Sindee.Donoghue@yopmail.com,Sindee.Donoghue@gmail.com,Sindee,doctor
394,Emmy,Jacenta.Emmy@yopmail.com,Jacenta.Emmy@gmail.com,Jacenta,worker
395,Sasnett,Brynna.Sasnett@yopmail.com,Brynna.Sasnett@gmail.com,Brynna,worker
396,Ahab,Brana.Ahab@yopmail.com,Brana.Ahab@gmail.com,Brana,police officer
397,Darbie,Fina.Darbie@yopmail.com,Fina.Darbie@gmail.com,Fina,worker
398,Bow,Deloria.Bow@yopmail.com,Deloria.Bow@gmail.com,Deloria,police officer
399,Orelee,Lesly.Orelee@yopmail.com,Lesly.Orelee@gmail.com,Lesly,firefighter
400,Dowski,Nicoli.Dowski@yopmail.com,Nicoli.Dowski@gmail.com,Nicoli,doctor
401,Cutlerr,Aili.Cutlerr@yopmail.com,Aili.Cutlerr@gmail.com,Aili,developer
402,Ephrem,Tarra.Ephrem@yopmail.com,Tarra.Ephrem@gmail.com,Tarra,firefighter
403,Carleen,Angela.Carleen@yopmail.com,Angela.Carleen@gmail.com,Angela,police officer
404,Bettine,Lulita.Bettine@yopmail.com,Lulita.Bettine@gmail.com,Lulita,firefighter
405,Rillings,Emelina.Rillings@yopmail.com,Emelina.Rillings@gmail.com,Emelina,doctor
406,Viddah,Brooks.Viddah@yopmail.com,Brooks.Viddah@gmail.com,Brooks,firefighter
407,Aida,Ebonee.Aida@yopmail.com,Ebonee.Aida@gmail.com,Ebonee,worker
408,Callista,Roseline.Callista@yopmail.com,Roseline.Callista@gmail.com,Roseline,doctor
409,Orelee,Orsola.Orelee@yopmail.com,Orsola.Orelee@gmail.com,Orsola,firefighter
410,Israeli,Ethel.Israeli@yopmail.com,Ethel.Israeli@gmail.com,Ethel,doctor
411,Sadowski,Britte.Sadowski@yopmail.com,Britte.Sadowski@gmail.com,Britte,firefighter
412,Rebecka,Dode.Rebecka@yopmail.com,Dode.Rebecka@gmail.com,Dode,police officer
413,Marcellus,Corly.Marcellus@yopmail.com,Corly.Marcellus@gmail.com,Corly,doctor
414,Edison,Flo.Edison@yopmail.com,Flo.Edison@gmail.com,Flo,firefighter
415,Cornelia,Jackie.Cornelia@yopmail.com,Jackie.Cornelia@gmail.com,Jackie,police officer
416,Ilka,Dolli.Ilka@yopmail.com,Dolli.Ilka@gmail.com,Dolli,worker
417,Chauncey,Magdalena.Chauncey@yopmail.com,Magdalena.Chauncey@gmail.com,Magdalena,police officer
418,Sammons,Melina.Sammons@yopmail.com,Melina.Sammons@gmail.com,Melina,developer
419,Blake,Chere.Blake@yopmail.com,Chere.Blake@gmail.com,Chere,firefighter
420,Bord,Clary.Bord@yopmail.com,Clary.Bord@gmail.com,Clary,doctor
421,Colleen,Dacia.Colleen@yopmail.com,Dacia.Colleen@gmail.com,Dacia,police officer
422,Bord,Teriann.Bord@yopmail.com,Teriann.Bord@gmail.com,Teriann,developer
423,Ehrman,Audrie.Ehrman@yopmail.com,Audrie.Ehrman@gmail.com,Audrie,police officer
424,Annabella,Hettie.Annabella@yopmail.com,Hettie.Annabella@gmail.com,Hettie,firefighter
425,Voletta,Carmela.Voletta@yopmail.com,Carmela.Voletta@gmail.com,Carmela,firefighter
426,Dahlia,Concettina.Dahlia@yopmail.com,Concettina.Dahlia@gmail.com,Concettina,firefighter
427,Xerxes,Catrina.Xerxes@yopmail.com,Catrina.Xerxes@gmail.com,Catrina,doctor
428,Oscar,Robbi.Oscar@yopmail.com,Robbi.Oscar@gmail.com,Robbi,police officer
429,Allina,Reeba.Allina@yopmail.com,Reeba.Allina@gmail.com,Reeba,police officer
430,Cherianne,Philis.Cherianne@yopmail.com,Philis.Cherianne@gmail.com,Philis,doctor
431,Seumas,Meriel.Seumas@yopmail.com,Meriel.Seumas@gmail.com,Meriel,police officer
432,Christal,Lanae.Christal@yopmail.com,Lanae.Christal@gmail.com,Lanae,firefighter
433,Stevy,Thalia.Stevy@yopmail.com,Thalia.Stevy@gmail.com,Thalia,police officer
434,Jacinda,Fredericka.Jacinda@yopmail.com,Fredericka.Jacinda@gmail.com,Fredericka,developer
435,Jacinda,Eadie.Jacinda@yopmail.com,Eadie.Jacinda@gmail.com,Eadie,firefighter
436,Hilbert,Emmey.Hilbert@yopmail.com,Emmey.Hilbert@gmail.com,Emmey,police officer
437,Raychel,Petronia.Raychel@yopmail.com,Petronia.Raychel@gmail.com,Petronia,developer
438,Creamer,Roslyn.Creamer@yopmail.com,Roslyn.Creamer@gmail.com,Roslyn,police officer
439,Sophronia,Nataline.Sophronia@yopmail.com,Nataline.Sophronia@gmail.com,Nataline,worker
440,Hedve,Antonietta.Hedve@yopmail.com,Antonietta.Hedve@gmail.com,Antonietta,firefighter
441,Mehalek,Gabriellia.Mehalek@yopmail.com,Gabriellia.Mehalek@gmail.com,Gabriellia,worker
442,Brenn,Fidelia.Brenn@yopmail.com,Fidelia.Brenn@gmail.com,Fidelia,police officer
443,Ferino,Codie.Ferino@yopmail.com,Codie.Ferino@gmail.com,Codie,developer
444,Sholley,Kamilah.Sholley@yopmail.com,Kamilah.Sholley@gmail.com,Kamilah,worker
445,Rosette,Roz.Rosette@yopmail.com,Roz.Rosette@gmail.com,Roz,developer
446,Shaddock,Ethel.Shaddock@yopmail.com,Ethel.Shaddock@gmail.com,Ethel,worker
447,Lipson,Giustina.Lipson@yopmail.com,Giustina.Lipson@gmail.com,Giustina,doctor
448,Norvol,Quintina.Norvol@yopmail.com,Quintina.Norvol@gmail.com,Quintina,worker
449,Travax,Jolyn.Travax@yopmail.com,Jolyn.Travax@gmail.com,Jolyn,doctor
450,Eugenia,Raquela.Eugenia@yopmail.com,Raquela.Eugenia@gmail.com,Raquela,developer
451,Kannry,Alia.Kannry@yopmail.com,Alia.Kannry@gmail.com,Alia,developer
452,Noman,Gisela.Noman@yopmail.com,Gisela.Noman@gmail.com,Gisela,police officer
453,Japeth,Elmira.Japeth@yopmail.com,Elmira.Japeth@gmail.com,Elmira,developer
454,Lilas,Morganica.Lilas@yopmail.com,Morganica.Lilas@gmail.com,Morganica,doctor
455,Evvie,Zia.Evvie@yopmail.com,Zia.Evvie@gmail.com,Zia,worker
456,Ophelia,Elka.Ophelia@yopmail.com,Elka.Ophelia@gmail.com,Elka,doctor
457,Erich,Dominga.Erich@yopmail.com,Dominga.Erich@gmail.com,Dominga,doctor
458,Brady,Doralynne.Brady@yopmail.com,Doralynne.Brady@gmail.com,Doralynne,worker
459,Nester,Leia.Nester@yopmail.com,Leia.Nester@gmail.com,Leia,developer
460,Wu,Karina.Wu@yopmail.com,Karina.Wu@gmail.com,Karina,developer
461,Jillane,Letizia.Jillane@yopmail.com,Letizia.Jillane@gmail.com,Letizia,firefighter
462,Monk,Joleen.Monk@yopmail.com,Joleen.Monk@gmail.com,Joleen,firefighter
463,Vernier,Robbi.Vernier@yopmail.com,Robbi.Vernier@gmail.com,Robbi,police officer
464,Lilas,Sadie.Lilas@yopmail.com,Sadie.Lilas@gmail.com,Sadie,firefighter
465,Iphlgenia,Carly.Iphlgenia@yopmail.com,Carly.Iphlgenia@gmail.com,Carly,developer
466,Rona,Cyndie.Rona@yopmail.com,Cyndie.Rona@gmail.com,Cyndie,worker
467,Ortrude,Konstance.Ortrude@yopmail.com,Konstance.Ortrude@gmail.com,Konstance,worker
468,Karl,Sibella.Karl@yopmail.com,Sibella.Karl@gmail.com,Sibella,developer
469,Wareing,Josephine.Wareing@yopmail.com,Josephine.Wareing@gmail.com,Josephine,worker
470,Harday,Katuscha.Harday@yopmail.com,Katuscha.Harday@gmail.com,Katuscha,worker
471,Ralfston,Rozele.Ralfston@yopmail.com,Rozele.Ralfston@gmail.com,Rozele,doctor
472,Harl,Sandie.Harl@yopmail.com,Sandie.Harl@gmail.com,Sandie,developer
473,Bultman,Danny.Bultman@yopmail.com,Danny.Bultman@gmail.com,Danny,firefighter
474,Tyson,Ottilie.Tyson@yopmail.com,Ottilie.Tyson@gmail.com,Ottilie,developer
475,Cleavland,Theodora.Cleavland@yopmail.com,Theodora.Cleavland@gmail.com,Theodora,worker
476,Thar,Juliane.Thar@yopmail.com,Juliane.Thar@gmail.com,Juliane,firefighter
477,Seagraves,Malina.Seagraves@yopmail.com,Malina.Seagraves@gmail.com,Malina,developer
478,Lindemann,Madalyn.Lindemann@yopmail.com,Madalyn.Lindemann@gmail.com,Madalyn,police officer
479,Pauly,Paule.Pauly@yopmail.com,Paule.Pauly@gmail.com,Paule,police officer
480,Mintz,Selia.Mintz@yopmail.com,Selia.Mintz@gmail.com,Selia,doctor
481,Morehouse,Sophia.Morehouse@yopmail.com,Sophia.Morehouse@gmail.com,Sophia,worker
482,Gunn,Abbie.Gunn@yopmail.com,Abbie.Gunn@gmail.com,Abbie,developer
483,Emmy,Jacquetta.Emmy@yopmail.com,Jacquetta.Emmy@gmail.com,Jacquetta,worker
484,Gaal,Quintina.Gaal@yopmail.com,Quintina.Gaal@gmail.com,Quintina,worker
485,Mintz,Hollie.Mintz@yopmail.com,Hollie.Mintz@gmail.com,Hollie,doctor
486,Tannie,Leeanne.Tannie@yopmail.com,Leeanne.Tannie@gmail.com,Leeanne,developer
487,Stilwell,Kellen.Stilwell@yopmail.com,Kellen.Stilwell@gmail.com,Kellen,firefighter
488,Randene,Dorene.Randene@yopmail.com,Dorene.Randene@gmail.com,Dorene,worker
489,Mallon,Lorenza.Mallon@yopmail.com,Lorenza.Mallon@gmail.com,Lorenza,doctor
490,Pyle,Ebonee.Pyle@yopmail.com,Ebonee.Pyle@gmail.com,Ebonee,police officer
491,Etom,Yvonne.Etom@yopmail.com,Yvonne.Etom@gmail.com,Yvonne,developer
492,Kazimir,Anestassia.Kazimir@yopmail.com,Anestassia.Kazimir@gmail.com,Anestassia,doctor
493,Ajay,Rosene.Ajay@yopmail.com,Rosene.Ajay@gmail.com,Rosene,doctor
494,Harned,Cindelyn.Harned@yopmail.com,Cindelyn.Harned@gmail.com,Cindelyn,developer
495,Tatianas,Beverley.Tatianas@yopmail.com,Beverley.Tatianas@gmail.com,Beverley,police officer
496,Baylor,Nerta.Baylor@yopmail.com,Nerta.Baylor@gmail.com,Nerta,worker
497,Mike,Atlanta.Mike@yopmail.com,Atlanta.Mike@gmail.com,Atlanta,firefighter
498,Havens,Millie.Havens@yopmail.com,Millie.Havens@gmail.com,Millie,firefighter
499,Rosemary,Penelopa.Rosemary@yopmail.com,Penelopa.Rosemary@gmail.com,Penelopa,firefighter
500,Cassius,Calla.Cassius@yopmail.com,Calla.Cassius@gmail.com,Calla,worker
501,Sprage,Wanda.Sprage@yopmail.com,Wanda.Sprage@gmail.com,Wanda,worker
502,Roscoe,Amii.Roscoe@yopmail.com,Amii.Roscoe@gmail.com,Amii,worker
503,Jotham,Sara-Ann.Jotham@yopmail.com,Sara-Ann.Jotham@gmail.com,Sara-Ann,firefighter
504,Lamoree,Myrtice.Lamoree@yopmail.com,Myrtice.Lamoree@gmail.com,Myrtice,doctor
505,Georgy,Dorene.Georgy@yopmail.com,Dorene.Georgy@gmail.com,Dorene,police officer
506,Viddah,Monika.Viddah@yopmail.com,Monika.Viddah@gmail.com,Monika,firefighter
507,Cristi,Linzy.Cristi@yopmail.com,Linzy.Cristi@gmail.com,Linzy,firefighter
508,Bahr,Charissa.Bahr@yopmail.com,Charissa.Bahr@gmail.com,Charissa,developer
509,Whittaker,Flory.Whittaker@yopmail.com,Flory.Whittaker@gmail.com,Flory,doctor
510,Tayib,Roberta.Tayib@yopmail.com,Roberta.Tayib@gmail.com,Roberta,firefighter
511,Burnside,Brianna.Burnside@yopmail.com,Brianna.Burnside@gmail.com,Brianna,doctor
512,Hanshaw,Zondra.Hanshaw@yopmail.com,Zondra.Hanshaw@gmail.com,Zondra,doctor
513,Braun,Deloria.Braun@yopmail.com,Deloria.Braun@gmail.com,Deloria,police officer
514,Posner,Lynde.Posner@yopmail.com,Lynde.Posner@gmail.com,Lynde,worker
515,Gladstone,Jaime.Gladstone@yopmail.com,Jaime.Gladstone@gmail.com,Jaime,developer
516,Rooney,Phylis.Rooney@yopmail.com,Phylis.Rooney@gmail.com,Phylis,police officer
517,Donell,Gretal.Donell@yopmail.com,Gretal.Donell@gmail.com,Gretal,developer
518,Catie,Angela.Catie@yopmail.com,Angela.Catie@gmail.com,Angela,developer
519,Tengdin,Gaylene.Tengdin@yopmail.com,Gaylene.Tengdin@gmail.com,Gaylene,developer
520,Judye,Hollie.Judye@yopmail.com,Hollie.Judye@gmail.com,Hollie,worker
521,Honoria,Suzette.Honoria@yopmail.com,Suzette.Honoria@gmail.com,Suzette,firefighter
522,Bonucci,Beth.Bonucci@yopmail.com,Beth.Bonucci@gmail.com,Beth,doctor
523,Mullane,Claresta.Mullane@yopmail.com,Claresta.Mullane@gmail.com,Claresta,firefighter
524,Matthew,Sybille.Matthew@yopmail.com,Sybille.Matthew@gmail.com,Sybille,developer
525,Ammann,Zondra.Ammann@yopmail.com,Zondra.Ammann@gmail.com,Zondra,developer
526,Ferino,Alexine.Ferino@yopmail.com,Alexine.Ferino@gmail.com,Alexine,worker
527,Cleavland,Tori.Cleavland@yopmail.com,Tori.Cleavland@gmail.com,Tori,developer
528,Bashemeth,Trixi.Bashemeth@yopmail.com,Trixi.Bashemeth@gmail.com,Trixi,police officer
529,Campball,Carmela.Campball@yopmail.com,Carmela.Campball@gmail.com,Carmela,firefighter
530,Jammal,Margette.Jammal@yopmail.com,Margette.Jammal@gmail.com,Margette,worker
531,Artie,Jacenta.Artie@yopmail.com,Jacenta.Artie@gmail.com,Jacenta,doctor
532,Seessel,Kathi.Seessel@yopmail.com,Kathi.Seessel@gmail.com,Kathi,developer
533,Etom,Minne.Etom@yopmail.com,Minne.Etom@gmail.com,Minne,doctor
534,Grayce,Dorothy.Grayce@yopmail.com,Dorothy.Grayce@gmail.com,Dorothy,firefighter
535,Orpah,Winifred.Orpah@yopmail.com,Winifred.Orpah@gmail.com,Winifred,developer
536,Alice,Latisha.Alice@yopmail.com,Latisha.Alice@gmail.com,Latisha,worker
537,Hortensia,Roslyn.Hortensia@yopmail.com,Roslyn.Hortensia@gmail.com,Roslyn,developer
538,Sothena,Aubrie.Sothena@yopmail.com,Aubrie.Sothena@gmail.com,Aubrie,firefighter
539,Kalinda,Collen.Kalinda@yopmail.com,Collen.Kalinda@gmail.com,Collen,worker
540,Dosia,Fred.Dosia@yopmail.com,Fred.Dosia@gmail.com,Fred,firefighter
541,Bakerman,Willetta.Bakerman@yopmail.com,Willetta.Bakerman@gmail.com,Willetta,police officer
542,Cherianne,Chrystel.Cherianne@yopmail.com,Chrystel.Cherianne@gmail.com,Chrystel,worker
543,Allina,Millie.Allina@yopmail.com,Millie.Allina@gmail.com,Millie,police officer
544,Ezar,Halette.Ezar@yopmail.com,Halette.Ezar@gmail.com,Halette,worker
545,Guildroy,Dania.Guildroy@yopmail.com,Dania.Guildroy@gmail.com,Dania,worker
546,Raimondo,Oona.Raimondo@yopmail.com,Oona.Raimondo@gmail.com,Oona,firefighter
547,Sallyann,Olwen.Sallyann@yopmail.com,Olwen.Sallyann@gmail.com,Olwen,worker
548,Aloise,Joceline.Aloise@yopmail.com,Joceline.Aloise@gmail.com,Joceline,firefighter
549,Avi,Kara-Lynn.Avi@yopmail.com,Kara-Lynn.Avi@gmail.com,Kara-Lynn,developer
550,Annabella,Nicoli.Annabella@yopmail.com,Nicoli.Annabella@gmail.com,Nicoli,doctor
551,Gibbeon,Desirae.Gibbeon@yopmail.com,Desirae.Gibbeon@gmail.com,Desirae,firefighter
552,Aurelio,Trixi.Aurelio@yopmail.com,Trixi.Aurelio@gmail.com,Trixi,worker
553,Barbey,Donetta.Barbey@yopmail.com,Donetta.Barbey@gmail.com,Donetta,doctor
554,Randene,Kate.Randene@yopmail.com,Kate.Randene@gmail.com,Kate,worker
555,Ashok,Ginnie.Ashok@yopmail.com,Ginnie.Ashok@gmail.com,Ginnie,firefighter
556,Greyson,Lorne.Greyson@yopmail.com,Lorne.Greyson@gmail.com,Lorne,worker
557,Cleo,Chickie.Cleo@yopmail.com,Chickie.Cleo@gmail.com,Chickie,worker
558,Posner,Ethel.Posner@yopmail.com,Ethel.Posner@gmail.com,Ethel,police officer
559,Carbo,Esmeralda.Carbo@yopmail.com,Esmeralda.Carbo@gmail.com,Esmeralda,firefighter
560,Waldron,Harrietta.Waldron@yopmail.com,Harrietta.Waldron@gmail.com,Harrietta,developer
561,Colleen,Dolli.Colleen@yopmail.com,Dolli.Colleen@gmail.com,Dolli,police officer
562,Raychel,Shirlee.Raychel@yopmail.com,Shirlee.Raychel@gmail.com,Shirlee,worker
563,Lory,Aeriela.Lory@yopmail.com,Aeriela.Lory@gmail.com,Aeriela,developer
564,Medrek,Cindelyn.Medrek@yopmail.com,Cindelyn.Medrek@gmail.com,Cindelyn,firefighter
565,Vanni,Leona.Vanni@yopmail.com,Leona.Vanni@gmail.com,Leona,developer
566,Bettine,Maryellen.Bettine@yopmail.com,Maryellen.Bettine@gmail.com,Maryellen,worker
567,Brotherson,Demetris.Brotherson@yopmail.com,Demetris.Brotherson@gmail.com,Demetris,doctor
568,Liva,Chere.Liva@yopmail.com,Chere.Liva@gmail.com,Chere,worker
569,Malvino,Eadie.Malvino@yopmail.com,Eadie.Malvino@gmail.com,Eadie,police officer
570,Narton,Madelle.Narton@yopmail.com,Madelle.Narton@gmail.com,Madelle,developer
571,Thar,Dede.Thar@yopmail.com,Dede.Thar@gmail.com,Dede,doctor
572,Sherrie,Alisha.Sherrie@yopmail.com,Alisha.Sherrie@gmail.com,Alisha,firefighter
573,Meter,Gertrud.Meter@yopmail.com,Gertrud.Meter@gmail.com,Gertrud,police officer
574,Merat,Genovera.Merat@yopmail.com,Genovera.Merat@gmail.com,Genovera,worker
575,Birdella,Kirstin.Birdella@yopmail.com,Kirstin.Birdella@gmail.com,Kirstin,developer
576,Autrey,Kathi.Autrey@yopmail.com,Kathi.Autrey@gmail.com,Kathi,developer
577,Merna,Luci.Merna@yopmail.com,Luci.Merna@gmail.com,Luci,developer
578,Vary,Fredericka.Vary@yopmail.com,Fredericka.Vary@gmail.com,Fredericka,police officer
579,Roarke,Babita.Roarke@yopmail.com,Babita.Roarke@gmail.com,Babita,police officer
580,Ramona,Nickie.Ramona@yopmail.com,Nickie.Ramona@gmail.com,Nickie,firefighter
581,Jagir,Madeleine.Jagir@yopmail.com,Madeleine.Jagir@gmail.com,Madeleine,police officer
582,Laverne,Corly.Laverne@yopmail.com,Corly.Laverne@gmail.com,Corly,police officer
583,Kinnard,Celisse.Kinnard@yopmail.com,Celisse.Kinnard@gmail.com,Celisse,police officer
584,Mathilde,Elbertina.Mathilde@yopmail.com,Elbertina.Mathilde@gmail.com,Elbertina,worker
585,Wallis,Gwyneth.Wallis@yopmail.com,Gwyneth.Wallis@gmail.com,Gwyneth,developer
586,Stefa,Carilyn.Stefa@yopmail.com,Carilyn.Stefa@gmail.com,Carilyn,worker
587,Wenda,Sharai.Wenda@yopmail.com,Sharai.Wenda@gmail.com,Sharai,worker
588,Ariella,Tamqrah.Ariella@yopmail.com,Tamqrah.Ariella@gmail.com,Tamqrah,firefighter
589,Granoff,Lorenza.Granoff@yopmail.com,Lorenza.Granoff@gmail.com,Lorenza,firefighter
590,Desai,Tarra.Desai@yopmail.com,Tarra.Desai@gmail.com,Tarra,police officer
591,Leffen,Molli.Leffen@yopmail.com,Molli.Leffen@gmail.com,Molli,doctor
592,Havens,Maryellen.Havens@yopmail.com,Maryellen.Havens@gmail.com,Maryellen,police officer
593,Ricarda,Dominga.Ricarda@yopmail.com,Dominga.Ricarda@gmail.com,Dominga,developer
594,Diogenes,Brooks.Diogenes@yopmail.com,Brooks.Diogenes@gmail.com,Brooks,doctor
595,Rooney,Kelly.Rooney@yopmail.com,Kelly.Rooney@gmail.com,Kelly,developer
596,Ludewig,Daphne.Ludewig@yopmail.com,Daphne.Ludewig@gmail.com,Daphne,developer
597,Rillings,Allyce.Rillings@yopmail.com,Allyce.Rillings@gmail.com,Allyce,doctor
598,Sinegold,Aeriela.Sinegold@yopmail.com,Aeriela.Sinegold@gmail.com,Aeriela,worker
599,Cynar,Rubie.Cynar@yopmail.com,Rubie.Cynar@gmail.com,Rubie,firefighter
600,Bartlett,Jenda.Bartlett@yopmail.com,Jenda.Bartlett@gmail.com,Jenda,firefighter
601,August,Shell.August@yopmail.com,Shell.August@gmail.com,Shell,developer
602,Hortensia,Rosene.Hortensia@yopmail.com,Rosene.Hortensia@gmail.com,Rosene,developer
603,Thad,Arabel.Thad@yopmail.com,Arabel.Thad@gmail.com,Arabel,firefighter
604,Cordi,Mildrid.Cordi@yopmail.com,Mildrid.Cordi@gmail.com,Mildrid,police officer
605,Mott,Dacia.Mott@yopmail.com,Dacia.Mott@gmail.com,Dacia,worker
606,Lowry,Darlleen.Lowry@yopmail.com,Darlleen.Lowry@gmail.com,Darlleen,firefighter
607,Beebe,Julieta.Beebe@yopmail.com,Julieta.Beebe@gmail.com,Julieta,firefighter
608,Bandeen,Silvana.Bandeen@yopmail.com,Silvana.Bandeen@gmail.com,Silvana,developer
609,Chabot,Dione.Chabot@yopmail.com,Dione.Chabot@gmail.com,Dione,doctor
610,Raychel,Florie.Raychel@yopmail.com,Florie.Raychel@gmail.com,Florie,developer
611,Forrer,Clo.Forrer@yopmail.com,Clo.Forrer@gmail.com,Clo,doctor
612,Zrike,Di.Zrike@yopmail.com,Di.Zrike@gmail.com,Di,police officer
613,Cohdwell,Marcy.Cohdwell@yopmail.com,Marcy.Cohdwell@gmail.com,Marcy,developer
614,Brackely,Josephine.Brackely@yopmail.com,Josephine.Brackely@gmail.com,Josephine,police officer
615,Dielu,Emmey.Dielu@yopmail.com,Emmey.Dielu@gmail.com,Emmey,worker
616,Nicoline,Wendi.Nicoline@yopmail.com,Wendi.Nicoline@gmail.com,Wendi,police officer
617,Ackerley,Tybie.Ackerley@yopmail.com,Tybie.Ackerley@gmail.com,Tybie,worker
618,Erminia,Catrina.Erminia@yopmail.com,Catrina.Erminia@gmail.com,Catrina,developer
619,Alejoa,Orsola.Alejoa@yopmail.com,Orsola.Alejoa@gmail.com,Orsola,doctor
620,Schenck,Cindelyn.Schenck@yopmail.com,Cindelyn.Schenck@gmail.com,Cindelyn,worker
621,Lynn,Christy.Lynn@yopmail.com,Christy.Lynn@gmail.com,Christy,worker
622,Payson,Amara.Payson@yopmail.com,Amara.Payson@gmail.com,Amara,police officer
623,Diogenes,Rosanne.Diogenes@yopmail.com,Rosanne.Diogenes@gmail.com,Rosanne,worker
624,Wiener,Janeczka.Wiener@yopmail.com,Janeczka.Wiener@gmail.com,Janeczka,police officer
625,Jaylene,Latisha.Jaylene@yopmail.com,Latisha.Jaylene@gmail.com,Latisha,doctor
626,Winnick,Anica.Winnick@yopmail.com,Anica.Winnick@gmail.com,Anica,firefighter
627,Olnee,Pearline.Olnee@yopmail.com,Pearline.Olnee@gmail.com,Pearline,worker
628,Junie,Beatriz.Junie@yopmail.com,Beatriz.Junie@gmail.com,Beatriz,doctor
629,Syd,Briney.Syd@yopmail.com,Briney.Syd@gmail.com,Briney,worker
630,Gombach,Darlleen.Gombach@yopmail.com,Darlleen.Gombach@gmail.com,Darlleen,police officer
631,Christine,Deloria.Christine@yopmail.com,Deloria.Christine@gmail.com,Deloria,firefighter
632,Kolnick,Brooks.Kolnick@yopmail.com,Brooks.Kolnick@gmail.com,Brooks,police officer
633,August,Claresta.August@yopmail.com,Claresta.August@gmail.com,Claresta,worker
634,Oscar,Katleen.Oscar@yopmail.com,Katleen.Oscar@gmail.com,Katleen,firefighter
635,Edee,Kittie.Edee@yopmail.com,Kittie.Edee@gmail.com,Kittie,worker
636,Iiette,Wynne.Iiette@yopmail.com,Wynne.Iiette@gmail.com,Wynne,firefighter
637,Behre,Lynde.Behre@yopmail.com,Lynde.Behre@gmail.com,Lynde,worker
638,Durante,Sam.Durante@yopmail.com,Sam.Durante@gmail.com,Sam,developer
639,Peg,Rivalee.Peg@yopmail.com,Rivalee.Peg@gmail.com,Rivalee,firefighter
640,Ludewig,Dacia.Ludewig@yopmail.com,Dacia.Ludewig@gmail.com,Dacia,developer
641,Madox,Sharlene.Madox@yopmail.com,Sharlene.Madox@gmail.com,Sharlene,police officer
642,Malanie,Cassondra.Malanie@yopmail.com,Cassondra.Malanie@gmail.com,Cassondra,doctor
643,Berard,Arlina.Berard@yopmail.com,Arlina.Berard@gmail.com,Arlina,firefighter
644,Irmine,Marcelline.Irmine@yopmail.com,Marcelline.Irmine@gmail.com,Marcelline,doctor
645,Naor,Candy.Naor@yopmail.com,Candy.Naor@gmail.com,Candy,worker
646,Read,Rayna.Read@yopmail.com,Rayna.Read@gmail.com,Rayna,developer
647,Gower,Nessie.Gower@yopmail.com,Nessie.Gower@gmail.com,Nessie,worker
648,Tjon,Lolita.Tjon@yopmail.com,Lolita.Tjon@gmail.com,Lolita,firefighter
649,Florina,Mahalia.Florina@yopmail.com,Mahalia.Florina@gmail.com,Mahalia,police officer
650,Tremayne,Jerry.Tremayne@yopmail.com,Jerry.Tremayne@gmail.com,Jerry,doctor
651,Greenwald,Claudina.Greenwald@yopmail.com,Claudina.Greenwald@gmail.com,Claudina,police officer
652,Oster,Frieda.Oster@yopmail.com,Frieda.Oster@gmail.com,Frieda,worker
653,Havens,Karolina.Havens@yopmail.com,Karolina.Havens@gmail.com,Karolina,doctor
654,Audly,Doro.Audly@yopmail.com,Doro.Audly@gmail.com,Doro,firefighter
655,Gale,Althea.Gale@yopmail.com,Althea.Gale@gmail.com,Althea,developer
656,Bashemeth,Maurene.Bashemeth@yopmail.com,Maurene.Bashemeth@gmail.com,Maurene,developer
657,Colbert,Sibella.Colbert@yopmail.com,Sibella.Colbert@gmail.com,Sibella,doctor
658,Sinegold,Olwen.Sinegold@yopmail.com,Olwen.Sinegold@gmail.com,Olwen,doctor
659,Cristi,Darci.Cristi@yopmail.com,Darci.Cristi@gmail.com,Darci,police officer
660,Faro,Tabbatha.Faro@yopmail.com,Tabbatha.Faro@gmail.com,Tabbatha,police officer
661,Doig,Hayley.Doig@yopmail.com,Hayley.Doig@gmail.com,Hayley,police officer
662,Fairweather,Anica.Fairweather@yopmail.com,Anica.Fairweather@gmail.com,Anica,firefighter
663,Publia,Fredericka.Publia@yopmail.com,Fredericka.Publia@gmail.com,Fredericka,doctor
664,Leonard,Noelle.Leonard@yopmail.com,Noelle.Leonard@gmail.com,Noelle,worker
665,Dannye,Fredericka.Dannye@yopmail.com,Fredericka.Dannye@gmail.com,Fredericka,worker
666,Pettiford,Clary.Pettiford@yopmail.com,Clary.Pettiford@gmail.com,Clary,developer
667,Brady,Maud.Brady@yopmail.com,Maud.Brady@gmail.com,Maud,worker
668,Kirbee,Jenda.Kirbee@yopmail.com,Jenda.Kirbee@gmail.com,Jenda,police officer
669,Simmonds,Calla.Simmonds@yopmail.com,Calla.Simmonds@gmail.com,Calla,firefighter
670,Brotherson,Kaia.Brotherson@yopmail.com,Kaia.Brotherson@gmail.com,Kaia,police officer
671,Adalbert,Margalo.Adalbert@yopmail.com,Margalo.Adalbert@gmail.com,Margalo,doctor
672,Firmin,Emelina.Firmin@yopmail.com,Emelina.Firmin@gmail.com,Emelina,developer
673,Wu,Henriette.Wu@yopmail.com,Henriette.Wu@gmail.com,Henriette,doctor
674,Podvin,Zaria.Podvin@yopmail.com,Zaria.Podvin@gmail.com,Zaria,developer
675,Couture,Emma.Couture@yopmail.com,Emma.Couture@gmail.com,Emma,police officer
676,Garbe,Karlee.Garbe@yopmail.com,Karlee.Garbe@gmail.com,Karlee,worker
677,Talia,Amelia.Talia@yopmail.com,Amelia.Talia@gmail.com,Amelia,police officer
678,Rooney,Adele.Rooney@yopmail.com,Adele.Rooney@gmail.com,Adele,doctor
679,Guildroy,Ashlee.Guildroy@yopmail.com,Ashlee.Guildroy@gmail.com,Ashlee,firefighter
680,Schlosser,Chere.Schlosser@yopmail.com,Chere.Schlosser@gmail.com,Chere,police officer
681,Neils,Kaja.Neils@yopmail.com,Kaja.Neils@gmail.com,Kaja,worker
682,Harriman,Lily.Harriman@yopmail.com,Lily.Harriman@gmail.com,Lily,worker
683,Wenoa,Lynnea.Wenoa@yopmail.com,Lynnea.Wenoa@gmail.com,Lynnea,firefighter
684,Morrill,Aryn.Morrill@yopmail.com,Aryn.Morrill@gmail.com,Aryn,developer
685,Faso,Kaia.Faso@yopmail.com,Kaia.Faso@gmail.com,Kaia,worker
686,Keelia,Gabi.Keelia@yopmail.com,Gabi.Keelia@gmail.com,Gabi,firefighter
687,Pearse,Desirae.Pearse@yopmail.com,Desirae.Pearse@gmail.com,Desirae,police officer
688,Atcliffe,Linzy.Atcliffe@yopmail.com,Linzy.Atcliffe@gmail.com,Linzy,developer
689,Haldas,Hannis.Haldas@yopmail.com,Hannis.Haldas@gmail.com,Hannis,doctor
690,Nerita,Amelia.Nerita@yopmail.com,Amelia.Nerita@gmail.com,Amelia,worker
691,Travax,Rebeca.Travax@yopmail.com,Rebeca.Travax@gmail.com,Rebeca,police officer
692,Ovid,Cathie.Ovid@yopmail.com,Cathie.Ovid@gmail.com,Cathie,worker
693,Narton,Binny.Narton@yopmail.com,Binny.Narton@gmail.com,Binny,developer
694,Fabiola,Vivia.Fabiola@yopmail.com,Vivia.Fabiola@gmail.com,Vivia,doctor
695,Liebermann,Bobbi.Liebermann@yopmail.com,Bobbi.Liebermann@gmail.com,Bobbi,worker
696,Strephon,Madalyn.Strephon@yopmail.com,Madalyn.Strephon@gmail.com,Madalyn,worker
697,Giff,Hannis.Giff@yopmail.com,Hannis.Giff@gmail.com,Hannis,worker
698,Gilbertson,Ekaterina.Gilbertson@yopmail.com,Ekaterina.Gilbertson@gmail.com,Ekaterina,developer
699,Rustice,Rochette.Rustice@yopmail.com,Rochette.Rustice@gmail.com,Rochette,developer
700,Havens,Melina.Havens@yopmail.com,Melina.Havens@gmail.com,Melina,firefighter
701,Sikorski,Marsiella.Sikorski@yopmail.com,Marsiella.Sikorski@gmail.com,Marsiella,doctor
702,Terencio,Atlanta.Terencio@yopmail.com,Atlanta.Terencio@gmail.com,Atlanta,doctor
703,Lorain,Patricia.Lorain@yopmail.com,Patricia.Lorain@gmail.com,Patricia,firefighter
704,Elo,Ardenia.Elo@yopmail.com,Ardenia.Elo@gmail.com,Ardenia,worker
705,Pearse,Elmira.Pearse@yopmail.com,Elmira.Pearse@gmail.com,Elmira,worker
706,Billye,Carol-Jean.Billye@yopmail.com,Carol-Jean.Billye@gmail.com,Carol-Jean,firefighter
707,Killigrew,Cherrita.Killigrew@yopmail.com,Cherrita.Killigrew@gmail.com,Cherrita,police officer
708,Redmond,Andree.Redmond@yopmail.com,Andree.Redmond@gmail.com,Andree,police officer
709,Nikaniki,Chere.Nikaniki@yopmail.com,Chere.Nikaniki@gmail.com,Chere,developer
710,Truc,Binny.Truc@yopmail.com,Binny.Truc@gmail.com,Binny,doctor
711,Carri,Melanie.Carri@yopmail.com,Melanie.Carri@gmail.com,Melanie,firefighter
712,Hedve,Elena.Hedve@yopmail.com,Elena.Hedve@gmail.com,Elena,worker
713,Fabiola,Cecile.Fabiola@yopmail.com,Cecile.Fabiola@gmail.com,Cecile,police officer
714,Terrence,Vinita.Terrence@yopmail.com,Vinita.Terrence@gmail.com,Vinita,doctor
715,Wallis,Lexine.Wallis@yopmail.com,Lexine.Wallis@gmail.com,Lexine,developer
716,Nicoline,Ingrid.Nicoline@yopmail.com,Ingrid.Nicoline@gmail.com,Ingrid,police officer
717,Stefa,Mignon.Stefa@yopmail.com,Mignon.Stefa@gmail.com,Mignon,police officer
718,Rolf,Madelle.Rolf@yopmail.com,Madelle.Rolf@gmail.com,Madelle,doctor
719,Terrence,Basia.Terrence@yopmail.com,Basia.Terrence@gmail.com,Basia,police officer
720,Jammal,Brianna.Jammal@yopmail.com,Brianna.Jammal@gmail.com,Brianna,police officer
721,Kristi,Lily.Kristi@yopmail.com,Lily.Kristi@gmail.com,Lily,worker
722,Madaih,Kaja.Madaih@yopmail.com,Kaja.Madaih@gmail.com,Kaja,developer
723,Jotham,Gusella.Jotham@yopmail.com,Gusella.Jotham@gmail.com,Gusella,firefighter
724,Guildroy,Donetta.Guildroy@yopmail.com,Donetta.Guildroy@gmail.com,Donetta,developer
725,Bearnard,Korrie.Bearnard@yopmail.com,Korrie.Bearnard@gmail.com,Korrie,firefighter
726,Hewitt,Fidelia.Hewitt@yopmail.com,Fidelia.Hewitt@gmail.com,Fidelia,developer
727,Jethro,Dulcinea.Jethro@yopmail.com,Dulcinea.Jethro@gmail.com,Dulcinea,police officer
728,Means,Marleah.Means@yopmail.com,Marleah.Means@gmail.com,Marleah,firefighter
729,Maisey,Jinny.Maisey@yopmail.com,Jinny.Maisey@gmail.com,Jinny,firefighter
730,Yam,Elyssa.Yam@yopmail.com,Elyssa.Yam@gmail.com,Elyssa,worker
731,Olnee,Andeee.Olnee@yopmail.com,Andeee.Olnee@gmail.com,Andeee,police officer
732,Newell,Corene.Newell@yopmail.com,Corene.Newell@gmail.com,Corene,firefighter
733,Marsden,Cyb.Marsden@yopmail.com,Cyb.Marsden@gmail.com,Cyb,police officer
734,Arathorn,Lilith.Arathorn@yopmail.com,Lilith.Arathorn@gmail.com,Lilith,doctor
735,Romelda,Flory.Romelda@yopmail.com,Flory.Romelda@gmail.com,Flory,worker
736,Fiann,Cindelyn.Fiann@yopmail.com,Cindelyn.Fiann@gmail.com,Cindelyn,worker
737,Angelis,Alisha.Angelis@yopmail.com,Alisha.Angelis@gmail.com,Alisha,doctor
738,Brady,Maisey.Brady@yopmail.com,Maisey.Brady@gmail.com,Maisey,worker
739,Ahab,Hildegaard.Ahab@yopmail.com,Hildegaard.Ahab@gmail.com,Hildegaard,doctor
740,Auberbach,Ofilia.Auberbach@yopmail.com,Ofilia.Auberbach@gmail.com,Ofilia,doctor
741,Francene,Melisent.Francene@yopmail.com,Melisent.Francene@gmail.com,Melisent,worker
742,Leopold,Minda.Leopold@yopmail.com,Minda.Leopold@gmail.com,Minda,worker
743,Jeanne,Sallie.Jeanne@yopmail.com,Sallie.Jeanne@gmail.com,Sallie,police officer
744,Dulciana,Kayla.Dulciana@yopmail.com,Kayla.Dulciana@gmail.com,Kayla,doctor
745,Annice,Ronna.Annice@yopmail.com,Ronna.Annice@gmail.com,Ronna,worker
746,Campball,Rochette.Campball@yopmail.com,Rochette.Campball@gmail.com,Rochette,firefighter
747,Isacco,Alyssa.Isacco@yopmail.com,Alyssa.Isacco@gmail.com,Alyssa,doctor
748,My,Fanny.My@yopmail.com,Fanny.My@gmail.com,Fanny,worker
749,Merell,Lorne.Merell@yopmail.com,Lorne.Merell@gmail.com,Lorne,firefighter
750,Milson,Sheelagh.Milson@yopmail.com,Sheelagh.Milson@gmail.com,Sheelagh,police officer
751,Cordi,Ada.Cordi@yopmail.com,Ada.Cordi@gmail.com,Ada,developer
752,Narton,Riannon.Narton@yopmail.com,Riannon.Narton@gmail.com,Riannon,developer
753,Lesley,Johna.Lesley@yopmail.com,Johna.Lesley@gmail.com,Johna,worker
754,Alwin,Giustina.Alwin@yopmail.com,Giustina.Alwin@gmail.com,Giustina,doctor
755,Rebecka,Netty.Rebecka@yopmail.com,Netty.Rebecka@gmail.com,Netty,worker
756,Lilas,Therine.Lilas@yopmail.com,Therine.Lilas@gmail.com,Therine,worker
757,Lenny,Kenna.Lenny@yopmail.com,Kenna.Lenny@gmail.com,Kenna,firefighter
758,Secrest,Moyna.Secrest@yopmail.com,Moyna.Secrest@gmail.com,Moyna,developer
759,Quinn,Christian.Quinn@yopmail.com,Christian.Quinn@gmail.com,Christian,worker
760,Revkah,Asia.Revkah@yopmail.com,Asia.Revkah@gmail.com,Asia,doctor
761,Huggins,Bibby.Huggins@yopmail.com,Bibby.Huggins@gmail.com,Bibby,developer
762,Brittani,Fernande.Brittani@yopmail.com,Fernande.Brittani@gmail.com,Fernande,doctor
763,Atonsah,Morganica.Atonsah@yopmail.com,Morganica.Atonsah@gmail.com,Morganica,developer
764,Arne,Reeba.Arne@yopmail.com,Reeba.Arne@gmail.com,Reeba,police officer
765,Swigart,Annice.Swigart@yopmail.com,Annice.Swigart@gmail.com,Annice,developer
766,Stav,Alie.Stav@yopmail.com,Alie.Stav@gmail.com,Alie,police officer
767,Carolin,Janis.Carolin@yopmail.com,Janis.Carolin@gmail.com,Janis,firefighter
768,Maiah,Ariela.Maiah@yopmail.com,Ariela.Maiah@gmail.com,Ariela,developer
769,Carvey,Sophia.Carvey@yopmail.com,Sophia.Carvey@gmail.com,Sophia,developer
770,Tufts,Jordan.Tufts@yopmail.com,Jordan.Tufts@gmail.com,Jordan,worker
771,Skurnik,Pierette.Skurnik@yopmail.com,Pierette.Skurnik@gmail.com,Pierette,developer
772,Ilka,Etta.Ilka@yopmail.com,Etta.Ilka@gmail.com,Etta,developer
773,Stacy,Maurene.Stacy@yopmail.com,Maurene.Stacy@gmail.com,Maurene,developer
774,Terrence,Etta.Terrence@yopmail.com,Etta.Terrence@gmail.com,Etta,worker
775,O'Rourke,Dode.O'Rourke@yopmail.com,Dode.O'Rourke@gmail.com,Dode,worker
776,Eachern,Ashlee.Eachern@yopmail.com,Ashlee.Eachern@gmail.com,Ashlee,developer
777,Lanita,Esmeralda.Lanita@yopmail.com,Esmeralda.Lanita@gmail.com,Esmeralda,worker
778,Yusuk,Tina.Yusuk@yopmail.com,Tina.Yusuk@gmail.com,Tina,firefighter
779,Halsey,Cordi.Halsey@yopmail.com,Cordi.Halsey@gmail.com,Cordi,worker
780,Rosette,Karly.Rosette@yopmail.com,Karly.Rosette@gmail.com,Karly,police officer
781,Sheedy,Lexine.Sheedy@yopmail.com,Lexine.Sheedy@gmail.com,Lexine,worker
782,Maryanne,Nickie.Maryanne@yopmail.com,Nickie.Maryanne@gmail.com,Nickie,developer
783,Burnside,Corina.Burnside@yopmail.com,Corina.Burnside@gmail.com,Corina,firefighter
784,Maiah,Gwyneth.Maiah@yopmail.com,Gwyneth.Maiah@gmail.com,Gwyneth,firefighter
785,Leffen,Ezmeralda.Leffen@yopmail.com,Ezmeralda.Leffen@gmail.com,Ezmeralda,police officer
786,Hubert,Karlee.Hubert@yopmail.com,Karlee.Hubert@gmail.com,Karlee,doctor
787,Medrek,Joelly.Medrek@yopmail.com,Joelly.Medrek@gmail.com,Joelly,developer
788,Bettine,Demetris.Bettine@yopmail.com,Demetris.Bettine@gmail.com,Demetris,worker
789,Amadas,Jaclyn.Amadas@yopmail.com,Jaclyn.Amadas@gmail.com,Jaclyn,doctor
790,Armanda,Lenna.Armanda@yopmail.com,Lenna.Armanda@gmail.com,Lenna,police officer
791,Olympium,Sherrie.Olympium@yopmail.com,Sherrie.Olympium@gmail.com,Sherrie,doctor
792,Gilbertson,Charissa.Gilbertson@yopmail.com,Charissa.Gilbertson@gmail.com,Charissa,police officer
793,Azeria,Karina.Azeria@yopmail.com,Karina.Azeria@gmail.com,Karina,developer
794,Faust,Ernesta.Faust@yopmail.com,Ernesta.Faust@gmail.com,Ernesta,worker
795,Izaak,Alisha.Izaak@yopmail.com,Alisha.Izaak@gmail.com,Alisha,developer
796,Pierette,Gretal.Pierette@yopmail.com,Gretal.Pierette@gmail.com,Gretal,developer
797,Ursulette,Jorry.Ursulette@yopmail.com,Jorry.Ursulette@gmail.com,Jorry,doctor
798,Charmine,Lorne.Charmine@yopmail.com,Lorne.Charmine@gmail.com,Lorne,worker
799,Schroth,Rubie.Schroth@yopmail.com,Rubie.Schroth@gmail.com,Rubie,police officer
800,Charmine,Tamqrah.Charmine@yopmail.com,Tamqrah.Charmine@gmail.com,Tamqrah,firefighter
801,Autrey,Corina.Autrey@yopmail.com,Corina.Autrey@gmail.com,Corina,police officer
802,Saint,Cacilie.Saint@yopmail.com,Cacilie.Saint@gmail.com,Cacilie,worker
803,Weinreb,Malina.Weinreb@yopmail.com,Malina.Weinreb@gmail.com,Malina,firefighter
804,Tufts,Maridel.Tufts@yopmail.com,Maridel.Tufts@gmail.com,Maridel,police officer
805,Karl,Johna.Karl@yopmail.com,Johna.Karl@gmail.com,Johna,developer
806,Gunn,Malina.Gunn@yopmail.com,Malina.Gunn@gmail.com,Malina,firefighter
807,Ader,Reeba.Ader@yopmail.com,Reeba.Ader@gmail.com,Reeba,doctor
808,Melleta,Kirstin.Melleta@yopmail.com,Kirstin.Melleta@gmail.com,Kirstin,police officer
809,Anderea,Nyssa.Anderea@yopmail.com,Nyssa.Anderea@gmail.com,Nyssa,doctor
810,Chem,Nickie.Chem@yopmail.com,Nickie.Chem@gmail.com,Nickie,firefighter
811,Claudine,Louella.Claudine@yopmail.com,Louella.Claudine@gmail.com,Louella,doctor
812,Vacuva,Nonnah.Vacuva@yopmail.com,Nonnah.Vacuva@gmail.com,Nonnah,firefighter
813,Hedve,Chloris.Hedve@yopmail.com,Chloris.Hedve@gmail.com,Chloris,developer
814,Peonir,Miquela.Peonir@yopmail.com,Miquela.Peonir@gmail.com,Miquela,firefighter
815,Amasa,Marguerite.Amasa@yopmail.com,Marguerite.Amasa@gmail.com,Marguerite,firefighter
816,Parette,Rori.Parette@yopmail.com,Rori.Parette@gmail.com,Rori,doctor
817,Baylor,Kellen.Baylor@yopmail.com,Kellen.Baylor@gmail.com,Kellen,developer
818,Keily,Pierette.Keily@yopmail.com,Pierette.Keily@gmail.com,Pierette,doctor
819,Elephus,Meghann.Elephus@yopmail.com,Meghann.Elephus@gmail.com,Meghann,police officer
820,Norvol,Kittie.Norvol@yopmail.com,Kittie.Norvol@gmail.com,Kittie,police officer
821,Rubie,Paule.Rubie@yopmail.com,Paule.Rubie@gmail.com,Paule,doctor
822,Catie,Ira.Catie@yopmail.com,Ira.Catie@gmail.com,Ira,worker
823,Allare,Sindee.Allare@yopmail.com,Sindee.Allare@gmail.com,Sindee,worker
824,Anselmi,Annice.Anselmi@yopmail.com,Annice.Anselmi@gmail.com,Annice,police officer
825,Dudley,Correy.Dudley@yopmail.com,Correy.Dudley@gmail.com,Correy,doctor
826,Joeann,Kassey.Joeann@yopmail.com,Kassey.Joeann@gmail.com,Kassey,firefighter
827,Dunkin,Bettine.Dunkin@yopmail.com,Bettine.Dunkin@gmail.com,Bettine,developer
828,Roumell,Kathy.Roumell@yopmail.com,Kathy.Roumell@gmail.com,Kathy,worker
829,Eliathas,Fina.Eliathas@yopmail.com,Fina.Eliathas@gmail.com,Fina,police officer
830,Roumell,Laure.Roumell@yopmail.com,Laure.Roumell@gmail.com,Laure,developer
831,Ludewig,Alisha.Ludewig@yopmail.com,Alisha.Ludewig@gmail.com,Alisha,developer
832,Philoo,Bernardine.Philoo@yopmail.com,Bernardine.Philoo@gmail.com,Bernardine,developer
833,Elvyn,Nananne.Elvyn@yopmail.com,Nananne.Elvyn@gmail.com,Nananne,worker
834,Howlyn,Marti.Howlyn@yopmail.com,Marti.Howlyn@gmail.com,Marti,firefighter
835,Laverne,Karolina.Laverne@yopmail.com,Karolina.Laverne@gmail.com,Karolina,doctor
836,Ralfston,Oralee.Ralfston@yopmail.com,Oralee.Ralfston@gmail.com,Oralee,firefighter
837,Pascia,Lanae.Pascia@yopmail.com,Lanae.Pascia@gmail.com,Lanae,doctor
838,Wooster,Christian.Wooster@yopmail.com,Christian.Wooster@gmail.com,Christian,firefighter
839,Seligman,Janenna.Seligman@yopmail.com,Janenna.Seligman@gmail.com,Janenna,doctor
840,Greyson,Gwenneth.Greyson@yopmail.com,Gwenneth.Greyson@gmail.com,Gwenneth,doctor
841,Kermit,Lacie.Kermit@yopmail.com,Lacie.Kermit@gmail.com,Lacie,police officer
842,Autrey,Susan.Autrey@yopmail.com,Susan.Autrey@gmail.com,Susan,firefighter
843,Keily,Tressa.Keily@yopmail.com,Tressa.Keily@gmail.com,Tressa,doctor
844,Laverne,Yvonne.Laverne@yopmail.com,Yvonne.Laverne@gmail.com,Yvonne,firefighter
845,Hubert,Amii.Hubert@yopmail.com,Amii.Hubert@gmail.com,Amii,worker
846,Serilda,Sallie.Serilda@yopmail.com,Sallie.Serilda@gmail.com,Sallie,firefighter
847,Emmaline,Adelle.Emmaline@yopmail.com,Adelle.Emmaline@gmail.com,Adelle,worker
848,Stevy,Bee.Stevy@yopmail.com,Bee.Stevy@gmail.com,Bee,police officer
849,Corilla,Kerrin.Corilla@yopmail.com,Kerrin.Corilla@gmail.com,Kerrin,police officer
850,Kermit,Elka.Kermit@yopmail.com,Elka.Kermit@gmail.com,Elka,police officer
851,Poppy,Gwenneth.Poppy@yopmail.com,Gwenneth.Poppy@gmail.com,Gwenneth,doctor
852,Revkah,Brynna.Revkah@yopmail.com,Brynna.Revkah@gmail.com,Brynna,developer
853,Allina,Deloria.Allina@yopmail.com,Deloria.Allina@gmail.com,Deloria,worker
854,Montgomery,Jaclyn.Montgomery@yopmail.com,Jaclyn.Montgomery@gmail.com,Jaclyn,doctor
855,Iphlgenia,Asia.Iphlgenia@yopmail.com,Asia.Iphlgenia@gmail.com,Asia,police officer
856,Adrienne,Cathie.Adrienne@yopmail.com,Cathie.Adrienne@gmail.com,Cathie,police officer
857,Vale,Rosaline.Vale@yopmail.com,Rosaline.Vale@gmail.com,Rosaline,worker
858,Azeria,Caryl.Azeria@yopmail.com,Caryl.Azeria@gmail.com,Caryl,doctor
859,Lilybelle,Selia.Lilybelle@yopmail.com,Selia.Lilybelle@gmail.com,Selia,police officer
860,Tengdin,Ninnetta.Tengdin@yopmail.com,Ninnetta.Tengdin@gmail.com,Ninnetta,developer
861,Destinee,Frieda.Destinee@yopmail.com,Frieda.Destinee@gmail.com,Frieda,worker
862,Lissi,Tomasina.Lissi@yopmail.com,Tomasina.Lissi@gmail.com,Tomasina,doctor
863,Michella,Dulce.Michella@yopmail.com,Dulce.Michella@gmail.com,Dulce,worker
864,Campball,Tatiania.Campball@yopmail.com,Tatiania.Campball@gmail.com,Tatiania,police officer
865,Stevy,Kaia.Stevy@yopmail.com,Kaia.Stevy@gmail.com,Kaia,firefighter
866,Lasley,Berget.Lasley@yopmail.com,Berget.Lasley@gmail.com,Berget,developer
867,Tacye,Di.Tacye@yopmail.com,Di.Tacye@gmail.com,Di,worker
868,Anis,Mureil.Anis@yopmail.com,Mureil.Anis@gmail.com,Mureil,worker
869,Tayib,Maurene.Tayib@yopmail.com,Maurene.Tayib@gmail.com,Maurene,developer
870,Desai,Sybille.Desai@yopmail.com,Sybille.Desai@gmail.com,Sybille,developer
871,Tamar,Allis.Tamar@yopmail.com,Allis.Tamar@gmail.com,Allis,worker
872,Garlinda,Doro.Garlinda@yopmail.com,Doro.Garlinda@gmail.com,Doro,firefighter
873,Brunell,Ethel.Brunell@yopmail.com,Ethel.Brunell@gmail.com,Ethel,firefighter
874,Buttaro,Dari.Buttaro@yopmail.com,Dari.Buttaro@gmail.com,Dari,doctor
875,Tiffa,Neila.Tiffa@yopmail.com,Neila.Tiffa@gmail.com,Neila,police officer
876,Jehu,Sam.Jehu@yopmail.com,Sam.Jehu@gmail.com,Sam,worker
877,Cloris,Consuela.Cloris@yopmail.com,Consuela.Cloris@gmail.com,Consuela,developer
878,Ardra,Odessa.Ardra@yopmail.com,Odessa.Ardra@gmail.com,Odessa,worker
879,Lipson,Wendi.Lipson@yopmail.com,Wendi.Lipson@gmail.com,Wendi,developer
880,Sabella,Sophia.Sabella@yopmail.com,Sophia.Sabella@gmail.com,Sophia,firefighter
881,Lasley,Gwyneth.Lasley@yopmail.com,Gwyneth.Lasley@gmail.com,Gwyneth,developer
882,Christal,Lelah.Christal@yopmail.com,Lelah.Christal@gmail.com,Lelah,developer
883,Deegan,Deedee.Deegan@yopmail.com,Deedee.Deegan@gmail.com,Deedee,doctor
884,Hirsch,Viviene.Hirsch@yopmail.com,Viviene.Hirsch@gmail.com,Viviene,developer
885,Madelene,Tressa.Madelene@yopmail.com,Tressa.Madelene@gmail.com,Tressa,worker
886,Johnsson,Addia.Johnsson@yopmail.com,Addia.Johnsson@gmail.com,Addia,doctor
887,Capello,Gwyneth.Capello@yopmail.com,Gwyneth.Capello@gmail.com,Gwyneth,worker
888,Janith,Alisha.Janith@yopmail.com,Alisha.Janith@gmail.com,Alisha,developer
889,Olnee,Robbi.Olnee@yopmail.com,Robbi.Olnee@gmail.com,Robbi,doctor
890,Bakerman,Rhea.Bakerman@yopmail.com,Rhea.Bakerman@gmail.com,Rhea,worker
891,Sasnett,Jorry.Sasnett@yopmail.com,Jorry.Sasnett@gmail.com,Jorry,developer
892,Rugen,Georgina.Rugen@yopmail.com,Georgina.Rugen@gmail.com,Georgina,firefighter
893,Girardo,Fernande.Girardo@yopmail.com,Fernande.Girardo@gmail.com,Fernande,worker
894,Goth,Alie.Goth@yopmail.com,Alie.Goth@gmail.com,Alie,police officer
895,Cookie,Myriam.Cookie@yopmail.com,Myriam.Cookie@gmail.com,Myriam,firefighter
896,Susannah,Edyth.Susannah@yopmail.com,Edyth.Susannah@gmail.com,Edyth,worker
897,Bandeen,Angelique.Bandeen@yopmail.com,Angelique.Bandeen@gmail.com,Angelique,police officer
898,Zrike,Carilyn.Zrike@yopmail.com,Carilyn.Zrike@gmail.com,Carilyn,police officer
899,Kevon,Celestyna.Kevon@yopmail.com,Celestyna.Kevon@gmail.com,Celestyna,developer
900,Aida,Jenilee.Aida@yopmail.com,Jenilee.Aida@gmail.com,Jenilee,doctor
901,Arquit,Agnese.Arquit@yopmail.com,Agnese.Arquit@gmail.com,Agnese,doctor
902,Felizio,Dagmar.Felizio@yopmail.com,Dagmar.Felizio@gmail.com,Dagmar,doctor
903,Bakerman,Corene.Bakerman@yopmail.com,Corene.Bakerman@gmail.com,Corene,police officer
904,Erich,Aimil.Erich@yopmail.com,Aimil.Erich@gmail.com,Aimil,firefighter
905,Buttaro,Kara-Lynn.Buttaro@yopmail.com,Kara-Lynn.Buttaro@gmail.com,Kara-Lynn,firefighter
906,Simmonds,Jennica.Simmonds@yopmail.com,Jennica.Simmonds@gmail.com,Jennica,developer
907,Noam,Ariela.Noam@yopmail.com,Ariela.Noam@gmail.com,Ariela,doctor
908,Ludewig,Cecile.Ludewig@yopmail.com,Cecile.Ludewig@gmail.com,Cecile,worker
909,Bennie,Kittie.Bennie@yopmail.com,Kittie.Bennie@gmail.com,Kittie,police officer
910,Peg,Mureil.Peg@yopmail.com,Mureil.Peg@gmail.com,Mureil,police officer
911,Bebe,Wileen.Bebe@yopmail.com,Wileen.Bebe@gmail.com,Wileen,worker
912,Zamora,Gilligan.Zamora@yopmail.com,Gilligan.Zamora@gmail.com,Gilligan,firefighter
913,Corrine,Janis.Corrine@yopmail.com,Janis.Corrine@gmail.com,Janis,doctor
914,Firmin,Averyl.Firmin@yopmail.com,Averyl.Firmin@gmail.com,Averyl,firefighter
915,Ackerley,Pamella.Ackerley@yopmail.com,Pamella.Ackerley@gmail.com,Pamella,firefighter
916,Smitt,Shaine.Smitt@yopmail.com,Shaine.Smitt@gmail.com,Shaine,doctor
917,Sawtelle,Isa.Sawtelle@yopmail.com,Isa.Sawtelle@gmail.com,Isa,worker
918,Greyson,Nessie.Greyson@yopmail.com,Nessie.Greyson@gmail.com,Nessie,doctor
919,Schonfeld,Nollie.Schonfeld@yopmail.com,Nollie.Schonfeld@gmail.com,Nollie,doctor
920,Christine,Adore.Christine@yopmail.com,Adore.Christine@gmail.com,Adore,firefighter
921,Campball,Donnie.Campball@yopmail.com,Donnie.Campball@gmail.com,Donnie,developer
922,Sperling,Glenda.Sperling@yopmail.com,Glenda.Sperling@gmail.com,Glenda,worker
923,Isacco,Ana.Isacco@yopmail.com,Ana.Isacco@gmail.com,Ana,doctor
924,Fitzsimmons,Ottilie.Fitzsimmons@yopmail.com,Ottilie.Fitzsimmons@gmail.com,Ottilie,doctor
925,Henebry,Veda.Henebry@yopmail.com,Veda.Henebry@gmail.com,Veda,firefighter
926,Torray,Nelle.Torray@yopmail.com,Nelle.Torray@gmail.com,Nelle,doctor
927,Albertine,Ariela.Albertine@yopmail.com,Ariela.Albertine@gmail.com,Ariela,worker
928,Sinegold,Raf.Sinegold@yopmail.com,Raf.Sinegold@gmail.com,Raf,police officer
929,Agle,Luci.Agle@yopmail.com,Luci.Agle@gmail.com,Luci,police officer
930,Tarrant,Aurore.Tarrant@yopmail.com,Aurore.Tarrant@gmail.com,Aurore,police officer
931,Magnolia,Tina.Magnolia@yopmail.com,Tina.Magnolia@gmail.com,Tina,developer
932,Taam,Shirlee.Taam@yopmail.com,Shirlee.Taam@gmail.com,Shirlee,police officer
933,Wadell,Brietta.Wadell@yopmail.com,Brietta.Wadell@gmail.com,Brietta,worker
934,Loeb,Aigneis.Loeb@yopmail.com,Aigneis.Loeb@gmail.com,Aigneis,police officer
935,Pierette,Alie.Pierette@yopmail.com,Alie.Pierette@gmail.com,Alie,developer
936,Urias,Ronna.Urias@yopmail.com,Ronna.Urias@gmail.com,Ronna,developer
937,Garrison,Mara.Garrison@yopmail.com,Mara.Garrison@gmail.com,Mara,worker
938,Seagraves,Ardys.Seagraves@yopmail.com,Ardys.Seagraves@gmail.com,Ardys,police officer
939,Bluh,Noelle.Bluh@yopmail.com,Noelle.Bluh@gmail.com,Noelle,police officer
940,Imelida,Celisse.Imelida@yopmail.com,Celisse.Imelida@gmail.com,Celisse,developer
941,Sholley,Kathi.Sholley@yopmail.com,Kathi.Sholley@gmail.com,Kathi,worker
942,Sophronia,Isa.Sophronia@yopmail.com,Isa.Sophronia@gmail.com,Isa,worker
943,Morgun,Marinna.Morgun@yopmail.com,Marinna.Morgun@gmail.com,Marinna,doctor
944,Garrison,Neila.Garrison@yopmail.com,Neila.Garrison@gmail.com,Neila,firefighter
945,Hilbert,Tiffie.Hilbert@yopmail.com,Tiffie.Hilbert@gmail.com,Tiffie,doctor
946,Alabaster,Letizia.Alabaster@yopmail.com,Letizia.Alabaster@gmail.com,Letizia,worker
947,Tacye,Lolita.Tacye@yopmail.com,Lolita.Tacye@gmail.com,Lolita,firefighter
948,Raama,Rani.Raama@yopmail.com,Rani.Raama@gmail.com,Rani,police officer
949,Read,Dede.Read@yopmail.com,Dede.Read@gmail.com,Dede,worker
950,Bow,Sophia.Bow@yopmail.com,Sophia.Bow@gmail.com,Sophia,worker
951,Syd,Basia.Syd@yopmail.com,Basia.Syd@gmail.com,Basia,developer
952,Riordan,Millie.Riordan@yopmail.com,Millie.Riordan@gmail.com,Millie,developer
953,Bury,Pamella.Bury@yopmail.com,Pamella.Bury@gmail.com,Pamella,worker
954,Gabrielli,Aurelie.Gabrielli@yopmail.com,Aurelie.Gabrielli@gmail.com,Aurelie,worker
955,Dituri,Bernardine.Dituri@yopmail.com,Bernardine.Dituri@gmail.com,Bernardine,firefighter
956,Esmaria,Fanny.Esmaria@yopmail.com,Fanny.Esmaria@gmail.com,Fanny,police officer
957,Adore,Lorne.Adore@yopmail.com,Lorne.Adore@gmail.com,Lorne,worker
958,Adrienne,Rochette.Adrienne@yopmail.com,Rochette.Adrienne@gmail.com,Rochette,doctor
959,Charmine,Raf.Charmine@yopmail.com,Raf.Charmine@gmail.com,Raf,police officer
960,Bach,Kimberley.Bach@yopmail.com,Kimberley.Bach@gmail.com,Kimberley,developer
961,Oscar,Nita.Oscar@yopmail.com,Nita.Oscar@gmail.com,Nita,worker
962,Grayce,Ethel.Grayce@yopmail.com,Ethel.Grayce@gmail.com,Ethel,police officer
963,Noam,Fanny.Noam@yopmail.com,Fanny.Noam@gmail.com,Fanny,firefighter
964,Dash,Winny.Dash@yopmail.com,Winny.Dash@gmail.com,Winny,worker
965,Maxi,Ida.Maxi@yopmail.com,Ida.Maxi@gmail.com,Ida,developer
966,Rurik,Alisha.Rurik@yopmail.com,Alisha.Rurik@gmail.com,Alisha,doctor
967,Maxi,Helsa.Maxi@yopmail.com,Helsa.Maxi@gmail.com,Helsa,worker
968,Kaja,Marleah.Kaja@yopmail.com,Marleah.Kaja@gmail.com,Marleah,doctor
969,Gherardo,Maud.Gherardo@yopmail.com,Maud.Gherardo@gmail.com,Maud,doctor
970,Albertine,Margarette.Albertine@yopmail.com,Margarette.Albertine@gmail.com,Margarette,police officer
971,Urania,Jackie.Urania@yopmail.com,Jackie.Urania@gmail.com,Jackie,firefighter
972,Mullane,Alie.Mullane@yopmail.com,Alie.Mullane@gmail.com,Alie,firefighter
973,Alwin,Jessy.Alwin@yopmail.com,Jessy.Alwin@gmail.com,Jessy,doctor
974,Janene,Melodie.Janene@yopmail.com,Melodie.Janene@gmail.com,Melodie,firefighter
975,Ashok,Kathy.Ashok@yopmail.com,Kathy.Ashok@gmail.com,Kathy,firefighter
976,Gaulin,Gusella.Gaulin@yopmail.com,Gusella.Gaulin@gmail.com,Gusella,doctor
977,Cookie,Morganica.Cookie@yopmail.com,Morganica.Cookie@gmail.com,Morganica,police officer
978,Celestine,Melanie.Celestine@yopmail.com,Melanie.Celestine@gmail.com,Melanie,police officer
979,Prober,Aeriela.Prober@yopmail.com,Aeriela.Prober@gmail.com,Aeriela,police officer
980,Arne,Kellen.Arne@yopmail.com,Kellen.Arne@gmail.com,Kellen,developer
981,Bryna,Charmaine.Bryna@yopmail.com,Charmaine.Bryna@gmail.com,Charmaine,firefighter
982,Daveta,Vita.Daveta@yopmail.com,Vita.Daveta@gmail.com,Vita,police officer
983,Camden,Tomasina.Camden@yopmail.com,Tomasina.Camden@gmail.com,Tomasina,firefighter
984,Chem,Marti.Chem@yopmail.com,Marti.Chem@gmail.com,Marti,developer
985,Ogren,Audrie.Ogren@yopmail.com,Audrie.Ogren@gmail.com,Audrie,developer
986,Riordan,Layla.Riordan@yopmail.com,Layla.Riordan@gmail.com,Layla,firefighter
987,Hortensia,Wendi.Hortensia@yopmail.com,Wendi.Hortensia@gmail.com,Wendi,worker
988,Nisbet,Lory.Nisbet@yopmail.com,Lory.Nisbet@gmail.com,Lory,firefighter
989,Chandler,Eolanda.Chandler@yopmail.com,Eolanda.Chandler@gmail.com,Eolanda,doctor
990,Nea,Hildegaard.Nea@yopmail.com,Hildegaard.Nea@gmail.com,Hildegaard,firefighter
991,Schonfeld,Lusa.Schonfeld@yopmail.com,Lusa.Schonfeld@gmail.com,Lusa,developer
992,Neils,Josephine.Neils@yopmail.com,Josephine.Neils@gmail.com,Josephine,firefighter
993,Holtz,Norine.Holtz@yopmail.com,Norine.Holtz@gmail.com,Norine,firefighter
994,Mike,Tabbatha.Mike@yopmail.com,Tabbatha.Mike@gmail.com,Tabbatha,doctor
995,Noelyn,Aili.Noelyn@yopmail.com,Aili.Noelyn@gmail.com,Aili,developer
996,Wolfgram,Lucille.Wolfgram@yopmail.com,Lucille.Wolfgram@gmail.com,Lucille,developer
997,Horan,Asia.Horan@yopmail.com,Asia.Horan@gmail.com,Asia,firefighter
998,Sandye,Lily.Sandye@yopmail.com,Lily.Sandye@gmail.com,Lily,doctor
999,Gwenore,Emma.Gwenore@yopmail.com,Emma.Gwenore@gmail.com,Emma,developer
1000,Teddman,Jaime.Teddman@yopmail.com,Jaime.Teddman@gmail.com,Jaime,doctor
1001,Payson,Giustina.Payson@yopmail.com,Giustina.Payson@gmail.com,Giustina,doctor
1002,Nea,Marnia.Nea@yopmail.com,Marnia.Nea@gmail.com,Marnia,police officer
1003,Lemuela,Jaime.Lemuela@yopmail.com,Jaime.Lemuela@gmail.com,Jaime,developer
1004,Markman,Marti.Markman@yopmail.com,Marti.Markman@gmail.com,Marti,developer
1005,Radu,Shell.Radu@yopmail.com,Shell.Radu@gmail.com,Shell,firefighter
1006,Fulmer,Shandie.Fulmer@yopmail.com,Shandie.Fulmer@gmail.com,Shandie,worker
1007,Myrilla,Rochette.Myrilla@yopmail.com,Rochette.Myrilla@gmail.com,Rochette,developer
1008,Wandie,Anestassia.Wandie@yopmail.com,Anestassia.Wandie@gmail.com,Anestassia,firefighter
1009,Lubin,Gale.Lubin@yopmail.com,Gale.Lubin@gmail.com,Gale,developer
1010,Liva,Cacilie.Liva@yopmail.com,Cacilie.Liva@gmail.com,Cacilie,developer
1011,Casimir,Leia.Casimir@yopmail.com,Leia.Casimir@gmail.com,Leia,doctor
1012,Standing,Sallie.Standing@yopmail.com,Sallie.Standing@gmail.com,Sallie,police officer
1013,Stav,Darci.Stav@yopmail.com,Darci.Stav@gmail.com,Darci,developer
1014,Pozzy,Ida.Pozzy@yopmail.com,Ida.Pozzy@gmail.com,Ida,firefighter
1015,Susannah,Joane.Susannah@yopmail.com,Joane.Susannah@gmail.com,Joane,doctor
1016,Ovid,Gaylene.Ovid@yopmail.com,Gaylene.Ovid@gmail.com,Gaylene,doctor
1017,Angelis,Harmonia.Angelis@yopmail.com,Harmonia.Angelis@gmail.com,Harmonia,worker
1018,Pettiford,Ginnie.Pettiford@yopmail.com,Ginnie.Pettiford@gmail.com,Ginnie,police officer
1019,Baudin,Albertina.Baudin@yopmail.com,Albertina.Baudin@gmail.com,Albertina,firefighter
1020,Crudden,Robbi.Crudden@yopmail.com,Robbi.Crudden@gmail.com,Robbi,firefighter
1021,Lilybelle,Addia.Lilybelle@yopmail.com,Addia.Lilybelle@gmail.com,Addia,firefighter
1022,Flita,Frank.Flita@yopmail.com,Frank.Flita@gmail.com,Frank,police officer
1023,Alice,Marti.Alice@yopmail.com,Marti.Alice@gmail.com,Marti,doctor
1024,Ciro,Julieta.Ciro@yopmail.com,Julieta.Ciro@gmail.com,Julieta,worker
1025,Greyson,Kamilah.Greyson@yopmail.com,Kamilah.Greyson@gmail.com,Kamilah,firefighter
1026,Armanda,Marika.Armanda@yopmail.com,Marika.Armanda@gmail.com,Marika,worker
1027,Bandeen,Paulita.Bandeen@yopmail.com,Paulita.Bandeen@gmail.com,Paulita,doctor
1028,Amand,Orsola.Amand@yopmail.com,Orsola.Amand@gmail.com,Orsola,firefighter
1029,Bonilla,Cassondra.Bonilla@yopmail.com,Cassondra.Bonilla@gmail.com,Cassondra,police officer
1030,Beniamino,Corene.Beniamino@yopmail.com,Corene.Beniamino@gmail.com,Corene,police officer
1031,Saunderson,Meghann.Saunderson@yopmail.com,Meghann.Saunderson@gmail.com,Meghann,doctor
1032,Arvo,Chrystel.Arvo@yopmail.com,Chrystel.Arvo@gmail.com,Chrystel,developer
1033,Oscar,Carmencita.Oscar@yopmail.com,Carmencita.Oscar@gmail.com,Carmencita,worker
1034,Phi,Tamqrah.Phi@yopmail.com,Tamqrah.Phi@gmail.com,Tamqrah,worker
1035,Longfellow,Mellicent.Longfellow@yopmail.com,Mellicent.Longfellow@gmail.com,Mellicent,doctor
1036,Bandeen,Janenna.Bandeen@yopmail.com,Janenna.Bandeen@gmail.com,Janenna,doctor
1037,Oneida,Gilda.Oneida@yopmail.com,Gilda.Oneida@gmail.com,Gilda,firefighter
1038,Gombach,Gabriellia.Gombach@yopmail.com,Gabriellia.Gombach@gmail.com,Gabriellia,doctor
1039,Martsen,Hallie.Martsen@yopmail.com,Hallie.Martsen@gmail.com,Hallie,police officer
1040,Edmund,Kaia.Edmund@yopmail.com,Kaia.Edmund@gmail.com,Kaia,firefighter
1041,Lowry,Fanny.Lowry@yopmail.com,Fanny.Lowry@gmail.com,Fanny,firefighter
1042,Burch,Arabel.Burch@yopmail.com,Arabel.Burch@gmail.com,Arabel,developer
1043,Han,Melina.Han@yopmail.com,Melina.Han@gmail.com,Melina,developer
1044,Ivens,Petronia.Ivens@yopmail.com,Petronia.Ivens@gmail.com,Petronia,doctor
1045,Thunell,Tori.Thunell@yopmail.com,Tori.Thunell@gmail.com,Tori,developer
1046,Zeeba,Heddie.Zeeba@yopmail.com,Heddie.Zeeba@gmail.com,Heddie,police officer
1047,Payson,Grier.Payson@yopmail.com,Grier.Payson@gmail.com,Grier,developer
1048,Edee,Heida.Edee@yopmail.com,Heida.Edee@gmail.com,Heida,developer
1049,Chesna,Lelah.Chesna@yopmail.com,Lelah.Chesna@gmail.com,Lelah,police officer
1050,Huggins,Amii.Huggins@yopmail.com,Amii.Huggins@gmail.com,Amii,police officer
1051,Kesley,Lorenza.Kesley@yopmail.com,Lorenza.Kesley@gmail.com,Lorenza,firefighter
1052,Middleton,Moyna.Middleton@yopmail.com,Moyna.Middleton@gmail.com,Moyna,doctor
1053,Janith,Allyce.Janith@yopmail.com,Allyce.Janith@gmail.com,Allyce,firefighter
1054,Willie,Helsa.Willie@yopmail.com,Helsa.Willie@gmail.com,Helsa,worker
1055,Zitvaa,Florie.Zitvaa@yopmail.com,Florie.Zitvaa@gmail.com,Florie,developer
1056,Avi,Elfreda.Avi@yopmail.com,Elfreda.Avi@gmail.com,Elfreda,firefighter
1057,Ferrell,Alameda.Ferrell@yopmail.com,Alameda.Ferrell@gmail.com,Alameda,worker
1058,Voletta,Carolina.Voletta@yopmail.com,Carolina.Voletta@gmail.com,Carolina,doctor
1059,Sibyls,Fanchon.Sibyls@yopmail.com,Fanchon.Sibyls@gmail.com,Fanchon,doctor
1060,Kermit,Leanna.Kermit@yopmail.com,Leanna.Kermit@gmail.com,Leanna,firefighter
1061,Seessel,Paule.Seessel@yopmail.com,Paule.Seessel@gmail.com,Paule,firefighter
1062,Nadia,Ketti.Nadia@yopmail.com,Ketti.Nadia@gmail.com,Ketti,worker
1063,Richers,Amalie.Richers@yopmail.com,Amalie.Richers@gmail.com,Amalie,police officer
1064,Gemini,Sue.Gemini@yopmail.com,Sue.Gemini@gmail.com,Sue,developer
1065,Uund,Miquela.Uund@yopmail.com,Miquela.Uund@gmail.com,Miquela,firefighter
1066,Aldric,Justinn.Aldric@yopmail.com,Justinn.Aldric@gmail.com,Justinn,police officer
1067,Olin,Mariele.Olin@yopmail.com,Mariele.Olin@gmail.com,Mariele,police officer
1068,McGrody,Rebeca.McGrody@yopmail.com,Rebeca.McGrody@gmail.com,Rebeca,worker
1069,Faro,Roseline.Faro@yopmail.com,Roseline.Faro@gmail.com,Roseline,worker
1070,Frendel,Tani.Frendel@yopmail.com,Tani.Frendel@gmail.com,Tani,worker
1071,Wildermuth,Anallese.Wildermuth@yopmail.com,Anallese.Wildermuth@gmail.com,Anallese,police officer
1072,Sandye,Elka.Sandye@yopmail.com,Elka.Sandye@gmail.com,Elka,doctor
1073,Donell,Abbie.Donell@yopmail.com,Abbie.Donell@gmail.com,Abbie,developer
1074,Ellord,Veda.Ellord@yopmail.com,Veda.Ellord@gmail.com,Veda,firefighter
1075,Lauraine,Marinna.Lauraine@yopmail.com,Marinna.Lauraine@gmail.com,Marinna,worker
1076,Avi,Livvyy.Avi@yopmail.com,Livvyy.Avi@gmail.com,Livvyy,worker
1077,Richers,Maye.Richers@yopmail.com,Maye.Richers@gmail.com,Maye,firefighter
1078,Velick,Susan.Velick@yopmail.com,Susan.Velick@gmail.com,Susan,police officer
1079,Lemuela,Mellicent.Lemuela@yopmail.com,Mellicent.Lemuela@gmail.com,Mellicent,worker
1080,Sibyls,Gabi.Sibyls@yopmail.com,Gabi.Sibyls@gmail.com,Gabi,firefighter
1081,Sacken,Ardeen.Sacken@yopmail.com,Ardeen.Sacken@gmail.com,Ardeen,firefighter
1082,Rosemary,Moyna.Rosemary@yopmail.com,Moyna.Rosemary@gmail.com,Moyna,police officer
1083,Trinetta,Fawne.Trinetta@yopmail.com,Fawne.Trinetta@gmail.com,Fawne,developer
1084,Madox,Zondra.Madox@yopmail.com,Zondra.Madox@gmail.com,Zondra,police officer
1085,Rad,Claresta.Rad@yopmail.com,Claresta.Rad@gmail.com,Claresta,doctor
1086,Yusuk,Mignon.Yusuk@yopmail.com,Mignon.Yusuk@gmail.com,Mignon,police officer
1087,Darbie,Tierney.Darbie@yopmail.com,Tierney.Darbie@gmail.com,Tierney,firefighter
1088,Kesley,Tierney.Kesley@yopmail.com,Tierney.Kesley@gmail.com,Tierney,doctor
1089,Shirberg,Daryl.Shirberg@yopmail.com,Daryl.Shirberg@gmail.com,Daryl,firefighter
1090,Trey,Amii.Trey@yopmail.com,Amii.Trey@gmail.com,Amii,doctor
1091,Quinn,Kellen.Quinn@yopmail.com,Kellen.Quinn@gmail.com,Kellen,doctor
1092,Carbo,Natka.Carbo@yopmail.com,Natka.Carbo@gmail.com,Natka,worker
1093,Ortrude,Josephine.Ortrude@yopmail.com,Josephine.Ortrude@gmail.com,Josephine,doctor
1094,Lissi,Raina.Lissi@yopmail.com,Raina.Lissi@gmail.com,Raina,doctor
1095,Lory,Elmira.Lory@yopmail.com,Elmira.Lory@gmail.com,Elmira,firefighter
1096,Hedve,Constance.Hedve@yopmail.com,Constance.Hedve@gmail.com,Constance,worker
1097,Flita,Carly.Flita@yopmail.com,Carly.Flita@gmail.com,Carly,firefighter
1098,Brackely,Tatiania.Brackely@yopmail.com,Tatiania.Brackely@gmail.com,Tatiania,worker
1099,Skell,Fayre.Skell@yopmail.com,Fayre.Skell@gmail.com,Fayre,doctor