id,lastname,email,email2,firstname,profession
100,Minetta,Kimmy.Minetta@yopmail.com,Kimmy.Minetta@gmail.com,Kimmy,worker
101,Kinnard,Chloris.Kinnard@yopmail.com,Chloris.Kinnard@gmail.com,Chloris,worker
102,Brittani,Celestyna.Brittani@yopmail.com,Celestyna.Brittani@gmail.com,Celestyna,doctor
103,Ciapas,Tiffie.Ciapas@yopmail.com,Tiffie.Ciapas@gmail.com,Tiffie,firefighter
104,Scammon,Kathy.Scammon@yopmail.com,Kathy.Scammon@gmail.com,Kathy,worker
105,Rogerio,Minne.Rogerio@yopmail.com,Minne.Rogerio@gmail.com,Minne,worker
106,Heidt,Amelia.Heidt@yopmail.com,Amelia.Heidt@gmail.com,Amelia,worker
107,Dosia,Adele.Dosia@yopmail.com,Adele.Dosia@gmail.com,Adele,firefighter
108,Kenney,Lizzie.Kenney@yopmail.com,Lizzie.Kenney@gmail.com,Lizzie,police officer
109,Barbey,Pollyanna.Barbey@yopmail.com,Pollyanna.Barbey@gmail.com,Pollyanna,firefighter
110,Lory,Maud.Lory@yopmail.com,Maud.Lory@gmail.com,Maud,developer
111,Cath,Dominga.Cath@yopmail.com,Dominga.Cath@gmail.com,Dominga,doctor
112,Bollay,Cristine.Bollay@yopmail.com,Cristine.Bollay@gmail.com,Cristine,police officer
113,Velick,Nerta.Velick@yopmail.com,Nerta.Velick@gmail.com,Nerta,doctor
114,Iiette,Marsiella.Iiette@yopmail.com,Marsiella.Iiette@gmail.com,Marsiella,doctor
115,Fancie,Constance.Fancie@yopmail.com,Constance.Fancie@gmail.com,Constance,firefighter
116,Jillane,Aryn.Jillane@yopmail.com,Aryn.Jillane@gmail.com,Aryn,firefighter
117,Christal,Harmonia.Christal@yopmail.com,Harmonia.Christal@gmail.com,Harmonia,firefighter
118,Kermit,Letizia.Kermit@yopmail.com,Letizia.Kermit@gmail.com,Letizia,doctor
119,Karl,Micheline.Karl@yopmail.com,Micheline.Karl@gmail.com,Micheline,firefighter
120,Sheng,Janenna.Sheng@yopmail.com,Janenna.Sheng@gmail.com,Janenna,doctor
121,Fontana,Karly.Fontana@yopmail.com,Karly.Fontana@gmail.com,Karly,worker
122,Guildroy,Gerianna.Guildroy@yopmail.com,Gerianna.Guildroy@gmail.com,Gerianna,doctor
123,Shaddock,Anallese.Shaddock@yopmail.com,Anallese.Shaddock@gmail.com,Anallese,worker
124,Sacken,Sharai.Sacken@yopmail.com,Sharai.Sacken@gmail.com,Sharai,firefighter
125,Kinnard,Mary.Kinnard@yopmail.com,Mary.Kinnard@gmail.com,Mary,firefighter
126,Himelman,Raquela.Himelman@yopmail.com,Raquela.Himelman@gmail.com,Raquela,developer
127,Fennessy,Kore.Fennessy@yopmail.com,Kore.Fennessy@gmail.com,Kore,developer
128,Larochelle,Sharlene.Larochelle@yopmail.com,Sharlene.Larochelle@gmail.com,Sharlene,police officer
129,Daniele,Jolyn.Daniele@yopmail.com,Jolyn.Daniele@gmail.com,Jolyn,police officer
130,Bryna,Belva.Bryna@yopmail.com,Belva.Bryna@gmail.com,Belva,developer
131,Briney,Drucie.Briney@yopmail.com,Drucie.Briney@gmail.com,Drucie,worker
132,Cath,Sindee.Cath@yopmail.com,Sindee.Cath@gmail.com,Sindee,firefighter
133,Maryanne,Kate.Maryanne@yopmail.com,Kate.Maryanne@gmail.com,Kate,firefighter
134,Denis,Justinn.Denis@yopmail.com,Justinn.Denis@gmail.com,Justinn,firefighter
135,Joachim,Eadie.Joachim@yopmail.com,Eadie.Joachim@gmail.com,Eadie,firefighter
136,Nicoline,Jasmina.Nicoline@yopmail.com,Jasmina.Nicoline@gmail.com,Jasmina,developer
137,Durware,Dulce.Durware@yopmail.com,Dulce.Durware@gmail.com,Dulce,worker
138,Rad,Christy.Rad@yopmail.com,Christy.Rad@gmail.com,Christy,police officer
139,Socha,Ilse.Socha@yopmail.com,Ilse.Socha@gmail.com,Ilse,worker
140,Darbie,Catharine.Darbie@yopmail.com,Catharine.Darbie@gmail.com,Catharine,developer
141,Malvino,Kate.Malvino@yopmail.com,Kate.Malvino@gmail.com,Kate,developer
142,Bohlin,Raina.Bohlin@yopmail.com,Raina.Bohlin@gmail.com,Raina,firefighter
143,Chick,Kial.Chick@yopmail.com,Kial.Chick@gmail.com,Kial,doctor
144,Ackerley,Shaine.Ackerley@yopmail.com,Shaine.Ackerley@gmail.com,Shaine,developer
145,Jary,Darci.Jary@yopmail.com,Darci.Jary@gmail.com,Darci,developer
146,Sprage,Daphne.Sprage@yopmail.com,Daphne.Sprage@gmail.com,Daphne,worker
147,Lay,Gui.Lay@yopmail.com,Gui.Lay@gmail.com,Gui,doctor
148,Ciapas,Briney.Ciapas@yopmail.com,Briney.Ciapas@gmail.com,Briney,worker
149,Zitvaa,Genevra.Zitvaa@yopmail.com,Genevra.Zitvaa@gmail.com,Genevra,developer
150,Konyn,Marinna.Konyn@yopmail.com,Marinna.Konyn@gmail.com,Marinna,doctor
151,Engdahl,Sandie.Engdahl@yopmail.com,Sandie.Engdahl@gmail.com,Sandie,firefighter
152,Genna,Letizia.Genna@yopmail.com,Letizia.Genna@gmail.com,Letizia,firefighter
153,Erb,Linzy.Erb@yopmail.com,Linzy.Erb@gmail.com,Linzy,worker
154,Bow,Hermione.Bow@yopmail.com,Hermione.Bow@gmail.com,Hermione,firefighter
155,Shelba,Ursulina.Shelba@yopmail.com,Ursulina.Shelba@gmail.com,Ursulina,developer
156,Ferrell,Joceline.Ferrell@yopmail.com,Joceline.Ferrell@gmail.com,Joceline,police officer
157,Sancho,Brena.Sancho@yopmail.com,Brena.Sancho@gmail.com,Brena,developer
158,Bearnard,Catharine.Bearnard@yopmail.com,Catharine.Bearnard@gmail.com,Catharine,firefighter
159,Janene,Alejandra.Janene@yopmail.com,Alejandra.Janene@gmail.com,Alejandra,developer
160,Stover,Hyacinthe.Stover@yopmail.com,Hyacinthe.Stover@gmail.com,Hyacinthe,worker
161,Peti,Tilly.Peti@yopmail.com,Tilly.Peti@gmail.com,Tilly,police officer
162,Federica,Zsa Zsa.Federica@yopmail.com,Zsa Zsa.Federica@gmail.com,Zsa Zsa,worker
163,Ackerley,Feliza.Ackerley@yopmail.com,Feliza.Ackerley@gmail.com,Feliza,police officer
164,Cohdwell,Kellen.Cohdwell@yopmail.com,Kellen.Cohdwell@gmail.com,Kellen,doctor
165,Pond,Corene.Pond@yopmail.com,Corene.Pond@gmail.com,Corene,police officer
166,Maryanne,Norine.Maryanne@yopmail.com,Norine.Maryanne@gmail.com,Norine,firefighter
167,Roscoe,Jinny.Roscoe@yopmail.com,Jinny.Roscoe@gmail.com,Jinny,police officer
168,Jeanne,Bobinette.Jeanne@yopmail.com,Bobinette.Jeanne@gmail.com,Bobinette,worker
169,Winnick,Jennica.Winnick@yopmail.com,Jennica.Winnick@gmail.com,Jennica,police officer
170,Nisbet,Lila.Nisbet@yopmail.com,Lila.Nisbet@gmail.com,Lila,firefighter
171,Gladstone,Shirlee.Gladstone@yopmail.com,Shirlee.Gladstone@gmail.com,Shirlee,police officer
172,Nance,Rosanne.Nance@yopmail.com,Rosanne.Nance@gmail.com,Rosanne,firefighter
173,Libna,Joceline.Libna@yopmail.com,Joceline.Libna@gmail.com,Joceline,police officer
174,Bollay,Caryl.Bollay@yopmail.com,Caryl.Bollay@gmail.com,Caryl,doctor
175,Mitzi,Marylou.Mitzi@yopmail.com,Marylou.Mitzi@gmail.com,Marylou,developer
176,Barrus,Paule.Barrus@yopmail.com,Paule.Barrus@gmail.com,Paule,worker
177,Loleta,Lizzie.Loleta@yopmail.com,Lizzie.Loleta@gmail.com,Lizzie,doctor
178,Annice,Linzy.Annice@yopmail.com,Linzy.Annice@gmail.com,Linzy,doctor
179,Stelle,Kellen.Stelle@yopmail.com,Kellen.Stelle@gmail.com,Kellen,firefighter
180,Lymann,Oona.Lymann@yopmail.com,Oona.Lymann@gmail.com,Oona,worker
181,Karna,Ilse.Karna@yopmail.com,Ilse.Karna@gmail.com,Ilse,developer
182,Aloise,Gerianna.Aloise@yopmail.com,Gerianna.Aloise@gmail.com,Gerianna,doctor
183,Roscoe,Jinny.Roscoe@yopmail.com,Jinny.Roscoe@gmail.com,Jinny,police officer
184,Ovid,Danika.Ovid@yopmail.com,Danika.Ovid@gmail.com,Danika,worker
185,Gillan,Christal.Gillan@yopmail.com,Christal.Gillan@gmail.com,Christal,developer
186,Arquit,Bill.Arquit@yopmail.com,Bill.Arquit@gmail.com,Bill,police officer
187,Shields,Aurore.Shields@yopmail.com,Aurore.Shields@gmail.com,Aurore,doctor
188,Tufts,Ermengarde.Tufts@yopmail.com,Ermengarde.Tufts@gmail.com,Ermengarde,doctor
189,Gerge,Gui.Gerge@yopmail.com,Gui.Gerge@gmail.com,Gui,firefighter
190,Urania,Cindelyn.Urania@yopmail.com,Cindelyn.Urania@gmail.com,Cindelyn,doctor
191,Mott,Mellicent.Mott@yopmail.com,Mellicent.Mott@gmail.com,Mellicent,worker
192,Evvie,Rochette.Evvie@yopmail.com,Rochette.Evvie@gmail.com,Rochette,firefighter
193,Dunkin,Elyssa.Dunkin@yopmail.com,Elyssa.Dunkin@gmail.com,Elyssa,police officer
194,Boycey,Glenda.Boycey@yopmail.com,Glenda.Boycey@gmail.com,Glenda,developer
195,Blake,Anthia.Blake@yopmail.com,Anthia.Blake@gmail.com,Anthia,developer
196,Eckblad,Alleen.Eckblad@yopmail.com,Alleen.Eckblad@gmail.com,Alleen,doctor
197,Demitria,Ricky.Demitria@yopmail.com,Ricky.Demitria@gmail.com,Ricky,worker
198,Kare,Shauna.Kare@yopmail.com,Shauna.Kare@gmail.com,Shauna,worker
199,Norrie,Maud.Norrie@yopmail.com,Maud.Norrie@gmail.com,Maud,police officer
200,Myrilla,Dyann.Myrilla@yopmail.com,Dyann.Myrilla@gmail.com,Dyann,worker
201,Vilma,Chrystel.Vilma@yopmail.com,Chrystel.Vilma@gmail.com,Chrystel,worker
202,Havens,Renie.Havens@yopmail.com,Renie.Havens@gmail.com,Renie,worker
203,Vernier,Dulcinea.Vernier@yopmail.com,Dulcinea.Vernier@gmail.com,Dulcinea,worker
204,Kendrick,Krystle.Kendrick@yopmail.com,Krystle.Kendrick@gmail.com,Krystle,firefighter
205,Maribeth,Queenie.Maribeth@yopmail.com,Queenie.Maribeth@gmail.com,Queenie,firefighter
206,Seagraves,Margette.Seagraves@yopmail.com,Margette.Seagraves@gmail.com,Margette,worker
207,Kauppi,Charmaine.Kauppi@yopmail.com,Charmaine.Kauppi@gmail.com,Charmaine,worker
208,Harned,Dulce.Harned@yopmail.com,Dulce.Harned@gmail.com,Dulce,police officer
209,Pierette,Adelle.Pierette@yopmail.com,Adelle.Pierette@gmail.com,Adelle,police officer
210,Talia,Romona.Talia@yopmail.com,Romona.Talia@gmail.com,Romona,firefighter
211,Hashim,Corina.Hashim@yopmail.com,Corina.Hashim@gmail.com,Corina,firefighter
212,Nicoline,Flo.Nicoline@yopmail.com,Flo.Nicoline@gmail.com,Flo,police officer
213,Irmine,Flory.Irmine@yopmail.com,Flory.Irmine@gmail.com,Flory,developer
214,Guildroy,Lacie.Guildroy@yopmail.com,Lacie.Guildroy@gmail.com,Lacie,police officer
215,Alrich,Corene.Alrich@yopmail.com,Corene.Alrich@gmail.com,Corene,police officer
216,Latini,Annice.Latini@yopmail.com,Annice.Latini@gmail.com,Annice,developer
217,Hillel,Rubie.Hillel@yopmail.com,Rubie.Hillel@gmail.com,Rubie,worker
218,Diann,Celestyna.Diann@yopmail.com,Celestyna.Diann@gmail.com,Celestyna,developer
219,Pauly,Brianna.Pauly@yopmail.com,Brianna.Pauly@gmail.com,Brianna,developer
220,Gwenore,Sheree.Gwenore@yopmail.com,Sheree.Gwenore@gmail.com,Sheree,firefighter
221,Gregrory,Clementine.Gregrory@yopmail.com,Clementine.Gregrory@gmail.com,Clementine,firefighter
222,Edee,Lolita.Edee@yopmail.com,Lolita.Edee@gmail.com,Lolita,developer
223,Adrienne,Wileen.Adrienne@yopmail.com,Wileen.Adrienne@gmail.com,Wileen,worker
224,Marijo,Sean.Marijo@yopmail.com,Sean.Marijo@gmail.com,Sean,worker
225,Aldric,Fina.Aldric@yopmail.com,Fina.Aldric@gmail.com,Fina,doctor
226,Stefa,Katuscha.Stefa@yopmail.com,Katuscha.Stefa@gmail.com,Katuscha,developer
227,Fairweather,Cathie.Fairweather@yopmail.com,Cathie.Fairweather@gmail.com,Cathie,developer
228,Neils,Althea.Neils@yopmail.com,Althea.Neils@gmail.com,Althea,doctor
229,Tayib,Tani.Tayib@yopmail.com,Tani.Tayib@gmail.com,Tani,firefighter
230,Vilma,Gaylene.Vilma@yopmail.com,Gaylene.Vilma@gmail.com,Gaylene,police officer
231,Sacken,Cristabel.Sacken@yopmail.com,Cristabel.Sacken@gmail.com,Cristabel,developer
232,Brodench,Joleen.Brodench@yopmail.com,Joleen.Brodench@gmail.com,Joleen,developer
233,Ciro,Cathyleen.Ciro@yopmail.com,Cathyleen.Ciro@gmail.com,Cathyleen,worker
234,Glovsky,Fanny.Glovsky@yopmail.com,Fanny.Glovsky@gmail.com,Fanny,firefighter
235,Marcellus,Anica.Marcellus@yopmail.com,Anica.Marcellus@gmail.com,Anica,doctor
236,Guildroy,Basia.Guildroy@yopmail.com,Basia.Guildroy@gmail.com,Basia,firefighter
237,Elo,Kara-Lynn.Elo@yopmail.com,Kara-Lynn.Elo@gmail.com,Kara-Lynn,developer
238,Ralfston,Perry.Ralfston@yopmail.com,Perry.Ralfston@gmail.com,Perry,worker
239,Teddman,Kerrin.Teddman@yopmail.com,Kerrin.Teddman@gmail.com,Kerrin,worker
240,Linehan,Oona.Linehan@yopmail.com,Oona.Linehan@gmail.com,Oona,worker
241,Silvan,Elise.Silvan@yopmail.com,Elise.Silvan@gmail.com,Elise,doctor
242,Erskine,Anallese.Erskine@yopmail.com,Anallese.Erskine@gmail.com,Anallese,firefighter
243,Levey,Kirbee.Levey@yopmail.com,Kirbee.Levey@gmail.com,Kirbee,worker
244,Ochs,Brietta.Ochs@yopmail.com,Brietta.Ochs@gmail.com,Brietta,worker
245,Eachern,Iseabal.Eachern@yopmail.com,Iseabal.Eachern@gmail.com,Iseabal,developer
246,Constancy,Nyssa.Constancy@yopmail.com,Nyssa.Constancy@gmail.com,Nyssa,worker
247,Koziara,Emylee.Koziara@yopmail.com,Emylee.Koziara@gmail.com,Emylee,police officer
248,Old,Kenna.Old@yopmail.com,Kenna.Old@gmail.com,Kenna,worker
249,Thunell,Abbie.Thunell@yopmail.com,Abbie.Thunell@gmail.com,Abbie,worker
250,Doig,Courtnay.Doig@yopmail.com,Courtnay.Doig@gmail.com,Courtnay,doctor
251,Fennessy,Alleen.Fennessy@yopmail.com,Alleen.Fennessy@gmail.com,Alleen,police officer
252,Romelda,Johna.Romelda@yopmail.com,Johna.Romelda@gmail.com,Johna,firefighter
253,Raychel,Gwenneth.Raychel@yopmail.com,Gwenneth.Raychel@gmail.com,Gwenneth,firefighter
254,Trinetta,Dania.Trinetta@yopmail.com,Dania.Trinetta@gmail.com,Dania,firefighter
255,Honoria,Catharine.Honoria@yopmail.com,Catharine.Honoria@gmail.com,Catharine,doctor
256,Amasa,Gavrielle.Amasa@yopmail.com,Gavrielle.Amasa@gmail.com,Gavrielle,doctor
257,Faso,Roberta.Faso@yopmail.com,Roberta.Faso@gmail.com,Roberta,doctor
258,Kellby,Kara-Lynn.Kellby@yopmail.com,Kara-Lynn.Kellby@gmail.com,Kara-Lynn,firefighter
259,Iiette,Regina.Iiette@yopmail.com,Regina.Iiette@gmail.com,Regina,worker
260,Candy,Andeee.Candy@yopmail.com,Andeee.Candy@gmail.com,Andeee,police officer
261,Kinnard,Aimil.Kinnard@yopmail.com,Aimil.Kinnard@gmail.com,Aimil,firefighter
262,Love,Ana.Love@yopmail.com,Ana.Love@gmail.com,Ana,worker
263,Romelda,Sean.Romelda@yopmail.com,Sean.Romelda@gmail.com,Sean,firefighter
264,Weitman,Moyna.Weitman@yopmail.com,Moyna.Weitman@gmail.com,Moyna,developer
265,Gaulin,Ekaterina.Gaulin@yopmail.com,Ekaterina.Gaulin@gmail.com,Ekaterina,doctor
266,Tound,Charlena.Tound@yopmail.com,Charlena.Tound@gmail.com,Charlena,doctor
267,My,Tani.My@yopmail.com,Tani.My@gmail.com,Tani,firefighter
268,Pozzy,Almeta.Pozzy@yopmail.com,Almeta.Pozzy@gmail.com,Almeta,firefighter
269,Aloise,Delilah.Aloise@yopmail.com,Delilah.Aloise@gmail.com,Delilah,doctor
270,Ludewig,Raquela.Ludewig@yopmail.com,Raquela.Ludewig@gmail.com,Raquela,police officer
271,Romelda,Henriette.Romelda@yopmail.com,Henriette.Romelda@gmail.com,Henriette,firefighter
272,Brotherson,Mellicent.Brotherson@yopmail.com,Mellicent.Brotherson@gmail.com,Mellicent,doctor
273,Syd,Brianna.Syd@yopmail.com,Brianna.Syd@gmail.com,Brianna,police officer
274,Lilas,Charissa.Lilas@yopmail.com,Charissa.Lilas@gmail.com,Charissa,doctor
275,Tillford,Elora.Tillford@yopmail.com,Elora.Tillford@gmail.com,Elora,firefighter
276,Bahr,Lacie.Bahr@yopmail.com,Lacie.Bahr@gmail.com,Lacie,developer
277,Harriman,Sabina.Harriman@yopmail.com,Sabina.Harriman@gmail.com,Sabina,doctor
278,Creamer,Olivette.Creamer@yopmail.com,Olivette.Creamer@gmail.com,Olivette,police officer
279,Liva,Mariele.Liva@yopmail.com,Mariele.Liva@gmail.com,Mariele,developer
280,Gaspard,Kelly.Gaspard@yopmail.com,Kelly.Gaspard@gmail.com,Kelly,developer
281,Campball,Hope.Campball@yopmail.com,Hope.Campball@gmail.com,Hope,police officer
282,Marden,Meriel.Marden@yopmail.com,Meriel.Marden@gmail.com,Meriel,police officer
283,Carvey,Paulita.Carvey@yopmail.com,Paulita.Carvey@gmail.com,Paulita,doctor
284,Wildermuth,Vivia.Wildermuth@yopmail.com,Vivia.Wildermuth@gmail.com,Vivia,worker
285,Schonfeld,Layla.Schonfeld@yopmail.com,Layla.Schonfeld@gmail.com,Layla,developer
286,Bertold,Adriana.Bertold@yopmail.com,Adriana.Bertold@gmail.com,Adriana,worker
287,Erskine,Emma.Erskine@yopmail.com,Emma.Erskine@gmail.com,Emma,developer
288,Merell,Shel.Merell@yopmail.com,Shel.Merell@gmail.com,Shel,police officer
289,Cutlerr,Jacenta.Cutlerr@yopmail.com,Jacenta.Cutlerr@gmail.com,Jacenta,doctor
290,Michella,Shel.Michella@yopmail.com,Shel.Michella@gmail.com,Shel,police officer
291,Stefa,Lorenza.Stefa@yopmail.com,Lorenza.Stefa@gmail.com,Lorenza,developer
292,Haymes,Shell.Haymes@yopmail.com,Shell.Haymes@gmail.com,Shell,worker
293,Delp,Devina.Delp@yopmail.com,Devina.Delp@gmail.com,Devina,firefighter
294,Janith,Gusty.Janith@yopmail.com,Gusty.Janith@gmail.com,Gusty,worker
295,Huggins,Vanessa.Huggins@yopmail.com,Vanessa.Huggins@gmail.com,Vanessa,developer
296,Devlen,Aeriela.Devlen@yopmail.com,Aeriela.Devlen@gmail.com,Aeriela,doctor
297,Nance,Genovera.Nance@yopmail.com,Genovera.Nance@gmail.com,Genovera,police officer
298,Craggie,Elora.Craggie@yopmail.com,Elora.Craggie@gmail.com,Elora,worker
299,Pattin,Dania.Pattin@yopmail.com,Dania.Pattin@gmail.com,Dania,developer
300,Edison,Deirdre.Edison@yopmail.com,Deirdre.Edison@gmail.com,Deirdre,police officer
301,Norvol,Merry.Norvol@yopmail.com,Merry.Norvol@gmail.com,Merry,doctor
302,Syd,Berget.Syd@yopmail.com,Berget.Syd@gmail.com,Berget,doctor
303,Bahr,Lanae.Bahr@yopmail.com,Lanae.Bahr@gmail.com,Lanae,doctor
304,Korey,Vevay.Korey@yopmail.com,Vevay.Korey@gmail.com,Vevay,police officer
305,Lia,Eadie.Lia@yopmail.com,Eadie.Lia@gmail.com,Eadie,worker
306,Lenny,Yetty.Lenny@yopmail.com,Yetty.Lenny@gmail.com,Yetty,developer
307,Sophronia,Christy.Sophronia@yopmail.com,Christy.Sophronia@gmail.com,Christy,firefighter
308,Presber,Misha.Presber@yopmail.com,Misha.Presber@gmail.com,Misha,worker
309,Jerald,Dolli.Jerald@yopmail.com,Dolli.Jerald@gmail.com,Dolli,developer
310,Alice,Carmencita.Alice@yopmail.com,Carmencita.Alice@gmail.com,Carmencita,firefighter
311,Adore,Brynna.Adore@yopmail.com,Brynna.Adore@gmail.com,Brynna,worker
312,Iphlgenia,Myriam.Iphlgenia@yopmail.com,Myriam.Iphlgenia@gmail.com,Myriam,firefighter
313,Macey,Barbi.Macey@yopmail.com,Barbi.Macey@gmail.com,Barbi,doctor
314,Malvino,Bibby.Malvino@yopmail.com,Bibby.Malvino@gmail.com,Bibby,worker
315,Cottle,Tierney.Cottle@yopmail.com,Tierney.Cottle@gmail.com,Tierney,firefighter
316,Phyllis,Tilly.Phyllis@yopmail.com,Tilly.Phyllis@gmail.com,Tilly,developer
317,Wu,Hollie.Wu@yopmail.com,Hollie.Wu@gmail.com,Hollie,doctor
318,Delacourt,Benita.Delacourt@yopmail.com,Benita.Delacourt@gmail.com,Benita,developer
319,Darrell,Roslyn.Darrell@yopmail.com,Roslyn.Darrell@gmail.com,Roslyn,firefighter
320,Clara,Kirbee.Clara@yopmail.com,Kirbee.Clara@gmail.com,Kirbee,doctor
321,Gherardo,Alexine.Gherardo@yopmail.com,Alexine.Gherardo@gmail.com,Alexine,doctor
322,Noelyn,Kirstin.Noelyn@yopmail.com,Kirstin.Noelyn@gmail.com,Kirstin,police officer
323,Japeth,Flo.Japeth@yopmail.com,Flo.Japeth@gmail.com,Flo,doctor
324,Fax,Alyssa.Fax@yopmail.com,Alyssa.Fax@gmail.com,Alyssa,worker
325,Desai,Charmaine.Desai@yopmail.com,Charmaine.Desai@gmail.com,Charmaine,firefighter
326,Socha,Rosaline.Socha@yopmail.com,Rosaline.Socha@gmail.com,Rosaline,worker
327,Harned,Zondra.Harned@yopmail.com,Zondra.Harned@gmail.com,Zondra,police officer
328,Hamil,Jasmina.Hamil@yopmail.com,Jasmina.Hamil@gmail.com,Jasmina,police officer
329,Ellerey,Gretal.Ellerey@yopmail.com,Gretal.Ellerey@gmail.com,Gretal,police officer
330,Means,Iseabal.Means@yopmail.com,Iseabal.Means@gmail.com,Iseabal,developer
331,Celestine,Heddie.Celestine@yopmail.com,Heddie.Celestine@gmail.com,Heddie,firefighter
332,Atcliffe,Lilith.Atcliffe@yopmail.com,Lilith.Atcliffe@gmail.com,Lilith,doctor
333,Guildroy,Jobi.Guildroy@yopmail.com,Jobi.Guildroy@gmail.com,Jobi,doctor
334,Ailyn,Aryn.Ailyn@yopmail.com,Aryn.Ailyn@gmail.com,Aryn,doctor
335,Sherfield,Giustina.Sherfield@yopmail.com,Giustina.Sherfield@gmail.com,Giustina,doctor
336,Chrystel,Monika.Chrystel@yopmail.com,Monika.Chrystel@gmail.com,Monika,firefighter
337,Chapland,Edyth.Chapland@yopmail.com,Edyth.Chapland@gmail.com,Edyth,police officer
338,Naor,Sue.Naor@yopmail.com,Sue.Naor@gmail.com,Sue,worker
339,Cecile,Wileen.Cecile@yopmail.com,Wileen.Cecile@gmail.com,Wileen,doctor
340,Monk,Roxane.Monk@yopmail.com,Roxane.Monk@gmail.com,Roxane,firefighter
341,Ricki,Doro.Ricki@yopmail.com,Doro.Ricki@gmail.com,Doro,worker
342,Carleen,Rosaline.Carleen@yopmail.com,Rosaline.Carleen@gmail.com,Rosaline,worker
343,Carmena,Flo.Carmena@yopmail.com,Flo.Carmena@gmail.com,Flo,firefighter
344,Edvard,Rori.Edvard@yopmail.com,Rori.Edvard@gmail.com,Rori,developer
345,Lilybelle,Marita.Lilybelle@yopmail.com,Marita.Lilybelle@gmail.com,Marita,worker
346,Wittie,Merry.Wittie@yopmail.com,Merry.Wittie@gmail.com,Merry,firefighter
347,Alva,Kimmy.Alva@yopmail.com,Kimmy.Alva@gmail.com,Kimmy,developer
348,Jacqui,Cecile.Jacqui@yopmail.com,Cecile.Jacqui@gmail.com,Cecile,worker
349,Newell,Ezmeralda.Newell@yopmail.com,Ezmeralda.Newell@gmail.com,Ezmeralda,firefighter
350,Winnick,Annora.Winnick@yopmail.com,Annora.Winnick@gmail.com,Annora,firefighter
351,Alejoa,Jorry.Alejoa@yopmail.com,Jorry.Alejoa@gmail.com,Jorry,worker
352,Cressida,Adelle.Cressida@yopmail.com,Adelle.Cressida@gmail.com,Adelle,police officer
353,Chapland,Valli.Chapland@yopmail.com,Valli.Chapland@gmail.com,Valli,police officer
354,Cohdwell,Chickie.Cohdwell@yopmail.com,Chickie.Cohdwell@gmail.com,Chickie,police officer
355,Martguerita,Flory.Martguerita@yopmail.com,Flory.Martguerita@gmail.com,Flory,police officer
356,Rhu,Emelina.Rhu@yopmail.com,Emelina.Rhu@gmail.com,Emelina,police officer
357,Salchunas,Shandie.Salchunas@yopmail.com,Shandie.Salchunas@gmail.com,Shandie,firefighter
358,Gaulin,Paulita.Gaulin@yopmail.com,Paulita.Gaulin@gmail.com,Paulita,firefighter
359,Izaak,Gabriellia.Izaak@yopmail.com,Gabriellia.Izaak@gmail.com,Gabriellia,firefighter
360,Holbrook,Nadine.Holbrook@yopmail.com,Nadine.Holbrook@gmail.com,Nadine,firefighter
361,Tannie,Elka.Tannie@yopmail.com,Elka.Tannie@gmail.com,Elka,worker
362,Eugenia,Orsola.Eugenia@yopmail.com,Orsola.Eugenia@gmail.com,Orsola,worker
363,Mitzi,Delilah.Mitzi@yopmail.com,Delilah.Mitzi@gmail.com,Delilah,doctor
364,Vins,Ivett.Vins@yopmail.com,Ivett.Vins@gmail.com,Ivett,developer
365,Burnside,Celisse.Burnside@yopmail.com,Celisse.Burnside@gmail.com,Celisse,worker
366,Melan,Averyl.Melan@yopmail.com,Averyl.Melan@gmail.com,Averyl,developer
367,Pulsifer,Sindee.Pulsifer@yopmail.com,Sindee.Pulsifer@gmail.com,Sindee,doctor
368,Cyrie,Candy.Cyrie@yopmail.com,Candy.Cyrie@gmail.com,Candy,worker
369,Pierette,Darci.Pierette@yopmail.com,Darci.Pierette@gmail.com,Darci,doctor
370,Felecia,Carolina.Felecia@yopmail.com,Carolina.Felecia@gmail.com,Carolina,firefighter
371,Bibi,Ingrid.Bibi@yopmail.com,Ingrid.Bibi@gmail.com,Ingrid,doctor
372,Olnee,Cissiee.Olnee@yopmail.com,Cissiee.Olnee@gmail.com,Cissiee,firefighter
373,Dalli,Bettine.Dalli@yopmail.com,Bettine.Dalli@gmail.com,Bettine,firefighter
374,Loeb,Alexine.Loeb@yopmail.com,Alexine.Loeb@gmail.com,Alexine,doctor
375,Cornelia,Roxane.Cornelia@yopmail.com,Roxane.Cornelia@gmail.com,Roxane,worker
376,Paton,Eadie.Paton@yopmail.com,Eadie.Paton@gmail.com,Eadie,doctor
377,Monk,Delilah.Monk@yopmail.com,Delilah.Monk@gmail.com,Delilah,firefighter
378,Ferrell,Dulce.Ferrell@yopmail.com,Dulce.Ferrell@gmail.com,Dulce,firefighter
379,Raama,Evaleen.Raama@yopmail.com,Evaleen.Raama@gmail.com,Evaleen,firefighter
380,Adlare,Ida.Adlare@yopmail.com,Ida.Adlare@gmail.com,Ida,developer
381,Sherfield,Ginnie.Sherfield@yopmail.com,Ginnie.Sherfield@gmail.com,Ginnie,developer
382,Dielu,Desirae.Dielu@yopmail.com,Desirae.Dielu@gmail.com,Desirae,doctor
383,Ricki,Teriann.Ricki@yopmail.com,Teriann.Ricki@gmail.com,Teriann,doctor
384,Oriana,Netty.Oriana@yopmail.com,Netty.Oriana@gmail.com,Netty,developer
385,Roche,Adriana.Roche@yopmail.com,Adriana.Roche@gmail.com,Adriana,firefighter
386,Erb,Raquela.Erb@yopmail.com,Raquela.Erb@gmail.com,Raquela,worker
387,Durante,Winifred.Durante@yopmail.com,Winifred.Durante@gmail.com,Winifred,doctor
388,Anis,Calla.Anis@yopmail.com,Calla.Anis@gmail.com,Calla,worker
389,Horan,Aimil.Horan@yopmail.com,Aimil.Horan@gmail.com,Aimil,doctor
390,Zamora,Marita.Zamora@yopmail.com,Marita.Zamora@gmail.com,Marita,police officer
391,Ulphia,Tina.Ulphia@yopmail.com,Tina.Ulphia@gmail.com,Tina,developer
392,Waldron,Tera.Waldron@yopmail.com,Tera.Waldron@gmail.com,Tera,police officer
393,Berne,Collen.Berne@yopmail.com,Collen.Berne@gmail.com,Collen,firefighter
394,Sawtelle,Tami.Sawtelle@yopmail.com,Tami.Sawtelle@gmail.com,Tami,police officer
395,Francyne,Rubie.Francyne@yopmail.com,Rubie.Francyne@gmail.com,Rubie,doctor
396,Ellerey,Viki.Ellerey@yopmail.com,Viki.Ellerey@gmail.com,Viki,police officer
397,Mintz,Sallie.Mintz@yopmail.com,Sallie.Mintz@gmail.com,Sallie,police officer
398,Pond,Tani.Pond@yopmail.com,Tani.Pond@gmail.com,Tani,police officer
399,Catie,Bibby.Catie@yopmail.com,Bibby.Catie@gmail.com,Bibby,doctor
400,Grayce,Sindee.Grayce@yopmail.com,Sindee.Grayce@gmail.com,Sindee,developer
401,Holtz,Peri.Holtz@yopmail.com,Peri.Holtz@gmail.com,Peri,worker
402,Taam,Berta.Taam@yopmail.com,Berta.Taam@gmail.com,Berta,firefighter
403,Merat,Claudina.Merat@yopmail.com,Claudina.Merat@gmail.com,Claudina,police officer
404,Johnsson,Sadie.Johnsson@yopmail.com,Sadie.Johnsson@gmail.com,Sadie,police officer
405,Quinn,Pearline.Quinn@yopmail.com,Pearline.Quinn@gmail.com,Pearline,developer
406,Aloise,Coral.Aloise@yopmail.com,Coral.Aloise@gmail.com,Coral,police officer
407,Madaih,Kayla.Madaih@yopmail.com,Kayla.Madaih@gmail.com,Kayla,worker
408,Sibyls,Eve.Sibyls@yopmail.com,Eve.Sibyls@gmail.com,Eve,firefighter
409,Kendrick,Britni.Kendrick@yopmail.com,Britni.Kendrick@gmail.com,Britni,doctor
410,Alrich,Brietta.Alrich@yopmail.com,Brietta.Alrich@gmail.com,Brietta,firefighter
411,Barbey,Joleen.Barbey@yopmail.com,Joleen.Barbey@gmail.com,Joleen,police officer
412,Mendez,Katharina.Mendez@yopmail.com,Katharina.Mendez@gmail.com,Katharina,firefighter
413,Clara,Annaliese.Clara@yopmail.com,Annaliese.Clara@gmail.com,Annaliese,firefighter
414,Dreda,Jeanna.Dreda@yopmail.com,Jeanna.Dreda@gmail.com,Jeanna,developer
415,Klemperer,Lindie.Klemperer@yopmail.com,Lindie.Klemperer@gmail.com,Lindie,police officer
416,Phyllis,Gloria.Phyllis@yopmail.com,Gloria.Phyllis@gmail.com,Gloria,police officer
417,Himelman,Gale.Himelman@yopmail.com,Gale.Himelman@gmail.com,Gale,police officer
418,Ralfston,Sabina.Ralfston@yopmail.com,Sabina.Ralfston@gmail.com,Sabina,worker
419,Bearnard,Dianemarie.Bearnard@yopmail.com,Dianemarie.Bearnard@gmail.com,Dianemarie,doctor
420,Mike,Latisha.Mike@yopmail.com,Latisha.Mike@gmail.com,Latisha,worker
421,Stilwell,Jobi.Stilwell@yopmail.com,Jobi.Stilwell@gmail.com,Jobi,doctor
422,Havens,Corene.Havens@yopmail.com,Corene.Havens@gmail.com,Corene,police officer
423,Sallyann,Nita.Sallyann@yopmail.com,Nita.Sallyann@gmail.com,Nita,worker
424,Ranjiv,Fidelia.Ranjiv@yopmail.com,Fidelia.Ranjiv@gmail.com,Fidelia,worker
425,Ovid,Raquela.Ovid@yopmail.com,Raquela.Ovid@gmail.com,Raquela,developer
426,Burnside,Bobbi.Burnside@yopmail.com,Bobbi.Burnside@gmail.com,Bobbi,worker
427,Swigart,Sibella.Swigart@yopmail.com,Sibella.Swigart@gmail.com,Sibella,developer
428,Wu,Beth.Wu@yopmail.com,Beth.Wu@gmail.com,Beth,doctor
429,Mayeda,Lanae.Mayeda@yopmail.com,Lanae.Mayeda@gmail.com,Lanae,police officer
430,Stav,Sonni.Stav@yopmail.com,Sonni.Stav@gmail.com,Sonni,police officer
431,Uund,Micheline.Uund@yopmail.com,Micheline.Uund@gmail.com,Micheline,police officer
432,Cath,Briney.Cath@yopmail.com,Briney.Cath@gmail.com,Briney,developer
433,Teryn,Gianina.Teryn@yopmail.com,Gianina.Teryn@gmail.com,Gianina,police officer
434,Cadmar,Roslyn.Cadmar@yopmail.com,Roslyn.Cadmar@gmail.com,Roslyn,firefighter
435,Felecia,Madeleine.Felecia@yopmail.com,Madeleine.Felecia@gmail.com,Madeleine,doctor
436,Marcellus,Mariele.Marcellus@yopmail.com,Mariele.Marcellus@gmail.com,Mariele,firefighter
437,Rhu,Ninnetta.Rhu@yopmail.com,Ninnetta.Rhu@gmail.com,Ninnetta,doctor
438,Dimitris,Nariko.Dimitris@yopmail.com,Nariko.Dimitris@gmail.com,Nariko,police officer
439,Bearnard,Phylis.Bearnard@yopmail.com,Phylis.Bearnard@gmail.com,Phylis,doctor
440,Ciro,Laurene.Ciro@yopmail.com,Laurene.Ciro@gmail.com,Laurene,worker
441,Calhoun,Evaleen.Calhoun@yopmail.com,Evaleen.Calhoun@gmail.com,Evaleen,firefighter
442,Evvie,Beatriz.Evvie@yopmail.com,Beatriz.Evvie@gmail.com,Beatriz,police officer
443,Kosey,Cristine.Kosey@yopmail.com,Cristine.Kosey@gmail.com,Cristine,doctor
444,Felecia,Cindelyn.Felecia@yopmail.com,Cindelyn.Felecia@gmail.com,Cindelyn,firefighter
445,Chinua,Gui.Chinua@yopmail.com,Gui.Chinua@gmail.com,Gui,police officer
446,Kellby,Norine.Kellby@yopmail.com,Norine.Kellby@gmail.com,Norine,doctor
447,Marsden,Ardenia.Marsden@yopmail.com,Ardenia.Marsden@gmail.com,Ardenia,firefighter
448,Norvol,Wendi.Norvol@yopmail.com,Wendi.Norvol@gmail.com,Wendi,doctor
449,Dimitris,Lanna.Dimitris@yopmail.com,Lanna.Dimitris@gmail.com,Lanna,developer
450,Ehrman,Kittie.Ehrman@yopmail.com,Kittie.Ehrman@gmail.com,Kittie,worker
451,Lilas,Correy.Lilas@yopmail.com,Correy.Lilas@gmail.com,Correy,worker
452,Wallis,Cam.Wallis@yopmail.com,Cam.Wallis@gmail.com,Cam,firefighter
453,Loleta,Beverley.Loleta@yopmail.com,Beverley.Loleta@gmail.com,Beverley,worker
454,Randene,Candy.Randene@yopmail.com,Candy.Randene@gmail.com,Candy,police officer
455,Aprile,Adriana.Aprile@yopmail.com,Adriana.Aprile@gmail.com,Adriana,firefighter
456,Buffum,Leeanne.Buffum@yopmail.com,Leeanne.Buffum@gmail.com,Leeanne,doctor
457,Hoenack,Joane.Hoenack@yopmail.com,Joane.Hoenack@gmail.com,Joane,worker
458,Reinke,Ann-Marie.Reinke@yopmail.com,Ann-Marie.Reinke@gmail.com,Ann-Marie,police officer
459,Francene,Siana.Francene@yopmail.com,Siana.Francene@gmail.com,Siana,developer
460,Gregrory,Annora.Gregrory@yopmail.com,Annora.Gregrory@gmail.com,Annora,firefighter
461,Hermes,Aubrie.Hermes@yopmail.com,Aubrie.Hermes@gmail.com,Aubrie,developer
462,Dreda,Robbi.Dreda@yopmail.com,Robbi.Dreda@gmail.com,Robbi,worker
463,Goode,Ileana.Goode@yopmail.com,Ileana.Goode@gmail.com,Ileana,doctor
464,Alarise,Consuela.Alarise@yopmail.com,Consuela.Alarise@gmail.com,Consuela,doctor
465,Even,Valeda.Even@yopmail.com,Valeda.Even@gmail.com,Valeda,developer
466,O'Carroll,Marinna.O'Carroll@yopmail.com,Marinna.O'Carroll@gmail.com,Marinna,police officer
467,Nickola,Trixi.Nickola@yopmail.com,Trixi.Nickola@gmail.com,Trixi,doctor
468,Cavan,Annice.Cavan@yopmail.com,Annice.Cavan@gmail.com,Annice,doctor
469,Wooster,Lexine.Wooster@yopmail.com,Lexine.Wooster@gmail.com,Lexine,doctor
470,Hillel,Karina.Hillel@yopmail.com,Karina.Hillel@gmail.com,Karina,developer
471,Eugenia,Averyl.Eugenia@yopmail.com,Averyl.Eugenia@gmail.com,Averyl,firefighter
472,Helve,Tilly.Helve@yopmail.com,Tilly.Helve@gmail.com,Tilly,worker
473,Bashemeth,Marjie.Bashemeth@yopmail.com,Marjie.Bashemeth@gmail.com,Marjie,doctor
474,Delila,Emelina.Delila@yopmail.com,Emelina.Delila@gmail.com,Emelina,doctor
475,Bonilla,Emelina.Bonilla@yopmail.com,Emelina.Bonilla@gmail.com,Emelina,firefighter
476,Margret,Amara.Margret@yopmail.com,Amara.Margret@gmail.com,Amara,police officer
477,Bultman,Cordi.Bultman@yopmail.com,Cordi.Bultman@gmail.com,Cordi,firefighter
478,Ulphia,Carmela.Ulphia@yopmail.com,Carmela.Ulphia@gmail.com,Carmela,firefighter
479,Himelman,Cathie.Himelman@yopmail.com,Cathie.Himelman@gmail.com,Cathie,doctor
480,Nerita,Tabbatha.Nerita@yopmail.com,Tabbatha.Nerita@gmail.com,Tabbatha,developer
481,Meter,Norine.Meter@yopmail.com,Norine.Meter@gmail.com,Norine,worker
482,Felizio,Jenda.Felizio@yopmail.com,Jenda.Felizio@gmail.com,Jenda,firefighter
483,Merell,Leia.Merell@yopmail.com,Leia.Merell@gmail.com,Leia,worker
484,Ludewig,Demetris.Ludewig@yopmail.com,Demetris.Ludewig@gmail.com,Demetris,developer
485,Primalia,Andeee.Primalia@yopmail.com,Andeee.Primalia@gmail.com,Andeee,police officer
486,Geffner,Gwyneth.Geffner@yopmail.com,Gwyneth.Geffner@gmail.com,Gwyneth,worker
487,Eckblad,Sean.Eckblad@yopmail.com,Sean.Eckblad@gmail.com,Sean,doctor
488,Zachary,Henriette.Zachary@yopmail.com,Henriette.Zachary@gmail.com,Henriette,developer
489,Taam,Dione.Taam@yopmail.com,Dione.Taam@gmail.com,Dione,developer
490,Rebecka,Linet.Rebecka@yopmail.com,Linet.Rebecka@gmail.com,Linet,developer
491,Lasley,Abbie.Lasley@yopmail.com,Abbie.Lasley@gmail.com,Abbie,developer
492,Peti,Mariele.Peti@yopmail.com,Mariele.Peti@gmail.com,Mariele,police officer
493,Sandye,Dorene.Sandye@yopmail.com,Dorene.Sandye@gmail.com,Dorene,firefighter
494,Thad,Valeda.Thad@yopmail.com,Valeda.Thad@gmail.com,Valeda,developer
495,Laurianne,Karolina.Laurianne@yopmail.com,Karolina.Laurianne@gmail.com,Karolina,doctor
496,Naashom,Sabina.Naashom@yopmail.com,Sabina.Naashom@gmail.com,Sabina,doctor
497,Rodmann,Ebonee.Rodmann@yopmail.com,Ebonee.Rodmann@gmail.com,Ebonee,developer
498,McGrody,Maye.McGrody@yopmail.com,Maye.McGrody@gmail.com,Maye,doctor
499,Douglass,Nonnah.Douglass@yopmail.com,Nonnah.Douglass@gmail.com,Nonnah,doctor
500,Jethro,Nicoli.Jethro@yopmail.com,Nicoli.Jethro@gmail.com,Nicoli,worker
501,Elbertina,Daryl.Elbertina@yopmail.com,Daryl.Elbertina@gmail.com,Daryl,developer
502,Kesley,Lusa.Kesley@yopmail.com,Lusa.Kesley@gmail.com,Lusa,police officer
503,Elisha,Cristabel.Elisha@yopmail.com,Cristabel.Elisha@gmail.com,Cristabel,firefighter
504,Monaco,Ebonee.Monaco@yopmail.com,Ebonee.Monaco@gmail.com,Ebonee,police officer
505,Markman,Arlena.Markman@yopmail.com,Arlena.Markman@gmail.com,Arlena,firefighter
506,Naor,Madalyn.Naor@yopmail.com,Madalyn.Naor@gmail.com,Madalyn,police officer
507,Teddman,Catrina.Teddman@yopmail.com,Catrina.Teddman@gmail.com,Catrina,police officer
508,Niles,Debee.Niles@yopmail.com,Debee.Niles@gmail.com,Debee,police officer
509,Oster,Teddie.Oster@yopmail.com,Teddie.Oster@gmail.com,Teddie,developer
510,Tamar,Caressa.Tamar@yopmail.com,Caressa.Tamar@gmail.com,Caressa,developer
511,Adalbert,Gianina.Adalbert@yopmail.com,Gianina.Adalbert@gmail.com,Gianina,doctor
512,Maiah,Agnese.Maiah@yopmail.com,Agnese.Maiah@gmail.com,Agnese,police officer
513,Campball,Carilyn.Campball@yopmail.com,Carilyn.Campball@gmail.com,Carilyn,developer
514,Lissi,Ermengarde.Lissi@yopmail.com,Ermengarde.Lissi@gmail.com,Ermengarde,police officer
515,Janene,Katleen.Janene@yopmail.com,Katleen.Janene@gmail.com,Katleen,worker
516,Codding,Tomasina.Codding@yopmail.com,Tomasina.Codding@gmail.com,Tomasina,firefighter
517,Rillings,Jolyn.Rillings@yopmail.com,Jolyn.Rillings@gmail.com,Jolyn,police officer
518,Koehler,Emilia.Koehler@yopmail.com,Emilia.Koehler@gmail.com,Emilia,firefighter
519,Joeann,Phedra.Joeann@yopmail.com,Phedra.Joeann@gmail.com,Phedra,firefighter
520,Haldas,Marcelline.Haldas@yopmail.com,Marcelline.Haldas@gmail.com,Marcelline,doctor
521,Rillings,Sallie.Rillings@yopmail.com,Sallie.Rillings@gmail.com,Sallie,police officer
522,Mullane,Dari.Mullane@yopmail.com,Dari.Mullane@gmail.com,Dari,worker
523,Gabrielli,Gloria.Gabrielli@yopmail.com,Gloria.Gabrielli@gmail.com,Gloria,firefighter
524,Solitta,Gale.Solitta@yopmail.com,Gale.Solitta@gmail.com,Gale,developer
525,Erlandson,Alleen.Erlandson@yopmail.com,Alleen.Erlandson@gmail.com,Alleen,police officer
526,Candy,Kimmy.Candy@yopmail.com,Kimmy.Candy@gmail.com,Kimmy,developer
527,Edvard,Tressa.Edvard@yopmail.com,Tressa.Edvard@gmail.com,Tressa,firefighter
528,Grimbly,Vanessa.Grimbly@yopmail.com,Vanessa.Grimbly@gmail.com,Vanessa,developer
529,Curren,Elbertina.Curren@yopmail.com,Elbertina.Curren@gmail.com,Elbertina,doctor
530,Colbert,Riannon.Colbert@yopmail.com,Riannon.Colbert@gmail.com,Riannon,doctor
531,Joseph,Quintina.Joseph@yopmail.com,Quintina.Joseph@gmail.com,Quintina,developer
532,Elbertina,Ericka.Elbertina@yopmail.com,Ericka.Elbertina@gmail.com,Ericka,worker
533,Johanna,Tressa.Johanna@yopmail.com,Tressa.Johanna@gmail.com,Tressa,worker
534,Capello,Morganica.Capello@yopmail.com,Morganica.Capello@gmail.com,Morganica,worker
535,Jehu,Rebeca.Jehu@yopmail.com,Rebeca.Jehu@gmail.com,Rebeca,firefighter
536,Ventre,Glynnis.Ventre@yopmail.com,Glynnis.Ventre@gmail.com,Glynnis,worker
537,Evangelia,Brena.Evangelia@yopmail.com,Brena.Evangelia@gmail.com,Brena,firefighter
538,Bennie,Bill.Bennie@yopmail.com,Bill.Bennie@gmail.com,Bill,doctor
539,Sabella,Lucy.Sabella@yopmail.com,Lucy.Sabella@gmail.com,Lucy,worker
540,Amand,Anallese.Amand@yopmail.com,Anallese.Amand@gmail.com,Anallese,police officer
541,Taima,Nyssa.Taima@yopmail.com,Nyssa.Taima@gmail.com,Nyssa,police officer
542,McGrody,Cristine.McGrody@yopmail.com,Cristine.McGrody@gmail.com,Cristine,police officer
543,Ophelia,Elka.Ophelia@yopmail.com,Elka.Ophelia@gmail.com,Elka,police officer
544,Prouty,Sindee.Prouty@yopmail.com,Sindee.Prouty@gmail.com,Sindee,firefighter
545,Marcellus,Ronna.Marcellus@yopmail.com,Ronna.Marcellus@gmail.com,Ronna,worker
546,Dunkin,Fidelia.Dunkin@yopmail.com,Fidelia.Dunkin@gmail.com,Fidelia,doctor
547,Seumas,Tina.Seumas@yopmail.com,Tina.Seumas@gmail.com,Tina,worker
548,Lindemann,Susette.Lindemann@yopmail.com,Susette.Lindemann@gmail.com,Susette,doctor
549,Kosey,Sashenka.Kosey@yopmail.com,Sashenka.Kosey@gmail.com,Sashenka,firefighter
550,Wallis,Johna.Wallis@yopmail.com,Johna.Wallis@gmail.com,Johna,doctor
551,Rustice,Clary.Rustice@yopmail.com,Clary.Rustice@gmail.com,Clary,police officer
552,Pauly,Julieta.Pauly@yopmail.com,Julieta.Pauly@gmail.com,Julieta,firefighter
553,Connelly,Shaylyn.Connelly@yopmail.com,Shaylyn.Connelly@gmail.com,Shaylyn,police officer
554,Stefa,Joane.Stefa@yopmail.com,Joane.Stefa@gmail.com,Joane,doctor
555,Hylan,Lusa.Hylan@yopmail.com,Lusa.Hylan@gmail.com,Lusa,developer
556,Janith,Ivett.Janith@yopmail.com,Ivett.Janith@gmail.com,Ivett,firefighter
557,Chapland,Liana.Chapland@yopmail.com,Liana.Chapland@gmail.com,Liana,developer
558,Fiester,Frank.Fiester@yopmail.com,Frank.Fiester@gmail.com,Frank,firefighter
559,Bertold,Annabela.Bertold@yopmail.com,Annabela.Bertold@gmail.com,Annabela,worker
560,Argus,Sadie.Argus@yopmail.com,Sadie.Argus@gmail.com,Sadie,doctor
561,Margret,Nananne.Margret@yopmail.com,Nananne.Margret@gmail.com,Nananne,firefighter
562,Teddman,Bee.Teddman@yopmail.com,Bee.Teddman@gmail.com,Bee,worker
563,Aaberg,Jenda.Aaberg@yopmail.com,Jenda.Aaberg@gmail.com,Jenda,police officer
564,Teddman,Norine.Teddman@yopmail.com,Norine.Teddman@gmail.com,Norine,doctor
565,Blisse,Dede.Blisse@yopmail.com,Dede.Blisse@gmail.com,Dede,police officer
566,Truc,Lisette.Truc@yopmail.com,Lisette.Truc@gmail.com,Lisette,developer
567,Standing,Netty.Standing@yopmail.com,Netty.Standing@gmail.com,Netty,developer
568,Berriman,Binny.Berriman@yopmail.com,Binny.Berriman@gmail.com,Binny,worker
569,Baptlsta,Bettine.Baptlsta@yopmail.com,Bettine.Baptlsta@gmail.com,Bettine,firefighter
570,Sinegold,Basia.Sinegold@yopmail.com,Basia.Sinegold@gmail.com,Basia,worker
571,Westphal,Christian.Westphal@yopmail.com,Christian.Westphal@gmail.com,Christian,doctor
572,Wareing,Carol-Jean.Wareing@yopmail.com,Carol-Jean.Wareing@gmail.com,Carol-Jean,police officer
573,Uund,Helsa.Uund@yopmail.com,Helsa.Uund@gmail.com,Helsa,worker
574,Tomasina,Andree.Tomasina@yopmail.com,Andree.Tomasina@gmail.com,Andree,police officer
575,Casimir,Pearline.Casimir@yopmail.com,Pearline.Casimir@gmail.com,Pearline,worker
576,Kronfeld,Vonny.Kronfeld@yopmail.com,Vonny.Kronfeld@gmail.com,Vonny,doctor
577,Stephie,Nadine.Stephie@yopmail.com,Nadine.Stephie@gmail.com,Nadine,firefighter
578,Lowry,Kary.Lowry@yopmail.com,Kary.Lowry@gmail.com,Kary,police officer
579,Milde,Fernande.Milde@yopmail.com,Fernande.Milde@gmail.com,Fernande,worker
580,Bahr,Drucie.Bahr@yopmail.com,Drucie.Bahr@gmail.com,Drucie,developer
581,Decato,Korrie.Decato@yopmail.com,Korrie.Decato@gmail.com,Korrie,doctor
582,Lipson,Nanete.Lipson@yopmail.com,Nanete.Lipson@gmail.com,Nanete,police officer
583,Saree,Danny.Saree@yopmail.com,Danny.Saree@gmail.com,Danny,worker
584,Carlson,Kaja.Carlson@yopmail.com,Kaja.Carlson@gmail.com,Kaja,doctor
585,Vharat,Susan.Vharat@yopmail.com,Susan.Vharat@gmail.com,Susan,developer
586,Newell,Gisela.Newell@yopmail.com,Gisela.Newell@gmail.com,Gisela,police officer
587,Pascia,Oona.Pascia@yopmail.com,Oona.Pascia@gmail.com,Oona,developer
588,Monaco,Aurore.Monaco@yopmail.com,Aurore.Monaco@gmail.com,Aurore,firefighter
589,Yam,Joeann.Yam@yopmail.com,Joeann.Yam@gmail.com,Joeann,developer
590,Gladstone,Penelopa.Gladstone@yopmail.com,Penelopa.Gladstone@gmail.com,Penelopa,doctor
591,Cosenza,Fayre.Cosenza@yopmail.com,Fayre.Cosenza@gmail.com,Fayre,developer
592,Melan,Kayla.Melan@yopmail.com,Kayla.Melan@gmail.com,Kayla,police officer
593,Kaete,Lucille.Kaete@yopmail.com,Lucille.Kaete@gmail.com,Lucille,firefighter
594,Publia,Max.Publia@yopmail.com,Max.Publia@gmail.com,Max,police officer
595,Hanshaw,Cyb.Hanshaw@yopmail.com,Cyb.Hanshaw@gmail.com,Cyb,developer
596,Schonfeld,Joceline.Schonfeld@yopmail.com,Joceline.Schonfeld@gmail.com,Joceline,developer
597,Abbot,Brooks.Abbot@yopmail.com,Brooks.Abbot@gmail.com,Brooks,police officer
598,Lorenz,Arabel.Lorenz@yopmail.com,Arabel.Lorenz@gmail.com,Arabel,firefighter
599,Marsden,Chloris.Marsden@yopmail.com,Chloris.Marsden@gmail.com,Chloris,police officer
600,Anis,Genovera.Anis@yopmail.com,Genovera.Anis@gmail.com,Genovera,firefighter
601,Hashim,Bee.Hashim@yopmail.com,Bee.Hashim@gmail.com,Bee,police officer
602,Marsden,Adele.Marsden@yopmail.com,Adele.Marsden@gmail.com,Adele,developer
603,Seligman,Annabela.Seligman@yopmail.com,Annabela.Seligman@gmail.com,Annabela,doctor
604,Jena,Dorthy.Jena@yopmail.com,Dorthy.Jena@gmail.com,Dorthy,police officer
605,Mendez,Marinna.Mendez@yopmail.com,Marinna.Mendez@gmail.com,Marinna,police officer
606,Willie,Bee.Willie@yopmail.com,Bee.Willie@gmail.com,Bee,police officer
607,Sundin,Anallese.Sundin@yopmail.com,Anallese.Sundin@gmail.com,Anallese,developer
608,Liebermann,Kaja.Liebermann@yopmail.com,Kaja.Liebermann@gmail.com,Kaja,worker
609,Fax,Estell.Fax@yopmail.com,Estell.Fax@gmail.com,Estell,doctor
610,Strephon,Patricia.Strephon@yopmail.com,Patricia.Strephon@gmail.com,Patricia,police officer
611,Belldas,Juliane.Belldas@yopmail.com,Juliane.Belldas@gmail.com,Juliane,firefighter
612,Ortrude,Janey.Ortrude@yopmail.com,Janey.Ortrude@gmail.com,Janey,firefighter
613,Rossner,Peri.Rossner@yopmail.com,Peri.Rossner@gmail.com,Peri,firefighter
614,Georgy,Catharine.Georgy@yopmail.com,Catharine.Georgy@gmail.com,Catharine,worker
615,Francyne,Chickie.Francyne@yopmail.com,Chickie.Francyne@gmail.com,Chickie,doctor
616,Garlinda,Fayre.Garlinda@yopmail.com,Fayre.Garlinda@gmail.com,Fayre,doctor
617,Imelida,Binny.Imelida@yopmail.com,Binny.Imelida@gmail.com,Binny,developer
618,Aida,Candy.Aida@yopmail.com,Candy.Aida@gmail.com,Candy,doctor
619,Morgun,Nollie.Morgun@yopmail.com,Nollie.Morgun@gmail.com,Nollie,doctor
620,Barney,Donnie.Barney@yopmail.com,Donnie.Barney@gmail.com,Donnie,developer
621,Nikaniki,Jere.Nikaniki@yopmail.com,Jere.Nikaniki@gmail.com,Jere,worker
622,Ambrosia,Shirlee.Ambrosia@yopmail.com,Shirlee.Ambrosia@gmail.com,Shirlee,worker
623,Tannie,Genevra.Tannie@yopmail.com,Genevra.Tannie@gmail.com,Genevra,worker
624,Kesley,Marika.Kesley@yopmail.com,Marika.Kesley@gmail.com,Marika,police officer
625,McNully,Bertine.McNully@yopmail.com,Bertine.McNully@gmail.com,Bertine,police officer
626,Swanhildas,June.Swanhildas@yopmail.com,June.Swanhildas@gmail.com,June,doctor
627,Iiette,Devina.Iiette@yopmail.com,Devina.Iiette@gmail.com,Devina,worker
628,Wyn,Kate.Wyn@yopmail.com,Kate.Wyn@gmail.com,Kate,developer
629,Melleta,Sandie.Melleta@yopmail.com,Sandie.Melleta@gmail.com,Sandie,firefighter
630,Rurik,Dominga.Rurik@yopmail.com,Dominga.Rurik@gmail.com,Dominga,firefighter
631,Nea,Adele.Nea@yopmail.com,Adele.Nea@gmail.com,Adele,police officer
632,Liebermann,Mamie.Liebermann@yopmail.com,Mamie.Liebermann@gmail.com,Mamie,developer
633,Ammann,Minne.Ammann@yopmail.com,Minne.Ammann@gmail.com,Minne,police officer
634,Wyn,Corly.Wyn@yopmail.com,Corly.Wyn@gmail.com,Corly,firefighter
635,Rubie,Leona.Rubie@yopmail.com,Leona.Rubie@gmail.com,Leona,police officer
636,Fennessy,Grier.Fennessy@yopmail.com,Grier.Fennessy@gmail.com,Grier,police officer
637,Lorain,Claresta.Lorain@yopmail.com,Claresta.Lorain@gmail.com,Claresta,police officer
638,Daveta,Jere.Daveta@yopmail.com,Jere.Daveta@gmail.com,Jere,developer
639,Atcliffe,Genevra.Atcliffe@yopmail.com,Genevra.Atcliffe@gmail.com,Genevra,developer
640,Burnside,Stevana.Burnside@yopmail.com,Stevana.Burnside@gmail.com,Stevana,developer
641,Medrek,Elmira.Medrek@yopmail.com,Elmira.Medrek@gmail.com,Elmira,doctor
642,Durware,Bertine.Durware@yopmail.com,Bertine.Durware@gmail.com,Bertine,doctor
643,Dorine,Ursulina.Dorine@yopmail.com,Ursulina.Dorine@gmail.com,Ursulina,developer
644,O'Rourke,Florie.O'Rourke@yopmail.com,Florie.O'Rourke@gmail.com,Florie,police officer
645,Valerio,Dale.Valerio@yopmail.com,Dale.Valerio@gmail.com,Dale,worker
646,Jacobah,Tierney.Jacobah@yopmail.com,Tierney.Jacobah@gmail.com,Tierney,developer
647,Miru,Constance.Miru@yopmail.com,Constance.Miru@gmail.com,Constance,police officer
648,Bendick,Cathie.Bendick@yopmail.com,Cathie.Bendick@gmail.com,Cathie,firefighter
649,Georgy,Gale.Georgy@yopmail.com,Gale.Georgy@gmail.com,Gale,firefighter
650,Kaja,Regina.Kaja@yopmail.com,Regina.Kaja@gmail.com,Regina,worker
651,Phi,Jany.Phi@yopmail.com,Jany.Phi@gmail.com,Jany,doctor
652,Hilbert,Nannie.Hilbert@yopmail.com,Nannie.Hilbert@gmail.com,Nannie,doctor
653,Koziara,Benita.Koziara@yopmail.com,Benita.Koziara@gmail.com,Benita,developer
654,Rooney,Coral.Rooney@yopmail.com,Coral.Rooney@gmail.com,Coral,worker
655,Ietta,Damaris.Ietta@yopmail.com,Damaris.Ietta@gmail.com,Damaris,police officer
656,Kronfeld,Ottilie.Kronfeld@yopmail.com,Ottilie.Kronfeld@gmail.com,Ottilie,police officer
657,Carri,Pollyanna.Carri@yopmail.com,Pollyanna.Carri@gmail.com,Pollyanna,firefighter
658,Waite,Latisha.Waite@yopmail.com,Latisha.Waite@gmail.com,Latisha,firefighter
659,Ashok,Elyssa.Ashok@yopmail.com,Elyssa.Ashok@gmail.com,Elyssa,police officer
660,Stacy,Mallory.Stacy@yopmail.com,Mallory.Stacy@gmail.com,Mallory,developer
661,Kazimir,Catharine.Kazimir@yopmail.com,Catharine.Kazimir@gmail.com,Catharine,worker
662,Decato,Barbi.Decato@yopmail.com,Barbi.Decato@gmail.com,Barbi,police officer
663,Armanda,Deedee.Armanda@yopmail.com,Deedee.Armanda@gmail.com,Deedee,worker
664,Macey,Alyda.Macey@yopmail.com,Alyda.Macey@gmail.com,Alyda,police officer
665,Teryn,Valli.Teryn@yopmail.com,Valli.Teryn@gmail.com,Valli,developer
666,Jarib,Teriann.Jarib@yopmail.com,Teriann.Jarib@gmail.com,Teriann,firefighter
667,Brodench,Vita.Brodench@yopmail.com,Vita.Brodench@gmail.com,Vita,firefighter
668,Shelba,Jaime.Shelba@yopmail.com,Jaime.Shelba@gmail.com,Jaime,developer
669,Waite,Hyacinthe.Waite@yopmail.com,Hyacinthe.Waite@gmail.com,Hyacinthe,worker
670,Colleen,Genevra.Colleen@yopmail.com,Genevra.Colleen@gmail.com,Genevra,police officer
671,Louanna,Alie.Louanna@yopmail.com,Alie.Louanna@gmail.com,Alie,doctor
672,Ferino,Chloris.Ferino@yopmail.com,Chloris.Ferino@gmail.com,Chloris,firefighter
673,Jerald,Carmela.Jerald@yopmail.com,Carmela.Jerald@gmail.com,Carmela,firefighter
674,Jethro,Nyssa.Jethro@yopmail.com,Nyssa.Jethro@gmail.com,Nyssa,doctor
675,Cleavland,Mamie.Cleavland@yopmail.com,Mamie.Cleavland@gmail.com,Mamie,police officer
676,Ricki,Christal.Ricki@yopmail.com,Christal.Ricki@gmail.com,Christal,police officer
677,Kiyoshi,Aili.Kiyoshi@yopmail.com,Aili.Kiyoshi@gmail.com,Aili,firefighter
678,Seumas,Ebonee.Seumas@yopmail.com,Ebonee.Seumas@gmail.com,Ebonee,doctor
679,Berl,Flo.Berl@yopmail.com,Flo.Berl@gmail.com,Flo,worker
680,Penelopa,Minne.Penelopa@yopmail.com,Minne.Penelopa@gmail.com,Minne,developer
681,Arne,Katuscha.Arne@yopmail.com,Katuscha.Arne@gmail.com,Katuscha,police officer
682,Horan,Nonnah.Horan@yopmail.com,Nonnah.Horan@gmail.com,Nonnah,firefighter
683,Love,Nataline.Love@yopmail.com,Nataline.Love@gmail.com,Nataline,developer
684,Bibi,Averyl.Bibi@yopmail.com,Averyl.Bibi@gmail.com,Averyl,developer
685,Hebner,Dulcinea.Hebner@yopmail.com,Dulcinea.Hebner@gmail.com,Dulcinea,police officer
686,Elephus,Janenna.Elephus@yopmail.com,Janenna.Elephus@gmail.com,Janenna,police officer
687,Thad,Danika.Thad@yopmail.com,Danika.Thad@gmail.com,Danika,firefighter
688,Henebry,Dari.Henebry@yopmail.com,Dari.Henebry@gmail.com,Dari,police officer
689,Cutlerr,Tobe.Cutlerr@yopmail.com,Tobe.Cutlerr@gmail.com,Tobe,doctor
690,Klemperer,Olivette.Klemperer@yopmail.com,Olivette.Klemperer@gmail.com,Olivette,police officer
691,Wattenberg,Caryl.Wattenberg@yopmail.com,Caryl.Wattenberg@gmail.com,Caryl,firefighter
692,Ethban,Augustine.Ethban@yopmail.com,Augustine.Ethban@gmail.com,Augustine,firefighter
693,Zrike,Deloria.Zrike@yopmail.com,Deloria.Zrike@gmail.com,Deloria,worker
694,Henrie,Fanchon.Henrie@yopmail.com,Fanchon.Henrie@gmail.com,Fanchon,developer
695,Croix,Florie.Croix@yopmail.com,Florie.Croix@gmail.com,Florie,developer
696,Carolin,Constance.Carolin@yopmail.com,Constance.Carolin@gmail.com,Constance,police officer
697,Sinegold,Jacenta.Sinegold@yopmail.com,Jacenta.Sinegold@gmail.com,Jacenta,developer
698,Bultman,Susette.Bultman@yopmail.com,Susette.Bultman@gmail.com,Susette,worker
699,Carvey,Flo.Carvey@yopmail.com,Flo.Carvey@gmail.com,Flo,doctor
700,Andrel,Natka.Andrel@yopmail.com,Natka.Andrel@gmail.com,Natka,police officer
701,Israeli,Glenda.Israeli@yopmail.com,Glenda.Israeli@gmail.com,Glenda,developer
702,Abbot,Lexine.Abbot@yopmail.com,Lexine.Abbot@gmail.com,Lexine,firefighter
703,Tamar,Karina.Tamar@yopmail.com,Karina.Tamar@gmail.com,Karina,doctor
704,Pelagias,Lorie.Pelagias@yopmail.com,Lorie.Pelagias@gmail.com,Lorie,worker
705,Jacqui,Meghann.Jacqui@yopmail.com,Meghann.Jacqui@gmail.com,Meghann,firefighter
706,Loleta,Cam.Loleta@yopmail.com,Cam.Loleta@gmail.com,Cam,worker
707,Vilma,Lindie.Vilma@yopmail.com,Lindie.Vilma@gmail.com,Lindie,worker
708,Maribeth,Donnie.Maribeth@yopmail.com,Donnie.Maribeth@gmail.com,Donnie,worker
709,Juan,Augustine.Juan@yopmail.com,Augustine.Juan@gmail.com,Augustine,doctor
710,Stover,Robinia.Stover@yopmail.com,Robinia.Stover@gmail.com,Robinia,firefighter
711,Ball,Drucie.Ball@yopmail.com,Drucie.Ball@gmail.com,Drucie,developer
712,Roarke,Minne.Roarke@yopmail.com,Minne.Roarke@gmail.com,Minne,doctor
713,Federica,Chickie.Federica@yopmail.com,Chickie.Federica@gmail.com,Chickie,developer
714,Lutero,Elise.Lutero@yopmail.com,Elise.Lutero@gmail.com,Elise,doctor
715,Jess,Moyna.Jess@yopmail.com,Moyna.Jess@gmail.com,Moyna,worker
716,Loeb,Susan.Loeb@yopmail.com,Susan.Loeb@gmail.com,Susan,firefighter
717,Olin,Laurene.Olin@yopmail.com,Laurene.Olin@gmail.com,Laurene,worker
718,Socha,Mamie.Socha@yopmail.com,Mamie.Socha@gmail.com,Mamie,doctor
719,Gahl,Myriam.Gahl@yopmail.com,Myriam.Gahl@gmail.com,Myriam,doctor
720,Rillings,Winny.Rillings@yopmail.com,Winny.Rillings@gmail.com,Winny,police officer
721,Han,Vivia.Han@yopmail.com,Vivia.Han@gmail.com,Vivia,police officer
722,Othilia,Teriann.Othilia@yopmail.com,Teriann.Othilia@gmail.com,Teriann,developer
723,Engdahl,Evaleen.Engdahl@yopmail.com,Evaleen.Engdahl@gmail.com,Evaleen,police officer
724,Pillsbury,Misha.Pillsbury@yopmail.com,Misha.Pillsbury@gmail.com,Misha,developer
725,Sparhawk,Max.Sparhawk@yopmail.com,Max.Sparhawk@gmail.com,Max,firefighter
726,Laverne,Bernie.Laverne@yopmail.com,Bernie.Laverne@gmail.com,Bernie,worker
727,Hanleigh,Tani.Hanleigh@yopmail.com,Tani.Hanleigh@gmail.com,Tani,worker
728,Atonsah,Albertina.Atonsah@yopmail.com,Albertina.Atonsah@gmail.com,Albertina,police officer
729,Hutchison,Olwen.Hutchison@yopmail.com,Olwen.Hutchison@gmail.com,Olwen,doctor
730,Malvino,Magdalena.Malvino@yopmail.com,Magdalena.Malvino@gmail.com,Magdalena,doctor
731,Heidt,Darlleen.Heidt@yopmail.com,Darlleen.Heidt@gmail.com,Darlleen,developer
732,Taima,Kerrin.Taima@yopmail.com,Kerrin.Taima@gmail.com,Kerrin,developer
733,Guthrie,Tilly.Guthrie@yopmail.com,Tilly.Guthrie@gmail.com,Tilly,developer
734,Byrne,Alejandra.Byrne@yopmail.com,Alejandra.Byrne@gmail.com,Alejandra,police officer
735,Kylander,Angela.Kylander@yopmail.com,Angela.Kylander@gmail.com,Angela,developer
736,Shuler,Miquela.Shuler@yopmail.com,Miquela.Shuler@gmail.com,Miquela,doctor
737,Dermott,Stevana.Dermott@yopmail.com,Stevana.Dermott@gmail.com,Stevana,police officer
738,Eachern,Barbi.Eachern@yopmail.com,Barbi.Eachern@gmail.com,Barbi,police officer
739,Bebe,Sandie.Bebe@yopmail.com,Sandie.Bebe@gmail.com,Sandie,doctor
740,Sprage,Delilah.Sprage@yopmail.com,Delilah.Sprage@gmail.com,Delilah,firefighter
741,Reneta,Beverley.Reneta@yopmail.com,Beverley.Reneta@gmail.com,Beverley,developer
742,Telfer,Merrie.Telfer@yopmail.com,Merrie.Telfer@gmail.com,Merrie,worker
743,Aprile,Sadie.Aprile@yopmail.com,Sadie.Aprile@gmail.com,Sadie,developer
744,Hirsch,Florie.Hirsch@yopmail.com,Florie.Hirsch@gmail.com,Florie,developer
745,Ahab,Anestassia.Ahab@yopmail.com,Anestassia.Ahab@gmail.com,Anestassia,firefighter
746,Gaulin,Kayla.Gaulin@yopmail.com,Kayla.Gaulin@gmail.com,Kayla,firefighter
747,Faust,Jennica.Faust@yopmail.com,Jennica.Faust@gmail.com,Jennica,police officer
748,Borrell,Gabriellia.Borrell@yopmail.com,Gabriellia.Borrell@gmail.com,Gabriellia,firefighter
749,Aloise,Winny.Aloise@yopmail.com,Winny.Aloise@gmail.com,Winny,worker
750,Dudley,Nikki.Dudley@yopmail.com,Nikki.Dudley@gmail.com,Nikki,firefighter
751,Hanleigh,Amelia.Hanleigh@yopmail.com,Amelia.Hanleigh@gmail.com,Amelia,worker
752,Seagraves,Nessie.Seagraves@yopmail.com,Nessie.Seagraves@gmail.com,Nessie,developer
753,Shama,Zondra.Shama@yopmail.com,Zondra.Shama@gmail.com,Zondra,developer
754,Grayce,Jolyn.Grayce@yopmail.com,Jolyn.Grayce@gmail.com,Jolyn,firefighter
755,Sholley,Kristan.Sholley@yopmail.com,Kristan.Sholley@gmail.com,Kristan,doctor
756,Ambrosia,Edith.Ambrosia@yopmail.com,Edith.Ambrosia@gmail.com,Edith,police officer
757,Havens,Marti.Havens@yopmail.com,Marti.Havens@gmail.com,Marti,developer
758,Destinee,Shandie.Destinee@yopmail.com,Shandie.Destinee@gmail.com,Shandie,doctor
759,Fontana,Moyna.Fontana@yopmail.com,Moyna.Fontana@gmail.com,Moyna,police officer
760,Willie,Jerry.Willie@yopmail.com,Jerry.Willie@gmail.com,Jerry,police officer
761,Bury,Lisette.Bury@yopmail.com,Lisette.Bury@gmail.com,Lisette,doctor
762,Gaal,Halette.Gaal@yopmail.com,Halette.Gaal@gmail.com,Halette,worker
763,Elvyn,Rozele.Elvyn@yopmail.com,Rozele.Elvyn@gmail.com,Rozele,doctor
764,Urias,Berta.Urias@yopmail.com,Berta.Urias@gmail.com,Berta,worker
765,Corabella,Aimil.Corabella@yopmail.com,Aimil.Corabella@gmail.com,Aimil,worker
766,Hathaway,Lucy.Hathaway@yopmail.com,Lucy.Hathaway@gmail.com,Lucy,developer
767,Ortrude,Corly.Ortrude@yopmail.com,Corly.Ortrude@gmail.com,Corly,firefighter
768,Thar,Christal.Thar@yopmail.com,Christal.Thar@gmail.com,Christal,worker
769,Lumbard,Cathie.Lumbard@yopmail.com,Cathie.Lumbard@gmail.com,Cathie,police officer
770,Concha,Johna.Concha@yopmail.com,Johna.Concha@gmail.com,Johna,developer
771,Llovera,Annice.Llovera@yopmail.com,Annice.Llovera@gmail.com,Annice,firefighter
772,Mata,Tatiania.Mata@yopmail.com,Tatiania.Mata@gmail.com,Tatiania,doctor
773,Heisel,Patricia.Heisel@yopmail.com,Patricia.Heisel@gmail.com,Patricia,developer
774,Abram,Hildegaard.Abram@yopmail.com,Hildegaard.Abram@gmail.com,Hildegaard,police officer
775,Cleo,Binny.Cleo@yopmail.com,Binny.Cleo@gmail.com,Binny,police officer
776,Dimitris,Glynnis.Dimitris@yopmail.com,Glynnis.Dimitris@gmail.com,Glynnis,developer
777,Hillel,Jenda.Hillel@yopmail.com,Jenda.Hillel@gmail.com,Jenda,developer
778,Phaidra,Latisha.Phaidra@yopmail.com,Latisha.Phaidra@gmail.com,Latisha,doctor
779,Jalbert,Heida.Jalbert@yopmail.com,Heida.Jalbert@gmail.com,Heida,police officer
780,Annice,Chandra.Annice@yopmail.com,Chandra.Annice@gmail.com,Chandra,firefighter
781,Peti,Sybille.Peti@yopmail.com,Sybille.Peti@gmail.com,Sybille,police officer
782,Fiann,Doralynne.Fiann@yopmail.com,Doralynne.Fiann@gmail.com,Doralynne,firefighter
783,Bevin,Jessy.Bevin@yopmail.com,Jessy.Bevin@gmail.com,Jessy,firefighter
784,Boehike,Letizia.Boehike@yopmail.com,Letizia.Boehike@gmail.com,Letizia,worker
785,Uird,Romona.Uird@yopmail.com,Romona.Uird@gmail.com,Romona,developer
786,Eugenia,Ottilie.Eugenia@yopmail.com,Ottilie.Eugenia@gmail.com,Ottilie,doctor
787,Valoniah,Darci.Valoniah@yopmail.com,Darci.Valoniah@gmail.com,Darci,worker
788,Richers,Damaris.Richers@yopmail.com,Damaris.Richers@gmail.com,Damaris,worker
789,Howlyn,Bertine.Howlyn@yopmail.com,Bertine.Howlyn@gmail.com,Bertine,worker
790,Rodmann,Angelique.Rodmann@yopmail.com,Angelique.Rodmann@gmail.com,Angelique,developer
791,Cristi,Jobi.Cristi@yopmail.com,Jobi.Cristi@gmail.com,Jobi,developer
792,Grimbly,Wendi.Grimbly@yopmail.com,Wendi.Grimbly@gmail.com,Wendi,police officer
793,Tristram,Ernesta.Tristram@yopmail.com,Ernesta.Tristram@gmail.com,Ernesta,developer
794,Lewes,Rosanne.Lewes@yopmail.com,Rosanne.Lewes@gmail.com,Rosanne,doctor
795,Craggie,Suzette.Craggie@yopmail.com,Suzette.Craggie@gmail.com,Suzette,developer
796,Buckler,Deirdre.Buckler@yopmail.com,Deirdre.Buckler@gmail.com,Deirdre,worker
797,Ivens,Ginnie.Ivens@yopmail.com,Ginnie.Ivens@gmail.com,Ginnie,doctor
798,Narton,Corene.Narton@yopmail.com,Corene.Narton@gmail.com,Corene,police officer
799,Valoniah,Sophia.Valoniah@yopmail.com,Sophia.Valoniah@gmail.com,Sophia,developer
800,Gombach,Doralynne.Gombach@yopmail.com,Doralynne.Gombach@gmail.com,Doralynne,developer
801,Anestassia,Micheline.Anestassia@yopmail.com,Micheline.Anestassia@gmail.com,Micheline,developer
802,Federica,Tarra.Federica@yopmail.com,Tarra.Federica@gmail.com,Tarra,developer
803,Rosemary,Rebeca.Rosemary@yopmail.com,Rebeca.Rosemary@gmail.com,Rebeca,firefighter
804,Carleen,Emylee.Carleen@yopmail.com,Emylee.Carleen@gmail.com,Emylee,developer
805,Daegal,Delilah.Daegal@yopmail.com,Delilah.Daegal@gmail.com,Delilah,developer
806,Winthorpe,Rani.Winthorpe@yopmail.com,Rani.Winthorpe@gmail.com,Rani,firefighter
807,Mauer,Teddie.Mauer@yopmail.com,Teddie.Mauer@gmail.com,Teddie,developer
808,Leler,Paule.Leler@yopmail.com,Paule.Leler@gmail.com,Paule,developer
809,Wesle,Sallie.Wesle@yopmail.com,Sallie.Wesle@gmail.com,Sallie,firefighter
810,Meli,Rhea.Meli@yopmail.com,Rhea.Meli@gmail.com,Rhea,worker
811,Oster,Antonietta.Oster@yopmail.com,Antonietta.Oster@gmail.com,Antonietta,worker
812,Pattin,Carmela.Pattin@yopmail.com,Carmela.Pattin@gmail.com,Carmela,doctor
813,Gabrielli,Chastity.Gabrielli@yopmail.com,Chastity.Gabrielli@gmail.com,Chastity,doctor
814,Tyson,Leontine.Tyson@yopmail.com,Leontine.Tyson@gmail.com,Leontine,firefighter
815,Merna,Eolanda.Merna@yopmail.com,Eolanda.Merna@gmail.com,Eolanda,firefighter
816,Chobot,Lesly.Chobot@yopmail.com,Lesly.Chobot@gmail.com,Lesly,doctor
817,Montgomery,Claudina.Montgomery@yopmail.com,Claudina.Montgomery@gmail.com,Claudina,firefighter
818,Roumell,Lorie.Roumell@yopmail.com,Lorie.Roumell@gmail.com,Lorie,doctor
819,Yusuk,Chastity.Yusuk@yopmail.com,Chastity.Yusuk@gmail.com,Chastity,developer
820,Evvie,Hannis.Evvie@yopmail.com,Hannis.Evvie@gmail.com,Hannis,doctor
821,Sammons,Starla.Sammons@yopmail.com,Starla.Sammons@gmail.com,Starla,police officer
822,Lauraine,Caressa.Lauraine@yopmail.com,Caressa.Lauraine@gmail.com,Caressa,firefighter
823,Lucienne,Kerrin.Lucienne@yopmail.com,Kerrin.Lucienne@gmail.com,Kerrin,firefighter
824,Trey,Sherrie.Trey@yopmail.com,Sherrie.Trey@gmail.com,Sherrie,developer
825,Gaal,Chere.Gaal@yopmail.com,Chere.Gaal@gmail.com,Chere,worker
826,Simmonds,Cherrita.Simmonds@yopmail.com,Cherrita.Simmonds@gmail.com,Cherrita,doctor
827,Sacken,Philis.Sacken@yopmail.com,Philis.Sacken@gmail.com,Philis,police officer
828,Rebecka,Jessy.Rebecka@yopmail.com,Jessy.Rebecka@gmail.com,Jessy,doctor
829,Gaynor,Claudina.Gaynor@yopmail.com,Claudina.Gaynor@gmail.com,Claudina,police officer
830,Nerita,Di.Nerita@yopmail.com,Di.Nerita@gmail.com,Di,worker
831,Morgun,Kylynn.Morgun@yopmail.com,Kylynn.Morgun@gmail.com,Kylynn,firefighter
832,Roxanna,Reeba.Roxanna@yopmail.com,Reeba.Roxanna@gmail.com,Reeba,developer
833,Sawtelle,Roxane.Sawtelle@yopmail.com,Roxane.Sawtelle@gmail.com,Roxane,police officer
834,Byrne,Nonnah.Byrne@yopmail.com,Nonnah.Byrne@gmail.com,Nonnah,police officer
835,Masao,Laurene.Masao@yopmail.com,Laurene.Masao@gmail.com,Laurene,worker
836,Bohlin,Fredericka.Bohlin@yopmail.com,Fredericka.Bohlin@gmail.com,Fredericka,firefighter
837,Kathie,Angelique.Kathie@yopmail.com,Angelique.Kathie@gmail.com,Angelique,police officer
838,Dawkins,Gabriellia.Dawkins@yopmail.com,Gabriellia.Dawkins@gmail.com,Gabriellia,developer
839,Mehalek,Helsa.Mehalek@yopmail.com,Helsa.Mehalek@gmail.com,Helsa,doctor
840,Munn,Asia.Munn@yopmail.com,Asia.Munn@gmail.com,Asia,developer
841,Evvie,Ofilia.Evvie@yopmail.com,Ofilia.Evvie@gmail.com,Ofilia,doctor
842,Howlyn,Tiffie.Howlyn@yopmail.com,Tiffie.Howlyn@gmail.com,Tiffie,worker
843,Billye,Ernesta.Billye@yopmail.com,Ernesta.Billye@gmail.com,Ernesta,worker
844,Edee,Mallory.Edee@yopmail.com,Mallory.Edee@gmail.com,Mallory,police officer
845,Beniamino,Nannie.Beniamino@yopmail.com,Nannie.Beniamino@gmail.com,Nannie,firefighter
846,Bord,Amalie.Bord@yopmail.com,Amalie.Bord@gmail.com,Amalie,doctor
847,Grimbly,Tybie.Grimbly@yopmail.com,Tybie.Grimbly@gmail.com,Tybie,police officer
848,Bord,Keelia.Bord@yopmail.com,Keelia.Bord@gmail.com,Keelia,worker
849,Ellerey,Margette.Ellerey@yopmail.com,Margette.Ellerey@gmail.com,Margette,developer
850,Agle,Kalina.Agle@yopmail.com,Kalina.Agle@gmail.com,Kalina,developer
851,Hanleigh,Daune.Hanleigh@yopmail.com,Daune.Hanleigh@gmail.com,Daune,doctor
852,Christine,Rivalee.Christine@yopmail.com,Rivalee.Christine@gmail.com,Rivalee,doctor
853,Maples,Nananne.Maples@yopmail.com,Nananne.Maples@gmail.com,Nananne,doctor
854,Uird,Letizia.Uird@yopmail.com,Letizia.Uird@gmail.com,Letizia,police officer
855,Cosenza,Leia.Cosenza@yopmail.com,Leia.Cosenza@gmail.com,Leia,police officer
856,Ricki,Vevay.Ricki@yopmail.com,Vevay.Ricki@gmail.com,Vevay,developer
857,Hourigan,Peri.Hourigan@yopmail.com,Peri.Hourigan@gmail.com,Peri,worker
858,Hermes,Karlee.Hermes@yopmail.com,Karlee.Hermes@gmail.com,Karlee,doctor
859,Burkle,Justinn.Burkle@yopmail.com,Justinn.Burkle@gmail.com,Justinn,doctor
860,Leopold,Rosene.Leopold@yopmail.com,Rosene.Leopold@gmail.com,Rosene,doctor
861,Alarise,Orsola.Alarise@yopmail.com,Orsola.Alarise@gmail.com,Orsola,developer
862,Emanuel,Alleen.Emanuel@yopmail.com,Alleen.Emanuel@gmail.com,Alleen,developer
863,Abram,Grier.Abram@yopmail.com,Grier.Abram@gmail.com,Grier,police officer
864,Taam,Benita.Taam@yopmail.com,Benita.Taam@gmail.com,Benita,doctor
865,Ax,Kassey.Ax@yopmail.com,Kassey.Ax@gmail.com,Kassey,police officer
866,Burkle,Dari.Burkle@yopmail.com,Dari.Burkle@gmail.com,Dari,firefighter
867,Westphal,Heida.Westphal@yopmail.com,Heida.Westphal@gmail.com,Heida,doctor
868,Lindemann,Berget.Lindemann@yopmail.com,Berget.Lindemann@gmail.com,Berget,firefighter
869,Hutchison,Sheelagh.Hutchison@yopmail.com,Sheelagh.Hutchison@gmail.com,Sheelagh,police officer
870,Dash,Asia.Dash@yopmail.com,Asia.Dash@gmail.com,Asia,firefighter
871,Carvey,Lesly.Carvey@yopmail.com,Lesly.Carvey@gmail.com,Lesly,police officer
872,Screens,Tomasina.Screens@yopmail.com,Tomasina.Screens@gmail.com,Tomasina,police officer
873,Orpah,Correy.Orpah@yopmail.com,Correy.Orpah@gmail.com,Correy,doctor
874,Noman,Rosabelle.Noman@yopmail.com,Rosabelle.Noman@gmail.com,Rosabelle,firefighter
875,Cutlerr,Mireielle.Cutlerr@yopmail.com,Mireielle.Cutlerr@gmail.com,Mireielle,doctor
876,Lenny,Desirae.Lenny@yopmail.com,Desirae.Lenny@gmail.com,Desirae,firefighter
877,Faust,Theodora.Faust@yopmail.com,Theodora.Faust@gmail.com,Theodora,developer
878,Atonsah,Demetris.Atonsah@yopmail.com,Demetris.Atonsah@gmail.com,Demetris,worker
879,Azeria,Eve.Azeria@yopmail.com,Eve.Azeria@gmail.com,Eve,developer
880,Hirsch,Fred.Hirsch@yopmail.com,Fred.Hirsch@gmail.com,Fred,developer
881,Whittaker,Courtnay.Whittaker@yopmail.com,Courtnay.Whittaker@gmail.com,Courtnay,firefighter
882,Fillbert,Kamilah.Fillbert@yopmail.com,Kamilah.Fillbert@gmail.com,Kamilah,doctor
883,Othilia,Ninnetta.Othilia@yopmail.com,Ninnetta.Othilia@gmail.com,Ninnetta,developer
884,Longfellow,Olwen.Longfellow@yopmail.com,Olwen.Longfellow@gmail.com,Olwen,firefighter
885,Rurik,Cissiee.Rurik@yopmail.com,Cissiee.Rurik@gmail.com,Cissiee,worker
886,Leler,Addia.Leler@yopmail.com,Addia.Leler@gmail.com,Addia,developer
887,Adore,Kimberley.Adore@yopmail.com,Kimberley.Adore@gmail.com,Kimberley,developer
888,Fennessy,Kamilah.Fennessy@yopmail.com,Kamilah.Fennessy@gmail.com,Kamilah,developer
889,Elsinore,Donnie.Elsinore@yopmail.com,Donnie.Elsinore@gmail.com,Donnie,firefighter
890,Middleton,Alia.Middleton@yopmail.com,Alia.Middleton@gmail.com,Alia,developer
891,Vastah,Clo.Vastah@yopmail.com,Clo.Vastah@gmail.com,Clo,worker
892,Neils,Inga.Neils@yopmail.com,Inga.Neils@gmail.com,Inga,firefighter
893,Francyne,Tobe.Francyne@yopmail.com,Tobe.Francyne@gmail.com,Tobe,developer
894,Mitzi,Merle.Mitzi@yopmail.com,Merle.Mitzi@gmail.com,Merle,worker
895,Aida,Devina.Aida@yopmail.com,Devina.Aida@gmail.com,Devina,doctor
896,Chick,Dorothy.Chick@yopmail.com,Dorothy.Chick@gmail.com,Dorothy,worker
897,Emanuel,Lita.Emanuel@yopmail.com,Lita.Emanuel@gmail.com,Lita,doctor
898,Presber,Marsiella.Presber@yopmail.com,Marsiella.Presber@gmail.com,Marsiella,police officer
899,Fontana,Tersina.Fontana@yopmail.com,Tersina.Fontana@gmail.com,Tersina,developer
900,Shaddock,Marjie.Shaddock@yopmail.com,Marjie.Shaddock@gmail.com,Marjie,firefighter
901,Artie,Quintina.Artie@yopmail.com,Quintina.Artie@gmail.com,Quintina,worker
902,Artie,Dianemarie.Artie@yopmail.com,Dianemarie.Artie@gmail.com,Dianemarie,doctor
903,Ashely,Shaine.Ashely@yopmail.com,Shaine.Ashely@gmail.com,Shaine,doctor
904,Rogerio,Sybille.Rogerio@yopmail.com,Sybille.Rogerio@gmail.com,Sybille,doctor
905,Amethist,Rhea.Amethist@yopmail.com,Rhea.Amethist@gmail.com,Rhea,worker
906,Tacye,Harrietta.Tacye@yopmail.com,Harrietta.Tacye@gmail.com,Harrietta,developer
907,Henrie,Correy.Henrie@yopmail.com,Correy.Henrie@gmail.com,Correy,doctor
908,Adrienne,Constance.Adrienne@yopmail.com,Constance.Adrienne@gmail.com,Constance,firefighter
909,Judye,Hayley.Judye@yopmail.com,Hayley.Judye@gmail.com,Hayley,police officer
910,Pearse,Sonni.Pearse@yopmail.com,Sonni.Pearse@gmail.com,Sonni,doctor
911,Minetta,Debee.Minetta@yopmail.com,Debee.Minetta@gmail.com,Debee,firefighter
912,Huggins,Tonia.Huggins@yopmail.com,Tonia.Huggins@gmail.com,Tonia,doctor
913,Bebe,Neila.Bebe@yopmail.com,Neila.Bebe@gmail.com,Neila,doctor
914,Justinn,Gilda.Justinn@yopmail.com,Gilda.Justinn@gmail.com,Gilda,firefighter
915,Gillan,Marika.Gillan@yopmail.com,Marika.Gillan@gmail.com,Marika,developer
916,Pillsbury,Sandie.Pillsbury@yopmail.com,Sandie.Pillsbury@gmail.com,Sandie,police officer
917,Rona,Beverley.Rona@yopmail.com,Beverley.Rona@gmail.com,Beverley,worker
918,Frendel,Fawne.Frendel@yopmail.com,Fawne.Frendel@gmail.com,Fawne,police officer
919,Cornelia,Belva.Cornelia@yopmail.com,Belva.Cornelia@gmail.com,Belva,worker
920,Vittoria,Trudie.Vittoria@yopmail.com,Trudie.Vittoria@gmail.com,Trudie,doctor
921,Idelia,Kelly.Idelia@yopmail.com,Kelly.Idelia@gmail.com,Kelly,police officer
922,Arley,Fernande.Arley@yopmail.com,Fernande.Arley@gmail.com,Fernande,firefighter
923,Voletta,Karina.Voletta@yopmail.com,Karina.Voletta@gmail.com,Karina,worker
924,Romelda,Catharine.Romelda@yopmail.com,Catharine.Romelda@gmail.com,Catharine,developer
925,Edison,Gusella.Edison@yopmail.com,Gusella.Edison@gmail.com,Gusella,developer
926,Leonard,Meg.Leonard@yopmail.com,Meg.Leonard@gmail.com,Meg,firefighter
927,Kronfeld,Doro.Kronfeld@yopmail.com,Doro.Kronfeld@gmail.com,Doro,developer
928,Kiersten,Evaleen.Kiersten@yopmail.com,Evaleen.Kiersten@gmail.com,Evaleen,doctor
929,Leffen,Tersina.Leffen@yopmail.com,Tersina.Leffen@gmail.com,Tersina,doctor
930,Ajay,Annice.Ajay@yopmail.com,Annice.Ajay@gmail.com,Annice,developer
931,Shama,Delilah.Shama@yopmail.com,Delilah.Shama@gmail.com,Delilah,firefighter
932,Dielu,Priscilla.Dielu@yopmail.com,Priscilla.Dielu@gmail.com,Priscilla,firefighter
933,Bakerman,Tersina.Bakerman@yopmail.com,Tersina.Bakerman@gmail.com,Tersina,worker
934,Ashok,Fredericka.Ashok@yopmail.com,Fredericka.Ashok@gmail.com,Fredericka,worker
935,Cullin,Joeann.Cullin@yopmail.com,Joeann.Cullin@gmail.com,Joeann,firefighter
936,Hirsch,Vinita.Hirsch@yopmail.com,Vinita.Hirsch@gmail.com,Vinita,police officer
937,Erb,Hildegaard.Erb@yopmail.com,Hildegaard.Erb@gmail.com,Hildegaard,worker
938,Si,Luci.Si@yopmail.com,Luci.Si@gmail.com,Luci,firefighter
939,Fontana,Laure.Fontana@yopmail.com,Laure.Fontana@gmail.com,Laure,doctor
940,Merat,Beverley.Merat@yopmail.com,Beverley.Merat@gmail.com,Beverley,doctor
941,Haerr,Lynnea.Haerr@yopmail.com,Lynnea.Haerr@gmail.com,Lynnea,developer
942,Millda,Gloria.Millda@yopmail.com,Gloria.Millda@gmail.com,Gloria,firefighter
943,Bollay,Neila.Bollay@yopmail.com,Neila.Bollay@gmail.com,Neila,firefighter
944,Gaynor,Marinna.Gaynor@yopmail.com,Marinna.Gaynor@gmail.com,Marinna,worker
945,Rogerio,Maridel.Rogerio@yopmail.com,Maridel.Rogerio@gmail.com,Maridel,police officer
946,Sabella,Aeriela.Sabella@yopmail.com,Aeriela.Sabella@gmail.com,Aeriela,doctor
947,Bakerman,Brooks.Bakerman@yopmail.com,Brooks.Bakerman@gmail.com,Brooks,police officer
948,Viddah,Emelina.Viddah@yopmail.com,Emelina.Viddah@gmail.com,Emelina,police officer
949,Louanna,Jackie.Louanna@yopmail.com,Jackie.Louanna@gmail.com,Jackie,police officer
950,Leffen,Aigneis.Leffen@yopmail.com,Aigneis.Leffen@gmail.com,Aigneis,firefighter
951,Kermit,Julieta.Kermit@yopmail.com,Julieta.Kermit@gmail.com,Julieta,developer
952,Hathaway,Jessy.Hathaway@yopmail.com,Jessy.Hathaway@gmail.com,Jessy,developer
953,Bryna,Doralynne.Bryna@yopmail.com,Doralynne.Bryna@gmail.com,Doralynne,worker
954,Destinee,Beverley.Destinee@yopmail.com,Beverley.Destinee@gmail.com,Beverley,worker
955,Craggie,Dolli.Craggie@yopmail.com,Dolli.Craggie@gmail.com,Dolli,doctor
956,Dulciana,Romona.Dulciana@yopmail.com,Romona.Dulciana@gmail.com,Romona,firefighter
957,Engdahl,Vevay.Engdahl@yopmail.com,Vevay.Engdahl@gmail.com,Vevay,police officer
958,Killigrew,Sibella.Killigrew@yopmail.com,Sibella.Killigrew@gmail.com,Sibella,developer
959,Edee,Doro.Edee@yopmail.com,Doro.Edee@gmail.com,Doro,developer
960,Niccolo,Lizzie.Niccolo@yopmail.com,Lizzie.Niccolo@gmail.com,Lizzie,worker
961,Buckler,Melanie.Buckler@yopmail.com,Melanie.Buckler@gmail.com,Melanie,worker
962,Abram,Nessie.Abram@yopmail.com,Nessie.Abram@gmail.com,Nessie,police officer
963,Elsinore,Keelia.Elsinore@yopmail.com,Keelia.Elsinore@gmail.com,Keelia,firefighter
964,Tufts,Brooks.Tufts@yopmail.com,Brooks.Tufts@gmail.com,Brooks,police officer
965,Merat,Nicoli.Merat@yopmail.com,Nicoli.Merat@gmail.com,Nicoli,developer
966,Aldric,Jeanna.Aldric@yopmail.com,Jeanna.Aldric@gmail.com,Jeanna,doctor
967,Justinn,Carmencita.Justinn@yopmail.com,Carmencita.Justinn@gmail.com,Carmencita,developer
968,Marlie,Clementine.Marlie@yopmail.com,Clementine.Marlie@gmail.com,Clementine,doctor
969,Quent,Lynnea.Quent@yopmail.com,Lynnea.Quent@gmail.com,Lynnea,police officer
970,Abram,Brynna.Abram@yopmail.com,Brynna.Abram@gmail.com,Brynna,doctor
971,My,Robbi.My@yopmail.com,Robbi.My@gmail.com,Robbi,police officer
972,Corrine,Fred.Corrine@yopmail.com,Fred.Corrine@gmail.com,Fred,firefighter
973,Rillings,Codie.Rillings@yopmail.com,Codie.Rillings@gmail.com,Codie,developer
974,Dorcy,Helena.Dorcy@yopmail.com,Helena.Dorcy@gmail.com,Helena,doctor
975,Maisey,Joelly.Maisey@yopmail.com,Joelly.Maisey@gmail.com,Joelly,doctor
976,Thomasina,Charmaine.Thomasina@yopmail.com,Charmaine.Thomasina@gmail.com,Charmaine,firefighter
977,Lilas,Merci.Lilas@yopmail.com,Merci.Lilas@gmail.com,Merci,worker
978,Pandolfi,Mariann.Pandolfi@yopmail.com,Mariann.Pandolfi@gmail.com,Mariann,developer
979,Rubie,Oralee.Rubie@yopmail.com,Oralee.Rubie@gmail.com,Oralee,doctor
980,Helve,Lynde.Helve@yopmail.com,Lynde.Helve@gmail.com,Lynde,police officer
981,Reidar,Aryn.Reidar@yopmail.com,Aryn.Reidar@gmail.com,Aryn,firefighter
982,Payson,Jessy.Payson@yopmail.com,Jessy.Payson@gmail.com,Jessy,worker
983,Jillane,Vinita.Jillane@yopmail.com,Vinita.Jillane@gmail.com,Vinita,developer
984,Nelsen,Chere.Nelsen@yopmail.com,Chere.Nelsen@gmail.com,Chere,doctor
985,Dermott,Helena.Dermott@yopmail.com,Helena.Dermott@gmail.com,Helena,firefighter
986,Larochelle,Alie.Larochelle@yopmail.com,Alie.Larochelle@gmail.com,Alie,doctor
987,Revkah,Ardeen.Revkah@yopmail.com,Ardeen.Revkah@gmail.com,Ardeen,firefighter
988,Shirberg,Nyssa.Shirberg@yopmail.com,Nyssa.Shirberg@gmail.com,Nyssa,police officer
989,Toni,Renie.Toni@yopmail.com,Renie.Toni@gmail.com,Renie,police officer
990,Winthorpe,Britni.Winthorpe@yopmail.com,Britni.Winthorpe@gmail.com,Britni,police officer
991,Alrich,Deirdre.Alrich@yopmail.com,Deirdre.Alrich@gmail.com,Deirdre,doctor
992,Loring,Fernande.Loring@yopmail.com,Fernande.Loring@gmail.com,Fernande,firefighter
993,Norvol,Eolanda.Norvol@yopmail.com,Eolanda.Norvol@gmail.com,Eolanda,worker
994,Ajay,Modestia.Ajay@yopmail.com,Modestia.Ajay@gmail.com,Modestia,developer
995,Nicoline,Larine.Nicoline@yopmail.com,Larine.Nicoline@gmail.com,Larine,police officer
996,Wiener,Orelia.Wiener@yopmail.com,Orelia.Wiener@gmail.com,Orelia,worker
997,Nicoline,Constance.Nicoline@yopmail.com,Constance.Nicoline@gmail.com,Constance,doctor
998,Rozanna,Clo.Rozanna@yopmail.com,Clo.Rozanna@gmail.com,Clo,worker
999,Cullin,Beth.Cullin@yopmail.com,Beth.Cullin@gmail.com,Beth,worker
1000,Clara,Loree.Clara@yopmail.com,Loree.Clara@gmail.com,Loree,developer
1001,Santoro,Alia.Santoro@yopmail.com,Alia.Santoro@gmail.com,Alia,worker
1002,Cosenza,Ruthe.Cosenza@yopmail.com,Ruthe.Cosenza@gmail.com,Ruthe,doctor
1003,Hashim,Flo.Hashim@yopmail.com,Flo.Hashim@gmail.com,Flo,firefighter
1004,Gusella,Sadie.Gusella@yopmail.com,Sadie.Gusella@gmail.com,Sadie,firefighter
1005,Liva,Nananne.Liva@yopmail.com,Nananne.Liva@gmail.com,Nananne,police officer
1006,Neva,Cyndie.Neva@yopmail.com,Cyndie.Neva@gmail.com,Cyndie,police officer
1007,Lumbard,Briney.Lumbard@yopmail.com,Briney.Lumbard@gmail.com,Briney,developer
1008,Firmin,Magdalena.Firmin@yopmail.com,Magdalena.Firmin@gmail.com,Magdalena,police officer
1009,Alva,Florie.Alva@yopmail.com,Florie.Alva@gmail.com,Florie,police officer
1010,Hoban,Kristan.Hoban@yopmail.com,Kristan.Hoban@gmail.com,Kristan,firefighter
1011,Diann,Kayla.Diann@yopmail.com,Kayla.Diann@gmail.com,Kayla,worker
1012,Merell,Georgina.Merell@yopmail.com,Georgina.Merell@gmail.com,Georgina,developer
1013,Kare,Candi.Kare@yopmail.com,Candi.Kare@gmail.com,Candi,worker
1014,Pascia,Jennica.Pascia@yopmail.com,Jennica.Pascia@gmail.com,Jennica,developer
1015,Corabella,Camile.Corabella@yopmail.com,Camile.Corabella@gmail.com,Camile,firefighter
1016,Christine,Cindelyn.Christine@yopmail.com,Cindelyn.Christine@gmail.com,Cindelyn,developer
1017,Persse,Donetta.Persse@yopmail.com,Donetta.Persse@gmail.com,Donetta,worker
1018,Keelia,Siana.Keelia@yopmail.com,Siana.Keelia@gmail.com,Siana,police officer
1019,Candy,Edee.Candy@yopmail.com,Edee.Candy@gmail.com,Edee,doctor
1020,Vorster,Carmela.Vorster@yopmail.com,Carmela.Vorster@gmail.com,Carmela,firefighter
1021,Hunfredo,Yvonne.Hunfredo@yopmail.com,Yvonne.Hunfredo@gmail.com,Yvonne,doctor
1022,Goode,Mahalia.Goode@yopmail.com,Mahalia.Goode@gmail.com,Mahalia,firefighter
1023,Hilbert,Babita.Hilbert@yopmail.com,Babita.Hilbert@gmail.com,Babita,doctor
1024,McLaughlin,Ardys.McLaughlin@yopmail.com,Ardys.McLaughlin@gmail.com,Ardys,doctor
1025,Aloise,Kassey.Aloise@yopmail.com,Kassey.Aloise@gmail.com,Kassey,firefighter
1026,Dannye,Joceline.Dannye@yopmail.com,Joceline.Dannye@gmail.com,Joceline,police officer
1027,Vittoria,Dorothy.Vittoria@yopmail.com,Dorothy.Vittoria@gmail.com,Dorothy,doctor
1028,Grimbly,Gilda.Grimbly@yopmail.com,Gilda.Grimbly@gmail.com,Gilda,developer
1029,McAdams,Jaime.McAdams@yopmail.com,Jaime.McAdams@gmail.com,Jaime,firefighter
1030,Diogenes,Nita.Diogenes@yopmail.com,Nita.Diogenes@gmail.com,Nita,developer
1031,Sekofski,Alleen.Sekofski@yopmail.com,Alleen.Sekofski@gmail.com,Alleen,worker
1032,Mintz,Selia.Mintz@yopmail.com,Selia.Mintz@gmail.com,Selia,doctor
1033,Holtz,Cacilie.Holtz@yopmail.com,Cacilie.Holtz@gmail.com,Cacilie,firefighter
1034,McLaughlin,Vere.McLaughlin@yopmail.com,Vere.McLaughlin@gmail.com,Vere,doctor
1035,Destinee,Edyth.Destinee@yopmail.com,Edyth.Destinee@gmail.com,Edyth,police officer
1036,Sheng,Edyth.Sheng@yopmail.com,Edyth.Sheng@gmail.com,Edyth,doctor
1037,Granoff,Ayn.Granoff@yopmail.com,Ayn.Granoff@gmail.com,Ayn,firefighter
1038,Annice,Sonni.Annice@yopmail.com,Sonni.Annice@gmail.com,Sonni,worker
1039,Greyson,Glynnis.Greyson@yopmail.com,Glynnis.Greyson@gmail.com,Glynnis,doctor
1040,Loring,Alyda.Loring@yopmail.com,Alyda.Loring@gmail.com,Alyda,worker
1041,Orpah,Josephine.Orpah@yopmail.com,Josephine.Orpah@gmail.com,Josephine,developer
1042,Eliathas,Ulrike.Eliathas@yopmail.com,Ulrike.Eliathas@gmail.com,Ulrike,doctor
1043,Ledah,Wendi.Ledah@yopmail.com,Wendi.Ledah@gmail.com,Wendi,developer
1044,Linehan,Brynna.Linehan@yopmail.com,Brynna.Linehan@gmail.com,Brynna,police officer
1045,Henebry,Allis.Henebry@yopmail.com,Allis.Henebry@gmail.com,Allis,developer
1046,Miru,Kimberley.Miru@yopmail.com,Kimberley.Miru@gmail.com,Kimberley,firefighter
1047,Earlie,Angelique.Earlie@yopmail.com,Angelique.Earlie@gmail.com,Angelique,developer
1048,Behre,Xylina.Behre@yopmail.com,Xylina.Behre@gmail.com,Xylina,worker
1049,Hull,Tressa.Hull@yopmail.com,Tressa.Hull@gmail.com,Tressa,developer
1050,Japeth,Kaia.Japeth@yopmail.com,Kaia.Japeth@gmail.com,Kaia,developer
1051,Hepsibah,Merci.Hepsibah@yopmail.com,Merci.Hepsibah@gmail.com,Merci,firefighter
1052,Dawkins,Fred.Dawkins@yopmail.com,Fred.Dawkins@gmail.com,Fred,police officer
1053,Euridice,Demetris.Euridice@yopmail.com,Demetris.Euridice@gmail.com,Demetris,doctor
1054,Elo,Tani.Elo@yopmail.com,Tani.Elo@gmail.com,Tani,police officer
1055,Carleen,Vivia.Carleen@yopmail.com,Vivia.Carleen@gmail.com,Vivia,firefighter
1056,Raseda,Tarra.Raseda@yopmail.com,Tarra.Raseda@gmail.com,Tarra,developer
1057,Isacco,Margarette.Isacco@yopmail.com,Margarette.Isacco@gmail.com,Margarette,doctor
1058,Blase,Emmey.Blase@yopmail.com,Emmey.Blase@gmail.com,Emmey,police officer
1059,Louanna,Christy.Louanna@yopmail.com,Christy.Louanna@gmail.com,Christy,police officer
1060,Valerio,Penelopa.Valerio@yopmail.com,Penelopa.Valerio@gmail.com,Penelopa,worker
1061,Raimondo,Nickie.Raimondo@yopmail.com,Nickie.Raimondo@gmail.com,Nickie,worker
1062,Grimbly,Kylynn.Grimbly@yopmail.com,Kylynn.Grimbly@gmail.com,Kylynn,doctor
1063,Ariella,Elise.Ariella@yopmail.com,Elise.Ariella@gmail.com,Elise,worker
1064,Reidar,Katuscha.Reidar@yopmail.com,Katuscha.Reidar@gmail.com,Katuscha,doctor
1065,Hourigan,Malina.Hourigan@yopmail.com,Malina.Hourigan@gmail.com,Malina,worker
1066,McCutcheon,Maud.McCutcheon@yopmail.com,Maud.McCutcheon@gmail.com,Maud,doctor
1067,Diogenes,Rochette.Diogenes@yopmail.com,Rochette.Diogenes@gmail.com,Rochette,developer
1068,Sandye,Claresta.Sandye@yopmail.com,Claresta.Sandye@gmail.com,Claresta,firefighter
1069,Vary,Joleen.Vary@yopmail.com,Joleen.Vary@gmail.com,Joleen,police officer
1070,Stilwell,Rebeca.Stilwell@yopmail.com,Rebeca.Stilwell@gmail.com,Rebeca,doctor
1071,Sancho,Edith.Sancho@yopmail.com,Edith.Sancho@gmail.com,Edith,doctor
1072,Alrich,Agathe.Alrich@yopmail.com,Agathe.Alrich@gmail.com,Agathe,police officer
1073,Faust,Beatriz.Faust@yopmail.com,Beatriz.Faust@gmail.com,Beatriz,police officer
1074,Ricarda,Judy.Ricarda@yopmail.com,Judy.Ricarda@gmail.com,Judy,doctor
1075,Faust,Ermengarde.Faust@yopmail.com,Ermengarde.Faust@gmail.com,Ermengarde,developer
1076,Smitt,Tybie.Smitt@yopmail.com,Tybie.Smitt@gmail.com,Tybie,developer
1077,Sheedy,Max.Sheedy@yopmail.com,Max.Sheedy@gmail.com,Max,firefighter
1078,Stevy,Halette.Stevy@yopmail.com,Halette.Stevy@gmail.com,Halette,worker
1079,Swigart,Gerrie.Swigart@yopmail.com,Gerrie.Swigart@gmail.com,Gerrie,police officer
1080,Tiffa,Jinny.Tiffa@yopmail.com,Jinny.Tiffa@gmail.com,Jinny,worker
1081,Thema,Carly.Thema@yopmail.com,Carly.Thema@gmail.com,Carly,firefighter
1082,Jehu,Sonni.Jehu@yopmail.com,Sonni.Jehu@gmail.com,Sonni,worker
1083,Jerold,Morganica.Jerold@yopmail.com,Morganica.Jerold@gmail.com,Morganica,worker
1084,Rhu,Oralee.Rhu@yopmail.com,Oralee.Rhu@gmail.com,Oralee,firefighter
1085,Frodi,Tierney.Frodi@yopmail.com,Tierney.Frodi@gmail.com,Tierney,firefighter
1086,Velick,Tobe.Velick@yopmail.com,Tobe.Velick@gmail.com,Tobe,developer
1087,Eno,Minda.Eno@yopmail.com,Minda.Eno@gmail.com,Minda,worker
1088,Sophronia,Amara.Sophronia@yopmail.com,Amara.Sophronia@gmail.com,Amara,developer
1089,Dearborn,Roz.Dearborn@yopmail.com,Roz.Dearborn@gmail.com,Roz,police officer
1090,Joachim,Kate.Joachim@yopmail.com,Kate.Joachim@gmail.com,Kate,firefighter
1091,Parette,Alameda.Parette@yopmail.com,Alameda.Parette@gmail.com,Alameda,worker
1092,Libna,Cathie.Libna@yopmail.com,Cathie.Libna@gmail.com,Cathie,police officer
1093,Stanwood,Stevana.Stanwood@yopmail.com,Stevana.Stanwood@gmail.com,Stevana,firefighter
1094,Si,Alex.Si@yopmail.com,Alex.Si@gmail.com,Alex,doctor
1095,Letsou,Marti.Letsou@yopmail.com,Marti.Letsou@gmail.com,Marti,worker
1096,Zamora,Bee.Zamora@yopmail.com,Bee.Zamora@gmail.com,Bee,doctor
1097,Evangelia,Tori.Evangelia@yopmail.com,Tori.Evangelia@gmail.com,Tori,firefighter
1098,Gaal,Kylynn.Gaal@yopmail.com,Kylynn.Gaal@gmail.com,Kylynn,doctor
1099,Joeann,Andree.Joeann@yopmail.com,Andree.Joeann@gmail.com,Andree,doctor