id,city,country,email,email2,profession
100,Riyadh,Austria,Riyadh.Austria@gmail.com,undefined.undefined@gmail.com,police officer
101,Pristina,Mauritius,Pristina.Mauritius@gmail.com,undefined.undefined@gmail.com,police officer
102,Fredericton,Argentina,Fredericton.Argentina@gmail.com,undefined.undefined@gmail.com,worker
103,Niamey,French Polynesia,Niamey.French Polynesia@gmail.com,undefined.undefined@gmail.com,police officer
104,Brikama,Jersey,Brikama.Jersey@gmail.com,undefined.undefined@gmail.com,doctor
105,Split (city),Kiribati,Split (city).Kiribati@gmail.com,undefined.undefined@gmail.com,firefighter
106,Denpasar,Azerbaijan,Denpasar.Azerbaijan@gmail.com,undefined.undefined@gmail.com,police officer
107,Palma,Kazakhstan,Palma.Kazakhstan@gmail.com,undefined.undefined@gmail.com,doctor
108,Amsterdam,Bahrain,Amsterdam.Bahrain@gmail.com,undefined.undefined@gmail.com,police officer
109,Palma,Maldives,Palma.Maldives@gmail.com,undefined.undefined@gmail.com,developer
110,Tegucigalpa,Solomon Islands,Tegucigalpa.Solomon Islands@gmail.com,undefined.undefined@gmail.com,worker
111,Regina,Greece,Regina.Greece@gmail.com,undefined.undefined@gmail.com,worker
112,Denver,Iceland,Denver.Iceland@gmail.com,undefined.undefined@gmail.com,worker
113,Nanjing,Benin,Nanjing.Benin@gmail.com,undefined.undefined@gmail.com,firefighter
114,Milwaukee,South Georgia and the South Sandwich Islands,Milwaukee.South Georgia and the South Sandwich Islands@gmail.com,undefined.undefined@gmail.com,firefighter
115,Providence,Nepal,Providence.Nepal@gmail.com,undefined.undefined@gmail.com,worker
116,Wuhan,El Salvador,Wuhan.El Salvador@gmail.com,undefined.undefined@gmail.com,police officer
117,Newcastle,Georgia,Newcastle.Georgia@gmail.com,undefined.undefined@gmail.com,police officer
118,Edinburgh,Palau,Edinburgh.Palau@gmail.com,undefined.undefined@gmail.com,doctor
119,Boa Vista,Zimbabwe,Boa Vista.Zimbabwe@gmail.com,undefined.undefined@gmail.com,police officer
120,Osaka,Bermuda,Osaka.Bermuda@gmail.com,undefined.undefined@gmail.com,developer
121,St. George's,Sweden,St. George's.Sweden@gmail.com,undefined.undefined@gmail.com,police officer
122,Kaliningrad,Singapore,Kaliningrad.Singapore@gmail.com,undefined.undefined@gmail.com,police officer
123,South Tarawa,United Kingdom,South Tarawa.United Kingdom@gmail.com,undefined.undefined@gmail.com,worker
124,Udon Thani,China,Udon Thani.China@gmail.com,undefined.undefined@gmail.com,developer
125,Nairobi,Yemen,Nairobi.Yemen@gmail.com,undefined.undefined@gmail.com,doctor
126,Udon Thani,Spain,Udon Thani.Spain@gmail.com,undefined.undefined@gmail.com,worker
127,Nice,Tuvalu,Nice.Tuvalu@gmail.com,undefined.undefined@gmail.com,worker
128,Port-au-Prince,Pitcairn,Port-au-Prince.Pitcairn@gmail.com,undefined.undefined@gmail.com,doctor
129,El Aaiún,Tunisia,El Aaiún.Tunisia@gmail.com,undefined.undefined@gmail.com,doctor
130,Kandy,Ethiopia,Kandy.Ethiopia@gmail.com,undefined.undefined@gmail.com,firefighter
131,Linz,Svalbard and Jan Mayen,Linz.Svalbard and Jan Mayen@gmail.com,undefined.undefined@gmail.com,firefighter
132,Pago Pago,Colombia,Pago Pago.Colombia@gmail.com,undefined.undefined@gmail.com,developer
133,Baku,Monaco,Baku.Monaco@gmail.com,undefined.undefined@gmail.com,firefighter
134,Columbus,Japan,Columbus.Japan@gmail.com,undefined.undefined@gmail.com,worker
135,Abu Dhabi,Eritrea,Abu Dhabi.Eritrea@gmail.com,undefined.undefined@gmail.com,firefighter
136,Kunming,Cyprus,Kunming.Cyprus@gmail.com,undefined.undefined@gmail.com,police officer
137,Arequipa,Ukraine,Arequipa.Ukraine@gmail.com,undefined.undefined@gmail.com,developer
138,Port-au-Prince,Norway,Port-au-Prince.Norway@gmail.com,undefined.undefined@gmail.com,firefighter
139,Lagos,Azerbaijan,Lagos.Azerbaijan@gmail.com,undefined.undefined@gmail.com,police officer
140,Mata-Utu,Hong Kong,Mata-Utu.Hong Kong@gmail.com,undefined.undefined@gmail.com,firefighter
141,Thessaloniki,Uruguay,Thessaloniki.Uruguay@gmail.com,undefined.undefined@gmail.com,firefighter
142,Hyderabad,Jordan,Hyderabad.Jordan@gmail.com,undefined.undefined@gmail.com,doctor
143,Majuro,Svalbard and Jan Mayen,Majuro.Svalbard and Jan Mayen@gmail.com,undefined.undefined@gmail.com,developer
144,Yamoussoukro,Central African Republic,Yamoussoukro.Central African Republic@gmail.com,undefined.undefined@gmail.com,doctor
145,Taichung,"Lao People""S Democratic Republic","Taichung.Lao People""S Democratic Republic@gmail.com",undefined.undefined@gmail.com,developer
146,Iquique,Sweden,Iquique.Sweden@gmail.com,undefined.undefined@gmail.com,worker
147,Stuttgart,"Taiwan, Province of China","Stuttgart.Taiwan, Province of China@gmail.com",undefined.undefined@gmail.com,worker
148,Zamboanga City,Kuwait,Zamboanga City.Kuwait@gmail.com,undefined.undefined@gmail.com,doctor
149,Mandurah,Guinea,Mandurah.Guinea@gmail.com,undefined.undefined@gmail.com,doctor
150,Dar es Salaam,Kiribati,Dar es Salaam.Kiribati@gmail.com,undefined.undefined@gmail.com,doctor
151,El Paso,Switzerland,El Paso.Switzerland@gmail.com,undefined.undefined@gmail.com,worker
152,Manama,Georgia,Manama.Georgia@gmail.com,undefined.undefined@gmail.com,doctor
153,Manchester,Italy,Manchester.Italy@gmail.com,undefined.undefined@gmail.com,worker
154,Karachi,Bahamas,Karachi.Bahamas@gmail.com,undefined.undefined@gmail.com,police officer
155,San Juan,Tokelau,San Juan.Tokelau@gmail.com,undefined.undefined@gmail.com,doctor
156,Malang,Somalia,Malang.Somalia@gmail.com,undefined.undefined@gmail.com,worker
157,Arequipa,Peru,Arequipa.Peru@gmail.com,undefined.undefined@gmail.com,developer
158,Geneva,"Korea, Republic of","Geneva.Korea, Republic of@gmail.com",undefined.undefined@gmail.com,firefighter
159,Hamilton,Pitcairn,Hamilton.Pitcairn@gmail.com,undefined.undefined@gmail.com,doctor
160,Athens,Falkland Islands (Malvinas),Athens.Falkland Islands (Malvinas)@gmail.com,undefined.undefined@gmail.com,police officer
161,San Diego,Heard Island and Mcdonald Islands,San Diego.Heard Island and Mcdonald Islands@gmail.com,undefined.undefined@gmail.com,worker
162,Shenzhen,Netherlands Antilles,Shenzhen.Netherlands Antilles@gmail.com,undefined.undefined@gmail.com,police officer
163,Santa Cruz de la Sierra,Aruba,Santa Cruz de la Sierra.Aruba@gmail.com,undefined.undefined@gmail.com,firefighter
164,Winnipeg,"Virgin Islands, U.S.","Winnipeg.Virgin Islands, U.S.@gmail.com",undefined.undefined@gmail.com,police officer
165,Manama,Cayman Islands,Manama.Cayman Islands@gmail.com,undefined.undefined@gmail.com,doctor
166,Cork (city),Romania,Cork (city).Romania@gmail.com,undefined.undefined@gmail.com,firefighter
167,Islamabad,Maldives,Islamabad.Maldives@gmail.com,undefined.undefined@gmail.com,firefighter
168,Gothenburg,Vanuatu,Gothenburg.Vanuatu@gmail.com,undefined.undefined@gmail.com,firefighter
169,Tórshavn,Cuba,Tórshavn.Cuba@gmail.com,undefined.undefined@gmail.com,firefighter
170,Perm,British Indian Ocean Territory,Perm.British Indian Ocean Territory@gmail.com,undefined.undefined@gmail.com,developer
171,Kharkiv,Serbia and Montenegro,Kharkiv.Serbia and Montenegro@gmail.com,undefined.undefined@gmail.com,firefighter
172,Kaohsiung,Faroe Islands,Kaohsiung.Faroe Islands@gmail.com,undefined.undefined@gmail.com,police officer
173,Antananarivo,"Tanzania, United Republic of","Antananarivo.Tanzania, United Republic of@gmail.com",undefined.undefined@gmail.com,worker
174,La Serena,Mauritius,La Serena.Mauritius@gmail.com,undefined.undefined@gmail.com,developer
175,Santo Domingo,Bahamas,Santo Domingo.Bahamas@gmail.com,undefined.undefined@gmail.com,doctor
176,Singapore,Estonia,Singapore.Estonia@gmail.com,undefined.undefined@gmail.com,firefighter
177,Tampa,Heard Island and Mcdonald Islands,Tampa.Heard Island and Mcdonald Islands@gmail.com,undefined.undefined@gmail.com,worker
178,Muscat,Holy See (Vatican City State),Muscat.Holy See (Vatican City State)@gmail.com,undefined.undefined@gmail.com,firefighter
179,Semarang,Nigeria,Semarang.Nigeria@gmail.com,undefined.undefined@gmail.com,doctor
180,Córdoba,Jordan,Córdoba.Jordan@gmail.com,undefined.undefined@gmail.com,developer
181,Valletta,"Micronesia, Federated States of","Valletta.Micronesia, Federated States of@gmail.com",undefined.undefined@gmail.com,police officer
182,Sri Jayawardenapura-Kotte,Mozambique,Sri Jayawardenapura-Kotte.Mozambique@gmail.com,undefined.undefined@gmail.com,firefighter
183,Surat Thani,Burundi,Surat Thani.Burundi@gmail.com,undefined.undefined@gmail.com,worker
184,Tampere,Mozambique,Tampere.Mozambique@gmail.com,undefined.undefined@gmail.com,developer
185,Kingston,Anguilla,Kingston.Anguilla@gmail.com,undefined.undefined@gmail.com,worker
186,Chişinău,Venezuela,Chişinău.Venezuela@gmail.com,undefined.undefined@gmail.com,police officer
187,Memphis,Egypt,Memphis.Egypt@gmail.com,undefined.undefined@gmail.com,worker
188,Darwin,Syrian Arab Republic,Darwin.Syrian Arab Republic@gmail.com,undefined.undefined@gmail.com,doctor
189,Guatemala City,Heard Island and Mcdonald Islands,Guatemala City.Heard Island and Mcdonald Islands@gmail.com,undefined.undefined@gmail.com,firefighter
190,Arequipa,Holy See (Vatican City State),Arequipa.Holy See (Vatican City State)@gmail.com,undefined.undefined@gmail.com,worker
191,Lyon,Turkmenistan,Lyon.Turkmenistan@gmail.com,undefined.undefined@gmail.com,developer
192,Ljubljana,Hong Kong,Ljubljana.Hong Kong@gmail.com,undefined.undefined@gmail.com,doctor
193,Bandar Seri Begawan,Turkmenistan,Bandar Seri Begawan.Turkmenistan@gmail.com,undefined.undefined@gmail.com,firefighter
194,Macau,Brazil,Macau.Brazil@gmail.com,undefined.undefined@gmail.com,firefighter
195,Kuwait City,United States,Kuwait City.United States@gmail.com,undefined.undefined@gmail.com,doctor
196,Tijuana,Papua New Guinea,Tijuana.Papua New Guinea@gmail.com,undefined.undefined@gmail.com,worker
197,Bucharest,Jordan,Bucharest.Jordan@gmail.com,undefined.undefined@gmail.com,worker
198,Lanzhou,Bangladesh,Lanzhou.Bangladesh@gmail.com,undefined.undefined@gmail.com,police officer
199,Gangtok,"Tanzania, United Republic of","Gangtok.Tanzania, United Republic of@gmail.com",undefined.undefined@gmail.com,worker
200,Strasbourg,British Indian Ocean Territory,Strasbourg.British Indian Ocean Territory@gmail.com,undefined.undefined@gmail.com,firefighter
201,Reykjavík,Bermuda,Reykjavík.Bermuda@gmail.com,undefined.undefined@gmail.com,doctor
202,Quetzaltenango,Nepal,Quetzaltenango.Nepal@gmail.com,undefined.undefined@gmail.com,firefighter
203,Baku,Pakistan,Baku.Pakistan@gmail.com,undefined.undefined@gmail.com,police officer
204,Anchorage,Christmas Island,Anchorage.Christmas Island@gmail.com,undefined.undefined@gmail.com,developer
205,Accra,Mauritius,Accra.Mauritius@gmail.com,undefined.undefined@gmail.com,doctor
206,Tampa,New Zealand,Tampa.New Zealand@gmail.com,undefined.undefined@gmail.com,developer
207,Guadalajara,Bhutan,Guadalajara.Bhutan@gmail.com,undefined.undefined@gmail.com,worker
208,Iquique,Mongolia,Iquique.Mongolia@gmail.com,undefined.undefined@gmail.com,firefighter
209,Kuching,Cape Verde,Kuching.Cape Verde@gmail.com,undefined.undefined@gmail.com,developer
210,Düsseldorf,Guyana,Düsseldorf.Guyana@gmail.com,undefined.undefined@gmail.com,firefighter
211,Huế,"Korea, Democratic People""S Republic of","Huế.Korea, Democratic People""S Republic of@gmail.com",undefined.undefined@gmail.com,police officer
212,Campo Grande,Pitcairn,Campo Grande.Pitcairn@gmail.com,undefined.undefined@gmail.com,firefighter
213,Mecca,Reunion,Mecca.Reunion@gmail.com,undefined.undefined@gmail.com,police officer
214,Kawasaki,Greece,Kawasaki.Greece@gmail.com,undefined.undefined@gmail.com,developer
215,Doha,Tonga,Doha.Tonga@gmail.com,undefined.undefined@gmail.com,police officer
216,Dammam,Benin,Dammam.Benin@gmail.com,undefined.undefined@gmail.com,worker
217,Fort-de-France,Hong Kong,Fort-de-France.Hong Kong@gmail.com,undefined.undefined@gmail.com,police officer
218,Lahore,Luxembourg,Lahore.Luxembourg@gmail.com,undefined.undefined@gmail.com,police officer
219,Cockburn Town,Macao,Cockburn Town.Macao@gmail.com,undefined.undefined@gmail.com,worker
220,Abidjan,Heard Island and Mcdonald Islands,Abidjan.Heard Island and Mcdonald Islands@gmail.com,undefined.undefined@gmail.com,firefighter
221,Basra,Fiji,Basra.Fiji@gmail.com,undefined.undefined@gmail.com,firefighter
222,Nantes,"Virgin Islands, U.S.","Nantes.Virgin Islands, U.S.@gmail.com",undefined.undefined@gmail.com,doctor
223,Fort-de-France,Ireland,Fort-de-France.Ireland@gmail.com,undefined.undefined@gmail.com,worker
224,Anchorage,Oman,Anchorage.Oman@gmail.com,undefined.undefined@gmail.com,doctor
225,Vientiane,Austria,Vientiane.Austria@gmail.com,undefined.undefined@gmail.com,doctor
226,Regina,"Korea, Republic of","Regina.Korea, Republic of@gmail.com",undefined.undefined@gmail.com,doctor
227,Innsbruck,French Polynesia,Innsbruck.French Polynesia@gmail.com,undefined.undefined@gmail.com,worker
228,Recife,Czech Republic,Recife.Czech Republic@gmail.com,undefined.undefined@gmail.com,police officer
229,Mwanza,Turks and Caicos Islands,Mwanza.Turks and Caicos Islands@gmail.com,undefined.undefined@gmail.com,developer
230,Adana,Peru,Adana.Peru@gmail.com,undefined.undefined@gmail.com,developer
231,Roseau,Fiji,Roseau.Fiji@gmail.com,undefined.undefined@gmail.com,worker
232,El Aaiún,Denmark,El Aaiún.Denmark@gmail.com,undefined.undefined@gmail.com,worker
233,Glasgow,Comoros,Glasgow.Comoros@gmail.com,undefined.undefined@gmail.com,firefighter
234,City of Halifax,Tunisia,City of Halifax.Tunisia@gmail.com,undefined.undefined@gmail.com,doctor
235,Koulikoro,Malawi,Koulikoro.Malawi@gmail.com,undefined.undefined@gmail.com,doctor
236,Tampere,New Zealand,Tampere.New Zealand@gmail.com,undefined.undefined@gmail.com,firefighter
237,Beirut,Senegal,Beirut.Senegal@gmail.com,undefined.undefined@gmail.com,doctor
238,Portland,Russian Federation,Portland.Russian Federation@gmail.com,undefined.undefined@gmail.com,worker
239,Port Blair,Benin,Port Blair.Benin@gmail.com,undefined.undefined@gmail.com,developer
240,Santo Domingo,Heard Island and Mcdonald Islands,Santo Domingo.Heard Island and Mcdonald Islands@gmail.com,undefined.undefined@gmail.com,developer
241,Podgorica,Sweden,Podgorica.Sweden@gmail.com,undefined.undefined@gmail.com,worker
242,Gold Coast,China,Gold Coast.China@gmail.com,undefined.undefined@gmail.com,doctor
243,Singapore,Kyrgyzstan,Singapore.Kyrgyzstan@gmail.com,undefined.undefined@gmail.com,police officer
244,Yamoussoukro,Bahamas,Yamoussoukro.Bahamas@gmail.com,undefined.undefined@gmail.com,worker
245,Nukus,Colombia,Nukus.Colombia@gmail.com,undefined.undefined@gmail.com,firefighter
246,Kota Kinabalu,Turks and Caicos Islands,Kota Kinabalu.Turks and Caicos Islands@gmail.com,undefined.undefined@gmail.com,developer
247,Arequipa,Anguilla,Arequipa.Anguilla@gmail.com,undefined.undefined@gmail.com,police officer
248,Paris,Brunei Darussalam,Paris.Brunei Darussalam@gmail.com,undefined.undefined@gmail.com,police officer
249,Yangon,Japan,Yangon.Japan@gmail.com,undefined.undefined@gmail.com,developer
250,Dallas,Ghana,Dallas.Ghana@gmail.com,undefined.undefined@gmail.com,police officer
251,Minsk,France,Minsk.France@gmail.com,undefined.undefined@gmail.com,worker
252,Medan,American Samoa,Medan.American Samoa@gmail.com,undefined.undefined@gmail.com,doctor
253,Skopje,Saint Vincent and the Grenadines,Skopje.Saint Vincent and the Grenadines@gmail.com,undefined.undefined@gmail.com,doctor
254,Longyearbyen,Trinidad and Tobago,Longyearbyen.Trinidad and Tobago@gmail.com,undefined.undefined@gmail.com,doctor
255,Strasbourg,"Taiwan, Province of China","Strasbourg.Taiwan, Province of China@gmail.com",undefined.undefined@gmail.com,developer
256,Budapest,Niger,Budapest.Niger@gmail.com,undefined.undefined@gmail.com,police officer
257,Kharkiv,Costa Rica,Kharkiv.Costa Rica@gmail.com,undefined.undefined@gmail.com,police officer
258,Pekanbaru,Jamaica,Pekanbaru.Jamaica@gmail.com,undefined.undefined@gmail.com,developer
259,Yaoundé,Northern Mariana Islands,Yaoundé.Northern Mariana Islands@gmail.com,undefined.undefined@gmail.com,police officer
260,Cusco,Seychelles,Cusco.Seychelles@gmail.com,undefined.undefined@gmail.com,worker
261,Seattle,Falkland Islands (Malvinas),Seattle.Falkland Islands (Malvinas)@gmail.com,undefined.undefined@gmail.com,firefighter
262,Anadyr (town),Benin,Anadyr (town).Benin@gmail.com,undefined.undefined@gmail.com,doctor
263,Dar es Salaam,British Indian Ocean Territory,Dar es Salaam.British Indian Ocean Territory@gmail.com,undefined.undefined@gmail.com,developer
264,Sukhumi,Netherlands,Sukhumi.Netherlands@gmail.com,undefined.undefined@gmail.com,developer
265,Memphis,Slovakia,Memphis.Slovakia@gmail.com,undefined.undefined@gmail.com,developer
266,Maracaibo,"Congo, The Democratic Republic of the","Maracaibo.Congo, The Democratic Republic of the@gmail.com",undefined.undefined@gmail.com,firefighter
267,Qingdao,Brazil,Qingdao.Brazil@gmail.com,undefined.undefined@gmail.com,firefighter
268,Chiang Mai,San Marino,Chiang Mai.San Marino@gmail.com,undefined.undefined@gmail.com,developer
269,Okinawa,Tuvalu,Okinawa.Tuvalu@gmail.com,undefined.undefined@gmail.com,developer
270,Honolulu,Equatorial Guinea,Honolulu.Equatorial Guinea@gmail.com,undefined.undefined@gmail.com,developer
271,Kaesong,Comoros,Kaesong.Comoros@gmail.com,undefined.undefined@gmail.com,doctor
272,Lahore,Costa Rica,Lahore.Costa Rica@gmail.com,undefined.undefined@gmail.com,doctor
273,Medellín,Mayotte,Medellín.Mayotte@gmail.com,undefined.undefined@gmail.com,firefighter
274,Greenwich,Honduras,Greenwich.Honduras@gmail.com,undefined.undefined@gmail.com,doctor
275,Rabi Island,El Salvador,Rabi Island.El Salvador@gmail.com,undefined.undefined@gmail.com,doctor
276,Madrid,Afghanistan,Madrid.Afghanistan@gmail.com,undefined.undefined@gmail.com,police officer
277,Timbuktu,Mongolia,Timbuktu.Mongolia@gmail.com,undefined.undefined@gmail.com,worker
278,Francistown,Northern Mariana Islands,Francistown.Northern Mariana Islands@gmail.com,undefined.undefined@gmail.com,firefighter
279,Dushanbe,Seychelles,Dushanbe.Seychelles@gmail.com,undefined.undefined@gmail.com,developer
280,San Diego,Romania,San Diego.Romania@gmail.com,undefined.undefined@gmail.com,firefighter
281,San José,Bouvet Island,San José.Bouvet Island@gmail.com,undefined.undefined@gmail.com,police officer
282,Manchester,"Micronesia, Federated States of","Manchester.Micronesia, Federated States of@gmail.com",undefined.undefined@gmail.com,developer
283,Jersey City,Lithuania,Jersey City.Lithuania@gmail.com,undefined.undefined@gmail.com,doctor
284,São Tomé,French Southern Territories,São Tomé.French Southern Territories@gmail.com,undefined.undefined@gmail.com,firefighter
285,Gdańsk,Gibraltar,Gdańsk.Gibraltar@gmail.com,undefined.undefined@gmail.com,doctor
286,Zanzibar City,Sri Lanka,Zanzibar City.Sri Lanka@gmail.com,undefined.undefined@gmail.com,firefighter
287,Helsinki,Egypt,Helsinki.Egypt@gmail.com,undefined.undefined@gmail.com,doctor
288,Castries,United Kingdom,Castries.United Kingdom@gmail.com,undefined.undefined@gmail.com,firefighter
289,Rochester,Nicaragua,Rochester.Nicaragua@gmail.com,undefined.undefined@gmail.com,developer
290,Zamboanga City,Hungary,Zamboanga City.Hungary@gmail.com,undefined.undefined@gmail.com,doctor
291,Kano,Portugal,Kano.Portugal@gmail.com,undefined.undefined@gmail.com,developer
292,Nagoya,United Arab Emirates,Nagoya.United Arab Emirates@gmail.com,undefined.undefined@gmail.com,developer
293,Wuhan,Niger,Wuhan.Niger@gmail.com,undefined.undefined@gmail.com,firefighter
294,Skopje,Comoros,Skopje.Comoros@gmail.com,undefined.undefined@gmail.com,doctor
295,Minneapolis,Bahrain,Minneapolis.Bahrain@gmail.com,undefined.undefined@gmail.com,developer
296,Los Angeles,Grenada,Los Angeles.Grenada@gmail.com,undefined.undefined@gmail.com,worker
297,Dhaka,New Caledonia,Dhaka.New Caledonia@gmail.com,undefined.undefined@gmail.com,developer
298,Funafuti,Costa Rica,Funafuti.Costa Rica@gmail.com,undefined.undefined@gmail.com,firefighter
299,San Fernando,Yemen,San Fernando.Yemen@gmail.com,undefined.undefined@gmail.com,police officer
300,Jersey City,Venezuela,Jersey City.Venezuela@gmail.com,undefined.undefined@gmail.com,doctor
301,Yamoussoukro,Uzbekistan,Yamoussoukro.Uzbekistan@gmail.com,undefined.undefined@gmail.com,developer
302,Vientiane,Mali,Vientiane.Mali@gmail.com,undefined.undefined@gmail.com,worker
303,Tirana,Costa Rica,Tirana.Costa Rica@gmail.com,undefined.undefined@gmail.com,doctor
304,Yangon,Barbados,Yangon.Barbados@gmail.com,undefined.undefined@gmail.com,doctor
305,Lagos,Hong Kong,Lagos.Hong Kong@gmail.com,undefined.undefined@gmail.com,developer
306,Ambon,Turkey,Ambon.Turkey@gmail.com,undefined.undefined@gmail.com,firefighter
307,Nantes,Grenada,Nantes.Grenada@gmail.com,undefined.undefined@gmail.com,doctor
308,Nakhon Ratchasima,Cocos (Keeling) Islands,Nakhon Ratchasima.Cocos (Keeling) Islands@gmail.com,undefined.undefined@gmail.com,worker
309,Simferopol,Czech Republic,Simferopol.Czech Republic@gmail.com,undefined.undefined@gmail.com,firefighter
310,Murmansk,Svalbard and Jan Mayen,Murmansk.Svalbard and Jan Mayen@gmail.com,undefined.undefined@gmail.com,worker
311,Veracruz,"Taiwan, Province of China","Veracruz.Taiwan, Province of China@gmail.com",undefined.undefined@gmail.com,doctor
312,Harbin,Niue,Harbin.Niue@gmail.com,undefined.undefined@gmail.com,worker
313,Weno,Lesotho,Weno.Lesotho@gmail.com,undefined.undefined@gmail.com,worker
314,Porto,Faroe Islands,Porto.Faroe Islands@gmail.com,undefined.undefined@gmail.com,doctor
315,Dededo,Bosnia and Herzegovina,Dededo.Bosnia and Herzegovina@gmail.com,undefined.undefined@gmail.com,developer
316,Mamoudzou,Nicaragua,Mamoudzou.Nicaragua@gmail.com,undefined.undefined@gmail.com,developer
317,Malang,Denmark,Malang.Denmark@gmail.com,undefined.undefined@gmail.com,firefighter
318,Sapporo,Guam,Sapporo.Guam@gmail.com,undefined.undefined@gmail.com,doctor
319,Antananarivo,Fiji,Antananarivo.Fiji@gmail.com,undefined.undefined@gmail.com,developer
320,Belize City,Wallis and Futuna,Belize City.Wallis and Futuna@gmail.com,undefined.undefined@gmail.com,worker
321,Norilsk,Saint Helena,Norilsk.Saint Helena@gmail.com,undefined.undefined@gmail.com,firefighter
322,Bissau,Saint Pierre and Miquelon,Bissau.Saint Pierre and Miquelon@gmail.com,undefined.undefined@gmail.com,worker
323,Algiers,Svalbard and Jan Mayen,Algiers.Svalbard and Jan Mayen@gmail.com,undefined.undefined@gmail.com,developer
324,La Serena,Cuba,La Serena.Cuba@gmail.com,undefined.undefined@gmail.com,developer
325,Tampa,Paraguay,Tampa.Paraguay@gmail.com,undefined.undefined@gmail.com,police officer
326,Davao City,Sao Tome and Principe,Davao City.Sao Tome and Principe@gmail.com,undefined.undefined@gmail.com,developer
327,Port Said,Dominica,Port Said.Dominica@gmail.com,undefined.undefined@gmail.com,firefighter
328,Thiès,Congo,Thiès.Congo@gmail.com,undefined.undefined@gmail.com,doctor
329,Quezon City,Belgium,Quezon City.Belgium@gmail.com,undefined.undefined@gmail.com,police officer
330,Surat,"Iran, Islamic Republic Of","Surat.Iran, Islamic Republic Of@gmail.com",undefined.undefined@gmail.com,developer
331,Turin,Gibraltar,Turin.Gibraltar@gmail.com,undefined.undefined@gmail.com,developer
332,Hamburg,Botswana,Hamburg.Botswana@gmail.com,undefined.undefined@gmail.com,worker
333,Xi'an,Grenada,Xi'an.Grenada@gmail.com,undefined.undefined@gmail.com,firefighter
334,São José dos Campos,Puerto Rico,São José dos Campos.Puerto Rico@gmail.com,undefined.undefined@gmail.com,doctor
335,Banjul,China,Banjul.China@gmail.com,undefined.undefined@gmail.com,police officer
336,Banjul,Guatemala,Banjul.Guatemala@gmail.com,undefined.undefined@gmail.com,firefighter
337,Dublin,Ethiopia,Dublin.Ethiopia@gmail.com,undefined.undefined@gmail.com,worker
338,Tampere,Cyprus,Tampere.Cyprus@gmail.com,undefined.undefined@gmail.com,worker
339,Dakar,Mali,Dakar.Mali@gmail.com,undefined.undefined@gmail.com,police officer
340,Puerto Williams,Bahrain,Puerto Williams.Bahrain@gmail.com,undefined.undefined@gmail.com,developer
341,Albuquerque,Mozambique,Albuquerque.Mozambique@gmail.com,undefined.undefined@gmail.com,doctor
342,Arbil,Japan,Arbil.Japan@gmail.com,undefined.undefined@gmail.com,developer
343,Dongguan,Mozambique,Dongguan.Mozambique@gmail.com,undefined.undefined@gmail.com,police officer
344,Auckland,RWANDA,Auckland.RWANDA@gmail.com,undefined.undefined@gmail.com,police officer
345,Sukhumi,Guadeloupe,Sukhumi.Guadeloupe@gmail.com,undefined.undefined@gmail.com,worker
346,Manama,Turkmenistan,Manama.Turkmenistan@gmail.com,undefined.undefined@gmail.com,developer
347,Nashville,Cape Verde,Nashville.Cape Verde@gmail.com,undefined.undefined@gmail.com,firefighter
348,Antwerp,Mauritius,Antwerp.Mauritius@gmail.com,undefined.undefined@gmail.com,firefighter
349,Padang,Seychelles,Padang.Seychelles@gmail.com,undefined.undefined@gmail.com,firefighter
350,Mersin,Bolivia,Mersin.Bolivia@gmail.com,undefined.undefined@gmail.com,worker
351,Kinshasa,Saint Kitts and Nevis,Kinshasa.Saint Kitts and Nevis@gmail.com,undefined.undefined@gmail.com,firefighter
352,Córdoba,Liberia,Córdoba.Liberia@gmail.com,undefined.undefined@gmail.com,firefighter
353,Porto-Novo,Monaco,Porto-Novo.Monaco@gmail.com,undefined.undefined@gmail.com,developer
354,Vaduz,Uruguay,Vaduz.Uruguay@gmail.com,undefined.undefined@gmail.com,firefighter
355,Casablanca,New Zealand,Casablanca.New Zealand@gmail.com,undefined.undefined@gmail.com,firefighter
356,St. John's,Tonga,St. John's.Tonga@gmail.com,undefined.undefined@gmail.com,developer
357,Bangui,Latvia,Bangui.Latvia@gmail.com,undefined.undefined@gmail.com,developer
358,Quetzaltenango,"Tanzania, United Republic of","Quetzaltenango.Tanzania, United Republic of@gmail.com",undefined.undefined@gmail.com,doctor
359,São José dos Campos,Afghanistan,São José dos Campos.Afghanistan@gmail.com,undefined.undefined@gmail.com,worker
360,Innsbruck,San Marino,Innsbruck.San Marino@gmail.com,undefined.undefined@gmail.com,firefighter
361,Hong Kong,Switzerland,Hong Kong.Switzerland@gmail.com,undefined.undefined@gmail.com,developer
362,Kinshasa,French Guiana,Kinshasa.French Guiana@gmail.com,undefined.undefined@gmail.com,firefighter
363,St. Louis,Mayotte,St. Louis.Mayotte@gmail.com,undefined.undefined@gmail.com,worker
364,Baltimore,Trinidad and Tobago,Baltimore.Trinidad and Tobago@gmail.com,undefined.undefined@gmail.com,developer
365,Seattle,Gibraltar,Seattle.Gibraltar@gmail.com,undefined.undefined@gmail.com,police officer
366,Castries,Sierra Leone,Castries.Sierra Leone@gmail.com,undefined.undefined@gmail.com,worker
367,Kiev,"Korea, Democratic People""S Republic of","Kiev.Korea, Democratic People""S Republic of@gmail.com",undefined.undefined@gmail.com,police officer
368,Forked River,Bangladesh,Forked River.Bangladesh@gmail.com,undefined.undefined@gmail.com,doctor
369,Dushanbe,Belgium,Dushanbe.Belgium@gmail.com,undefined.undefined@gmail.com,firefighter
370,Stanley,Poland,Stanley.Poland@gmail.com,undefined.undefined@gmail.com,developer
371,Lubumbashi,RWANDA,Lubumbashi.RWANDA@gmail.com,undefined.undefined@gmail.com,developer
372,Okinawa,China,Okinawa.China@gmail.com,undefined.undefined@gmail.com,developer
373,Nicosia,Mozambique,Nicosia.Mozambique@gmail.com,undefined.undefined@gmail.com,doctor
374,Amsterdam,South Georgia and the South Sandwich Islands,Amsterdam.South Georgia and the South Sandwich Islands@gmail.com,undefined.undefined@gmail.com,developer
375,Brazzaville,Benin,Brazzaville.Benin@gmail.com,undefined.undefined@gmail.com,firefighter
376,Geneva,Ukraine,Geneva.Ukraine@gmail.com,undefined.undefined@gmail.com,firefighter
377,Yogyakarta (city),Bouvet Island,Yogyakarta (city).Bouvet Island@gmail.com,undefined.undefined@gmail.com,worker
378,Nairobi,Uzbekistan,Nairobi.Uzbekistan@gmail.com,undefined.undefined@gmail.com,police officer
379,Shenzhen,China,Shenzhen.China@gmail.com,undefined.undefined@gmail.com,developer
380,Bandung,"Virgin Islands, British","Bandung.Virgin Islands, British@gmail.com",undefined.undefined@gmail.com,developer
381,Yokohama,Vanuatu,Yokohama.Vanuatu@gmail.com,undefined.undefined@gmail.com,developer
382,Malmö,Chile,Malmö.Chile@gmail.com,undefined.undefined@gmail.com,worker
383,Adelaide,Malawi,Adelaide.Malawi@gmail.com,undefined.undefined@gmail.com,doctor
384,Nouakchott,Tuvalu,Nouakchott.Tuvalu@gmail.com,undefined.undefined@gmail.com,developer
385,Bergen,RWANDA,Bergen.RWANDA@gmail.com,undefined.undefined@gmail.com,police officer
386,Jeddah,"Moldova, Republic of","Jeddah.Moldova, Republic of@gmail.com",undefined.undefined@gmail.com,doctor
387,Hanga Roa,Ghana,Hanga Roa.Ghana@gmail.com,undefined.undefined@gmail.com,firefighter
388,Toronto,Madagascar,Toronto.Madagascar@gmail.com,undefined.undefined@gmail.com,doctor
389,Udon Thani,United States Minor Outlying Islands,Udon Thani.United States Minor Outlying Islands@gmail.com,undefined.undefined@gmail.com,police officer
390,Jersey City,Liechtenstein,Jersey City.Liechtenstein@gmail.com,undefined.undefined@gmail.com,developer
391,Espoo,Mongolia,Espoo.Mongolia@gmail.com,undefined.undefined@gmail.com,firefighter
392,Brikama,Monaco,Brikama.Monaco@gmail.com,undefined.undefined@gmail.com,developer
393,Maracaibo,"Moldova, Republic of","Maracaibo.Moldova, Republic of@gmail.com",undefined.undefined@gmail.com,firefighter
394,Kyoto,Cayman Islands,Kyoto.Cayman Islands@gmail.com,undefined.undefined@gmail.com,police officer
395,Hiroshima,Philippines,Hiroshima.Philippines@gmail.com,undefined.undefined@gmail.com,worker
396,Melbourne,Malta,Melbourne.Malta@gmail.com,undefined.undefined@gmail.com,doctor
397,Colombo,Estonia,Colombo.Estonia@gmail.com,undefined.undefined@gmail.com,worker
398,Pekanbaru,Tonga,Pekanbaru.Tonga@gmail.com,undefined.undefined@gmail.com,doctor
399,Vienna,Anguilla,Vienna.Anguilla@gmail.com,undefined.undefined@gmail.com,developer
400,Muscat,Greece,Muscat.Greece@gmail.com,undefined.undefined@gmail.com,worker
401,Papeete,Netherlands,Papeete.Netherlands@gmail.com,undefined.undefined@gmail.com,developer
402,Moroni,Israel,Moroni.Israel@gmail.com,undefined.undefined@gmail.com,police officer
403,Port of Spain,French Southern Territories,Port of Spain.French Southern Territories@gmail.com,undefined.undefined@gmail.com,worker
404,Raleigh,Syrian Arab Republic,Raleigh.Syrian Arab Republic@gmail.com,undefined.undefined@gmail.com,police officer
405,Saint-Pierre,Saint Lucia,Saint-Pierre.Saint Lucia@gmail.com,undefined.undefined@gmail.com,developer
406,Dakar,Kiribati,Dakar.Kiribati@gmail.com,undefined.undefined@gmail.com,doctor
407,Amman,Angola,Amman.Angola@gmail.com,undefined.undefined@gmail.com,firefighter
408,Cairo,New Zealand,Cairo.New Zealand@gmail.com,undefined.undefined@gmail.com,police officer
409,Cuiabá,Palau,Cuiabá.Palau@gmail.com,undefined.undefined@gmail.com,worker
410,Buenos Aires,Mozambique,Buenos Aires.Mozambique@gmail.com,undefined.undefined@gmail.com,worker
411,San José,Turkmenistan,San José.Turkmenistan@gmail.com,undefined.undefined@gmail.com,firefighter
412,Magadan,Thailand,Magadan.Thailand@gmail.com,undefined.undefined@gmail.com,doctor
413,San José,New Caledonia,San José.New Caledonia@gmail.com,undefined.undefined@gmail.com,developer
414,Gdańsk,Comoros,Gdańsk.Comoros@gmail.com,undefined.undefined@gmail.com,firefighter
415,Tel Aviv,"Korea, Republic of","Tel Aviv.Korea, Republic of@gmail.com",undefined.undefined@gmail.com,worker
416,Petropavlovsk-Kamchatsky,Nigeria,Petropavlovsk-Kamchatsky.Nigeria@gmail.com,undefined.undefined@gmail.com,developer
417,Tunis,Fiji,Tunis.Fiji@gmail.com,undefined.undefined@gmail.com,police officer
418,Vladivostok,Guadeloupe,Vladivostok.Guadeloupe@gmail.com,undefined.undefined@gmail.com,developer
419,Angra do Heroísmo,Brunei Darussalam,Angra do Heroísmo.Brunei Darussalam@gmail.com,undefined.undefined@gmail.com,firefighter
420,Denpasar,Angola,Denpasar.Angola@gmail.com,undefined.undefined@gmail.com,developer
421,Belfast,Cyprus,Belfast.Cyprus@gmail.com,undefined.undefined@gmail.com,firefighter
422,Riverside,Macao,Riverside.Macao@gmail.com,undefined.undefined@gmail.com,police officer
423,Macapá,Nauru,Macapá.Nauru@gmail.com,undefined.undefined@gmail.com,firefighter
424,Djibouti (city),Dominican Republic,Djibouti (city).Dominican Republic@gmail.com,undefined.undefined@gmail.com,police officer
425,Honolulu,"Virgin Islands, British","Honolulu.Virgin Islands, British@gmail.com",undefined.undefined@gmail.com,firefighter
426,Manaus,Antigua and Barbuda,Manaus.Antigua and Barbuda@gmail.com,undefined.undefined@gmail.com,developer
427,Ponta Delgada,Egypt,Ponta Delgada.Egypt@gmail.com,undefined.undefined@gmail.com,developer
428,Puerto Williams,AndorrA,Puerto Williams.AndorrA@gmail.com,undefined.undefined@gmail.com,worker
429,Rabat,"Iran, Islamic Republic Of","Rabat.Iran, Islamic Republic Of@gmail.com",undefined.undefined@gmail.com,worker
430,Geneva,Italy,Geneva.Italy@gmail.com,undefined.undefined@gmail.com,doctor
431,Canberra,Lithuania,Canberra.Lithuania@gmail.com,undefined.undefined@gmail.com,doctor
432,Phnom Penh,Djibouti,Phnom Penh.Djibouti@gmail.com,undefined.undefined@gmail.com,developer
433,Santiago,Timor-Leste,Santiago.Timor-Leste@gmail.com,undefined.undefined@gmail.com,firefighter
434,Surat,Thailand,Surat.Thailand@gmail.com,undefined.undefined@gmail.com,worker
435,Suva,Mozambique,Suva.Mozambique@gmail.com,undefined.undefined@gmail.com,police officer
436,Vilnius,Gambia,Vilnius.Gambia@gmail.com,undefined.undefined@gmail.com,doctor
437,Porto,Dominican Republic,Porto.Dominican Republic@gmail.com,undefined.undefined@gmail.com,firefighter
438,Sofia,Mauritania,Sofia.Mauritania@gmail.com,undefined.undefined@gmail.com,worker
439,Kaliningrad,"Cote D""Ivoire","Kaliningrad.Cote D""Ivoire@gmail.com",undefined.undefined@gmail.com,developer
440,Taiyuan,"Korea, Democratic People""S Republic of","Taiyuan.Korea, Democratic People""S Republic of@gmail.com",undefined.undefined@gmail.com,worker
441,Wellington,Equatorial Guinea,Wellington.Equatorial Guinea@gmail.com,undefined.undefined@gmail.com,firefighter
442,Medellín,Guinea-Bissau,Medellín.Guinea-Bissau@gmail.com,undefined.undefined@gmail.com,developer
443,Canberra,Togo,Canberra.Togo@gmail.com,undefined.undefined@gmail.com,doctor
444,Changchun,Isle of Man,Changchun.Isle of Man@gmail.com,undefined.undefined@gmail.com,developer
445,Alofi,Hungary,Alofi.Hungary@gmail.com,undefined.undefined@gmail.com,firefighter
446,Bratsk,Mayotte,Bratsk.Mayotte@gmail.com,undefined.undefined@gmail.com,doctor
447,Perth,"Congo, The Democratic Republic of the","Perth.Congo, The Democratic Republic of the@gmail.com",undefined.undefined@gmail.com,doctor
448,Skopje,Romania,Skopje.Romania@gmail.com,undefined.undefined@gmail.com,worker
449,Cape Town,Ecuador,Cape Town.Ecuador@gmail.com,undefined.undefined@gmail.com,developer
450,Ürümqi,United States,Ürümqi.United States@gmail.com,undefined.undefined@gmail.com,doctor
451,Castries,Uruguay,Castries.Uruguay@gmail.com,undefined.undefined@gmail.com,developer
452,Antananarivo,Tokelau,Antananarivo.Tokelau@gmail.com,undefined.undefined@gmail.com,doctor
453,Antananarivo,United States,Antananarivo.United States@gmail.com,undefined.undefined@gmail.com,developer
454,Raleigh,Mauritania,Raleigh.Mauritania@gmail.com,undefined.undefined@gmail.com,worker
455,Castries,Zambia,Castries.Zambia@gmail.com,undefined.undefined@gmail.com,police officer
456,Hobart,Kuwait,Hobart.Kuwait@gmail.com,undefined.undefined@gmail.com,worker
457,Darwin,Congo,Darwin.Congo@gmail.com,undefined.undefined@gmail.com,firefighter
458,Kaliningrad,Isle of Man,Kaliningrad.Isle of Man@gmail.com,undefined.undefined@gmail.com,worker
459,Cusco,Norway,Cusco.Norway@gmail.com,undefined.undefined@gmail.com,police officer
460,Milan,RWANDA,Milan.RWANDA@gmail.com,undefined.undefined@gmail.com,worker
461,Rabi Island,United Arab Emirates,Rabi Island.United Arab Emirates@gmail.com,undefined.undefined@gmail.com,firefighter
462,Hobart,Nicaragua,Hobart.Nicaragua@gmail.com,undefined.undefined@gmail.com,worker
463,Changchun,Guinea-Bissau,Changchun.Guinea-Bissau@gmail.com,undefined.undefined@gmail.com,police officer
464,Las Palmas de Gran Canaria,Wallis and Futuna,Las Palmas de Gran Canaria.Wallis and Futuna@gmail.com,undefined.undefined@gmail.com,developer
465,Port Hedland,Guatemala,Port Hedland.Guatemala@gmail.com,undefined.undefined@gmail.com,developer
466,Alofi,United Arab Emirates,Alofi.United Arab Emirates@gmail.com,undefined.undefined@gmail.com,developer
467,Peshawar,Falkland Islands (Malvinas),Peshawar.Falkland Islands (Malvinas)@gmail.com,undefined.undefined@gmail.com,worker
468,Recife,Belgium,Recife.Belgium@gmail.com,undefined.undefined@gmail.com,firefighter
469,Nassau,Zambia,Nassau.Zambia@gmail.com,undefined.undefined@gmail.com,developer
470,Bandar Seri Begawan,Azerbaijan,Bandar Seri Begawan.Azerbaijan@gmail.com,undefined.undefined@gmail.com,doctor
471,Memphis,Ireland,Memphis.Ireland@gmail.com,undefined.undefined@gmail.com,firefighter
472,Palikir,Israel,Palikir.Israel@gmail.com,undefined.undefined@gmail.com,worker
473,Chiang Mai,Thailand,Chiang Mai.Thailand@gmail.com,undefined.undefined@gmail.com,firefighter
474,St. John's,Brunei Darussalam,St. John's.Brunei Darussalam@gmail.com,undefined.undefined@gmail.com,worker
475,Darwin,Kiribati,Darwin.Kiribati@gmail.com,undefined.undefined@gmail.com,firefighter
476,Palma,Brunei Darussalam,Palma.Brunei Darussalam@gmail.com,undefined.undefined@gmail.com,worker
477,Doha,Ethiopia,Doha.Ethiopia@gmail.com,undefined.undefined@gmail.com,developer
478,Maceió,Liberia,Maceió.Liberia@gmail.com,undefined.undefined@gmail.com,doctor
479,Vitória,Martinique,Vitória.Martinique@gmail.com,undefined.undefined@gmail.com,developer
480,Tripoli,United Arab Emirates,Tripoli.United Arab Emirates@gmail.com,undefined.undefined@gmail.com,worker
481,San Carlos de Bariloche,Belgium,San Carlos de Bariloche.Belgium@gmail.com,undefined.undefined@gmail.com,doctor
482,Castries,Bermuda,Castries.Bermuda@gmail.com,undefined.undefined@gmail.com,doctor
483,Port Moresby,Guernsey,Port Moresby.Guernsey@gmail.com,undefined.undefined@gmail.com,developer
484,Sydney,Sierra Leone,Sydney.Sierra Leone@gmail.com,undefined.undefined@gmail.com,police officer
485,Mamoudzou,Guinea,Mamoudzou.Guinea@gmail.com,undefined.undefined@gmail.com,developer
486,Medan,Greece,Medan.Greece@gmail.com,undefined.undefined@gmail.com,developer
487,Agartala,Uzbekistan,Agartala.Uzbekistan@gmail.com,undefined.undefined@gmail.com,worker
488,Belize City,"Tanzania, United Republic of","Belize City.Tanzania, United Republic of@gmail.com",undefined.undefined@gmail.com,worker
489,Shijiazhuang,Kiribati,Shijiazhuang.Kiribati@gmail.com,undefined.undefined@gmail.com,developer
490,Tartu,Nauru,Tartu.Nauru@gmail.com,undefined.undefined@gmail.com,developer
491,Manila,Romania,Manila.Romania@gmail.com,undefined.undefined@gmail.com,worker
492,Whitehorse,Burundi,Whitehorse.Burundi@gmail.com,undefined.undefined@gmail.com,firefighter
493,Francistown,Yemen,Francistown.Yemen@gmail.com,undefined.undefined@gmail.com,firefighter
494,Yamoussoukro,Guyana,Yamoussoukro.Guyana@gmail.com,undefined.undefined@gmail.com,doctor
495,Dongguan,Chad,Dongguan.Chad@gmail.com,undefined.undefined@gmail.com,police officer
496,Kigali,Antigua and Barbuda,Kigali.Antigua and Barbuda@gmail.com,undefined.undefined@gmail.com,worker
497,Ponta Delgada,Pitcairn,Ponta Delgada.Pitcairn@gmail.com,undefined.undefined@gmail.com,firefighter
498,Paris,Turkmenistan,Paris.Turkmenistan@gmail.com,undefined.undefined@gmail.com,doctor
499,Zanzibar City,Jordan,Zanzibar City.Jordan@gmail.com,undefined.undefined@gmail.com,firefighter
500,Albuquerque,Saint Pierre and Miquelon,Albuquerque.Saint Pierre and Miquelon@gmail.com,undefined.undefined@gmail.com,developer
501,Kaesong,Seychelles,Kaesong.Seychelles@gmail.com,undefined.undefined@gmail.com,doctor
502,Taiyuan,Saint Helena,Taiyuan.Saint Helena@gmail.com,undefined.undefined@gmail.com,worker
503,Quezon City,India,Quezon City.India@gmail.com,undefined.undefined@gmail.com,firefighter
504,Kharkiv,Guyana,Kharkiv.Guyana@gmail.com,undefined.undefined@gmail.com,developer
505,Guatemala City,Angola,Guatemala City.Angola@gmail.com,undefined.undefined@gmail.com,worker
506,Buffalo,American Samoa,Buffalo.American Samoa@gmail.com,undefined.undefined@gmail.com,doctor
507,Geneva,Lesotho,Geneva.Lesotho@gmail.com,undefined.undefined@gmail.com,police officer
508,Bratsk,Afghanistan,Bratsk.Afghanistan@gmail.com,undefined.undefined@gmail.com,worker
509,Mashhad,"Virgin Islands, British","Mashhad.Virgin Islands, British@gmail.com",undefined.undefined@gmail.com,doctor
510,Chaguanas,Ghana,Chaguanas.Ghana@gmail.com,undefined.undefined@gmail.com,doctor
511,Denpasar,Puerto Rico,Denpasar.Puerto Rico@gmail.com,undefined.undefined@gmail.com,developer
512,Salt Lake City,Thailand,Salt Lake City.Thailand@gmail.com,undefined.undefined@gmail.com,firefighter
513,Cali,Syrian Arab Republic,Cali.Syrian Arab Republic@gmail.com,undefined.undefined@gmail.com,firefighter
514,Yaren District,Zambia,Yaren District.Zambia@gmail.com,undefined.undefined@gmail.com,worker
515,St. John's,Cayman Islands,St. John's.Cayman Islands@gmail.com,undefined.undefined@gmail.com,police officer
516,Chongjin,Svalbard and Jan Mayen,Chongjin.Svalbard and Jan Mayen@gmail.com,undefined.undefined@gmail.com,developer
517,Malmö,Slovakia,Malmö.Slovakia@gmail.com,undefined.undefined@gmail.com,developer
518,Dalian,Cook Islands,Dalian.Cook Islands@gmail.com,undefined.undefined@gmail.com,police officer
519,Lisbon,Ukraine,Lisbon.Ukraine@gmail.com,undefined.undefined@gmail.com,doctor
520,Port Blair,Chile,Port Blair.Chile@gmail.com,undefined.undefined@gmail.com,developer
521,Cockburn Town,Austria,Cockburn Town.Austria@gmail.com,undefined.undefined@gmail.com,firefighter
522,Rio de Janeiro,Montserrat,Rio de Janeiro.Montserrat@gmail.com,undefined.undefined@gmail.com,firefighter
523,Lahore,Ukraine,Lahore.Ukraine@gmail.com,undefined.undefined@gmail.com,developer
524,Iquitos,Colombia,Iquitos.Colombia@gmail.com,undefined.undefined@gmail.com,worker
525,Kathmandu,Saint Pierre and Miquelon,Kathmandu.Saint Pierre and Miquelon@gmail.com,undefined.undefined@gmail.com,doctor
526,Helsinki,Mauritania,Helsinki.Mauritania@gmail.com,undefined.undefined@gmail.com,worker
527,Pontianak,Pitcairn,Pontianak.Pitcairn@gmail.com,undefined.undefined@gmail.com,worker
528,Gibraltar,French Southern Territories,Gibraltar.French Southern Territories@gmail.com,undefined.undefined@gmail.com,worker
529,Ho Chi Minh City,Mauritius,Ho Chi Minh City.Mauritius@gmail.com,undefined.undefined@gmail.com,police officer
530,Lobamba,Netherlands,Lobamba.Netherlands@gmail.com,undefined.undefined@gmail.com,worker
531,Kansas City,Tunisia,Kansas City.Tunisia@gmail.com,undefined.undefined@gmail.com,developer
532,Salt Lake City,Turkey,Salt Lake City.Turkey@gmail.com,undefined.undefined@gmail.com,police officer
533,Bujumbura,Solomon Islands,Bujumbura.Solomon Islands@gmail.com,undefined.undefined@gmail.com,firefighter
534,Rochester,Guyana,Rochester.Guyana@gmail.com,undefined.undefined@gmail.com,police officer
535,Brussels,Tonga,Brussels.Tonga@gmail.com,undefined.undefined@gmail.com,police officer
536,Budapest,Bahamas,Budapest.Bahamas@gmail.com,undefined.undefined@gmail.com,police officer
537,Murmansk,Solomon Islands,Murmansk.Solomon Islands@gmail.com,undefined.undefined@gmail.com,police officer
538,Seville,Saint Helena,Seville.Saint Helena@gmail.com,undefined.undefined@gmail.com,developer
539,Belmopan,Cook Islands,Belmopan.Cook Islands@gmail.com,undefined.undefined@gmail.com,developer
540,Honiara,Liechtenstein,Honiara.Liechtenstein@gmail.com,undefined.undefined@gmail.com,developer
541,Nizhny Novgorod,Venezuela,Nizhny Novgorod.Venezuela@gmail.com,undefined.undefined@gmail.com,developer
542,Nanjing,Ecuador,Nanjing.Ecuador@gmail.com,undefined.undefined@gmail.com,firefighter
543,Charlotte,Turkey,Charlotte.Turkey@gmail.com,undefined.undefined@gmail.com,doctor
544,Makati City,Bahamas,Makati City.Bahamas@gmail.com,undefined.undefined@gmail.com,developer
545,Yakutsk,Papua New Guinea,Yakutsk.Papua New Guinea@gmail.com,undefined.undefined@gmail.com,police officer
546,Innsbruck,Romania,Innsbruck.Romania@gmail.com,undefined.undefined@gmail.com,firefighter
547,Cusco,Albania,Cusco.Albania@gmail.com,undefined.undefined@gmail.com,developer
548,Darwin,Lebanon,Darwin.Lebanon@gmail.com,undefined.undefined@gmail.com,developer
549,Lobamba,RWANDA,Lobamba.RWANDA@gmail.com,undefined.undefined@gmail.com,doctor
550,South Tarawa,Guinea-Bissau,South Tarawa.Guinea-Bissau@gmail.com,undefined.undefined@gmail.com,police officer
551,Vaduz,Australia,Vaduz.Australia@gmail.com,undefined.undefined@gmail.com,firefighter
552,Mendoza,Guinea,Mendoza.Guinea@gmail.com,undefined.undefined@gmail.com,developer
553,Norilsk,Grenada,Norilsk.Grenada@gmail.com,undefined.undefined@gmail.com,developer
554,Naypyidaw,Venezuela,Naypyidaw.Venezuela@gmail.com,undefined.undefined@gmail.com,doctor
555,Zapopan,Mauritania,Zapopan.Mauritania@gmail.com,undefined.undefined@gmail.com,firefighter
556,Brussels,Iraq,Brussels.Iraq@gmail.com,undefined.undefined@gmail.com,developer
557,Cairns,Martinique,Cairns.Martinique@gmail.com,undefined.undefined@gmail.com,developer
558,Amman,Macao,Amman.Macao@gmail.com,undefined.undefined@gmail.com,worker
559,Riga,Sri Lanka,Riga.Sri Lanka@gmail.com,undefined.undefined@gmail.com,firefighter
560,Marseille,Swaziland,Marseille.Swaziland@gmail.com,undefined.undefined@gmail.com,firefighter
561,Recife,Congo,Recife.Congo@gmail.com,undefined.undefined@gmail.com,developer
562,Majuro,Slovenia,Majuro.Slovenia@gmail.com,undefined.undefined@gmail.com,firefighter
563,Abidjan,Mayotte,Abidjan.Mayotte@gmail.com,undefined.undefined@gmail.com,worker
564,Guatemala City,Kazakhstan,Guatemala City.Kazakhstan@gmail.com,undefined.undefined@gmail.com,worker
565,Monrovia,Romania,Monrovia.Romania@gmail.com,undefined.undefined@gmail.com,police officer
566,Yekaterinburg,Guernsey,Yekaterinburg.Guernsey@gmail.com,undefined.undefined@gmail.com,doctor
567,Raleigh,Ecuador,Raleigh.Ecuador@gmail.com,undefined.undefined@gmail.com,doctor
568,Montreal,Mauritius,Montreal.Mauritius@gmail.com,undefined.undefined@gmail.com,developer
569,Durban,Marshall Islands,Durban.Marshall Islands@gmail.com,undefined.undefined@gmail.com,worker
570,Wonsan,Mexico,Wonsan.Mexico@gmail.com,undefined.undefined@gmail.com,developer
571,İzmir,Madagascar,İzmir.Madagascar@gmail.com,undefined.undefined@gmail.com,worker
572,Buffalo,Central African Republic,Buffalo.Central African Republic@gmail.com,undefined.undefined@gmail.com,doctor
573,Amsterdam,"Congo, The Democratic Republic of the","Amsterdam.Congo, The Democratic Republic of the@gmail.com",undefined.undefined@gmail.com,worker
574,Nagpur,Azerbaijan,Nagpur.Azerbaijan@gmail.com,undefined.undefined@gmail.com,firefighter
575,Kota Bharu,"Macedonia, The Former Yugoslav Republic of","Kota Bharu.Macedonia, The Former Yugoslav Republic of@gmail.com",undefined.undefined@gmail.com,firefighter
576,Kawasaki,Malawi,Kawasaki.Malawi@gmail.com,undefined.undefined@gmail.com,developer
577,Port Blair,"Virgin Islands, British","Port Blair.Virgin Islands, British@gmail.com",undefined.undefined@gmail.com,doctor
578,Sofia,South Africa,Sofia.South Africa@gmail.com,undefined.undefined@gmail.com,developer
579,Edinburgh,Australia,Edinburgh.Australia@gmail.com,undefined.undefined@gmail.com,police officer
580,Brasília,Fiji,Brasília.Fiji@gmail.com,undefined.undefined@gmail.com,worker
581,Pontianak,French Guiana,Pontianak.French Guiana@gmail.com,undefined.undefined@gmail.com,firefighter
582,Regina,Gambia,Regina.Gambia@gmail.com,undefined.undefined@gmail.com,police officer
583,Murmansk,Guadeloupe,Murmansk.Guadeloupe@gmail.com,undefined.undefined@gmail.com,worker
584,Labasa,Eritrea,Labasa.Eritrea@gmail.com,undefined.undefined@gmail.com,doctor
585,Shenzhen,Pakistan,Shenzhen.Pakistan@gmail.com,undefined.undefined@gmail.com,firefighter
586,Fairbanks,Senegal,Fairbanks.Senegal@gmail.com,undefined.undefined@gmail.com,doctor
587,Algiers,"Lao People""S Democratic Republic","Algiers.Lao People""S Democratic Republic@gmail.com",undefined.undefined@gmail.com,worker
588,Ciudad del Este,Chad,Ciudad del Este.Chad@gmail.com,undefined.undefined@gmail.com,doctor
589,Denver,Paraguay,Denver.Paraguay@gmail.com,undefined.undefined@gmail.com,developer
590,Cairo,Zimbabwe,Cairo.Zimbabwe@gmail.com,undefined.undefined@gmail.com,developer
591,Helsinki,Åland Islands,Helsinki.Åland Islands@gmail.com,undefined.undefined@gmail.com,police officer
592,Warsaw,Bolivia,Warsaw.Bolivia@gmail.com,undefined.undefined@gmail.com,firefighter
593,Marrakech,Canada,Marrakech.Canada@gmail.com,undefined.undefined@gmail.com,firefighter
594,Kota Kinabalu,Svalbard and Jan Mayen,Kota Kinabalu.Svalbard and Jan Mayen@gmail.com,undefined.undefined@gmail.com,developer
595,Nashville,Congo,Nashville.Congo@gmail.com,undefined.undefined@gmail.com,firefighter
596,Medina,Haiti,Medina.Haiti@gmail.com,undefined.undefined@gmail.com,developer
597,Rockhampton,French Guiana,Rockhampton.French Guiana@gmail.com,undefined.undefined@gmail.com,doctor
598,Nukuʻalofa,Denmark,Nukuʻalofa.Denmark@gmail.com,undefined.undefined@gmail.com,doctor
599,Brazzaville,Greenland,Brazzaville.Greenland@gmail.com,undefined.undefined@gmail.com,doctor
600,Yakutsk,Trinidad and Tobago,Yakutsk.Trinidad and Tobago@gmail.com,undefined.undefined@gmail.com,doctor
601,Medellín,San Marino,Medellín.San Marino@gmail.com,undefined.undefined@gmail.com,doctor
602,Espoo,Uganda,Espoo.Uganda@gmail.com,undefined.undefined@gmail.com,worker
603,Saipan,Iceland,Saipan.Iceland@gmail.com,undefined.undefined@gmail.com,developer
604,Ulan Bator,Cocos (Keeling) Islands,Ulan Bator.Cocos (Keeling) Islands@gmail.com,undefined.undefined@gmail.com,firefighter
605,Bern,Heard Island and Mcdonald Islands,Bern.Heard Island and Mcdonald Islands@gmail.com,undefined.undefined@gmail.com,firefighter
606,Monaco,Algeria,Monaco.Algeria@gmail.com,undefined.undefined@gmail.com,worker
607,Singapore,"Cote D""Ivoire","Singapore.Cote D""Ivoire@gmail.com",undefined.undefined@gmail.com,firefighter
608,N'Djamena,Singapore,N'Djamena.Singapore@gmail.com,undefined.undefined@gmail.com,firefighter
609,Zanzibar City,Spain,Zanzibar City.Spain@gmail.com,undefined.undefined@gmail.com,worker
610,Strasbourg,Tuvalu,Strasbourg.Tuvalu@gmail.com,undefined.undefined@gmail.com,firefighter
611,Asunción,Brunei Darussalam,Asunción.Brunei Darussalam@gmail.com,undefined.undefined@gmail.com,firefighter
612,Recife,Anguilla,Recife.Anguilla@gmail.com,undefined.undefined@gmail.com,firefighter
613,Libreville,Eritrea,Libreville.Eritrea@gmail.com,undefined.undefined@gmail.com,worker
614,Changchun,Ukraine,Changchun.Ukraine@gmail.com,undefined.undefined@gmail.com,doctor
615,Harbin,"Virgin Islands, British","Harbin.Virgin Islands, British@gmail.com",undefined.undefined@gmail.com,doctor
616,Podgorica,RWANDA,Podgorica.RWANDA@gmail.com,undefined.undefined@gmail.com,worker
617,Dili,Israel,Dili.Israel@gmail.com,undefined.undefined@gmail.com,doctor
618,Guayaquil,Mongolia,Guayaquil.Mongolia@gmail.com,undefined.undefined@gmail.com,doctor
619,Port Elizabeth,Morocco,Port Elizabeth.Morocco@gmail.com,undefined.undefined@gmail.com,developer
620,Porto-Novo,Macao,Porto-Novo.Macao@gmail.com,undefined.undefined@gmail.com,doctor
621,Seattle,Cameroon,Seattle.Cameroon@gmail.com,undefined.undefined@gmail.com,firefighter
622,Manama,Paraguay,Manama.Paraguay@gmail.com,undefined.undefined@gmail.com,doctor
623,Mata-Utu,Japan,Mata-Utu.Japan@gmail.com,undefined.undefined@gmail.com,doctor
624,London,Anguilla,London.Anguilla@gmail.com,undefined.undefined@gmail.com,doctor
625,Sukhumi,Bolivia,Sukhumi.Bolivia@gmail.com,undefined.undefined@gmail.com,police officer
626,Innsbruck,Tajikistan,Innsbruck.Tajikistan@gmail.com,undefined.undefined@gmail.com,police officer
627,Beirut,Panama,Beirut.Panama@gmail.com,undefined.undefined@gmail.com,worker
628,Zürich,Madagascar,Zürich.Madagascar@gmail.com,undefined.undefined@gmail.com,police officer
629,Buffalo,Luxembourg,Buffalo.Luxembourg@gmail.com,undefined.undefined@gmail.com,police officer
630,Cebu City,Somalia,Cebu City.Somalia@gmail.com,undefined.undefined@gmail.com,doctor
631,Shijiazhuang,Reunion,Shijiazhuang.Reunion@gmail.com,undefined.undefined@gmail.com,doctor
632,Charlotte Amalie,Tokelau,Charlotte Amalie.Tokelau@gmail.com,undefined.undefined@gmail.com,developer
633,Ipoh,Falkland Islands (Malvinas),Ipoh.Falkland Islands (Malvinas)@gmail.com,undefined.undefined@gmail.com,doctor
634,Serekunda,Palau,Serekunda.Palau@gmail.com,undefined.undefined@gmail.com,developer
635,Zapopan,Antarctica,Zapopan.Antarctica@gmail.com,undefined.undefined@gmail.com,doctor
636,Shijiazhuang,United States,Shijiazhuang.United States@gmail.com,undefined.undefined@gmail.com,firefighter
637,Nukuʻalofa,Guyana,Nukuʻalofa.Guyana@gmail.com,undefined.undefined@gmail.com,firefighter
638,Stockholm,Liberia,Stockholm.Liberia@gmail.com,undefined.undefined@gmail.com,police officer
639,Cork (city),Timor-Leste,Cork (city).Timor-Leste@gmail.com,undefined.undefined@gmail.com,police officer
640,Berlin,Papua New Guinea,Berlin.Papua New Guinea@gmail.com,undefined.undefined@gmail.com,developer
641,Kobe,Burkina Faso,Kobe.Burkina Faso@gmail.com,undefined.undefined@gmail.com,doctor
642,Cincinnati,Nauru,Cincinnati.Nauru@gmail.com,undefined.undefined@gmail.com,doctor
643,Ushuaia,AndorrA,Ushuaia.AndorrA@gmail.com,undefined.undefined@gmail.com,police officer
644,Kiev,Greece,Kiev.Greece@gmail.com,undefined.undefined@gmail.com,developer
645,Saskatoon,Sao Tome and Principe,Saskatoon.Sao Tome and Principe@gmail.com,undefined.undefined@gmail.com,police officer
646,Luanda,Montserrat,Luanda.Montserrat@gmail.com,undefined.undefined@gmail.com,developer
647,Omdurman,United States,Omdurman.United States@gmail.com,undefined.undefined@gmail.com,developer
648,Hamburg,Honduras,Hamburg.Honduras@gmail.com,undefined.undefined@gmail.com,developer
649,Thessaloniki,Oman,Thessaloniki.Oman@gmail.com,undefined.undefined@gmail.com,doctor
650,Mendoza,Finland,Mendoza.Finland@gmail.com,undefined.undefined@gmail.com,developer
651,Darwin,Kenya,Darwin.Kenya@gmail.com,undefined.undefined@gmail.com,doctor
652,Nukulaelae,Saint Vincent and the Grenadines,Nukulaelae.Saint Vincent and the Grenadines@gmail.com,undefined.undefined@gmail.com,developer
653,Lagos,Albania,Lagos.Albania@gmail.com,undefined.undefined@gmail.com,worker
654,Nagoya,Netherlands,Nagoya.Netherlands@gmail.com,undefined.undefined@gmail.com,doctor
655,Singapore,Falkland Islands (Malvinas),Singapore.Falkland Islands (Malvinas)@gmail.com,undefined.undefined@gmail.com,doctor
656,Kawasaki,Turkmenistan,Kawasaki.Turkmenistan@gmail.com,undefined.undefined@gmail.com,developer
657,Horta (Azores),Myanmar,Horta (Azores).Myanmar@gmail.com,undefined.undefined@gmail.com,worker
658,Ankara,Somalia,Ankara.Somalia@gmail.com,undefined.undefined@gmail.com,worker
659,Nukulaelae,Belarus,Nukulaelae.Belarus@gmail.com,undefined.undefined@gmail.com,worker
660,Luanda,Isle of Man,Luanda.Isle of Man@gmail.com,undefined.undefined@gmail.com,police officer
661,Toulouse,Russian Federation,Toulouse.Russian Federation@gmail.com,undefined.undefined@gmail.com,firefighter
662,Kano,Mozambique,Kano.Mozambique@gmail.com,undefined.undefined@gmail.com,developer
663,Changchun,Papua New Guinea,Changchun.Papua New Guinea@gmail.com,undefined.undefined@gmail.com,firefighter
664,Seattle,Timor-Leste,Seattle.Timor-Leste@gmail.com,undefined.undefined@gmail.com,worker
665,Brasília,Jamaica,Brasília.Jamaica@gmail.com,undefined.undefined@gmail.com,police officer
666,Apia,Bouvet Island,Apia.Bouvet Island@gmail.com,undefined.undefined@gmail.com,police officer
667,Vienna,Cocos (Keeling) Islands,Vienna.Cocos (Keeling) Islands@gmail.com,undefined.undefined@gmail.com,doctor
668,Tórshavn,Armenia,Tórshavn.Armenia@gmail.com,undefined.undefined@gmail.com,firefighter
669,Pretoria,Madagascar,Pretoria.Madagascar@gmail.com,undefined.undefined@gmail.com,firefighter
670,Brazzaville,Finland,Brazzaville.Finland@gmail.com,undefined.undefined@gmail.com,worker
671,Jinan,Seychelles,Jinan.Seychelles@gmail.com,undefined.undefined@gmail.com,police officer
672,Chittagong,Russian Federation,Chittagong.Russian Federation@gmail.com,undefined.undefined@gmail.com,firefighter
673,Udon Thani,Costa Rica,Udon Thani.Costa Rica@gmail.com,undefined.undefined@gmail.com,police officer
674,Ottawa,Cocos (Keeling) Islands,Ottawa.Cocos (Keeling) Islands@gmail.com,undefined.undefined@gmail.com,firefighter
675,Wonsan,"Korea, Democratic People""S Republic of","Wonsan.Korea, Democratic People""S Republic of@gmail.com",undefined.undefined@gmail.com,police officer
676,Bogotá,Turkmenistan,Bogotá.Turkmenistan@gmail.com,undefined.undefined@gmail.com,developer
677,El Paso,Cambodia,El Paso.Cambodia@gmail.com,undefined.undefined@gmail.com,worker
678,Monaco,Antarctica,Monaco.Antarctica@gmail.com,undefined.undefined@gmail.com,worker
679,Hyderabad,Chile,Hyderabad.Chile@gmail.com,undefined.undefined@gmail.com,developer
680,Brazzaville,American Samoa,Brazzaville.American Samoa@gmail.com,undefined.undefined@gmail.com,developer
681,Vatican City,Ireland,Vatican City.Ireland@gmail.com,undefined.undefined@gmail.com,police officer
682,Split (city),Monaco,Split (city).Monaco@gmail.com,undefined.undefined@gmail.com,developer
683,Leeds,Israel,Leeds.Israel@gmail.com,undefined.undefined@gmail.com,doctor
684,Manama,Georgia,Manama.Georgia@gmail.com,undefined.undefined@gmail.com,worker
685,Atlanta,Brazil,Atlanta.Brazil@gmail.com,undefined.undefined@gmail.com,worker
686,Lilongwe,Reunion,Lilongwe.Reunion@gmail.com,undefined.undefined@gmail.com,firefighter
687,Murmansk,Austria,Murmansk.Austria@gmail.com,undefined.undefined@gmail.com,firefighter
688,Ambon,Falkland Islands (Malvinas),Ambon.Falkland Islands (Malvinas)@gmail.com,undefined.undefined@gmail.com,police officer
689,Cockburn Town,French Guiana,Cockburn Town.French Guiana@gmail.com,undefined.undefined@gmail.com,doctor
690,Douglas,Yemen,Douglas.Yemen@gmail.com,undefined.undefined@gmail.com,developer
691,San Antonio,Cape Verde,San Antonio.Cape Verde@gmail.com,undefined.undefined@gmail.com,developer
692,Pattaya,Belize,Pattaya.Belize@gmail.com,undefined.undefined@gmail.com,firefighter
693,Kota Kinabalu,Philippines,Kota Kinabalu.Philippines@gmail.com,undefined.undefined@gmail.com,police officer
694,Barranquilla,Tuvalu,Barranquilla.Tuvalu@gmail.com,undefined.undefined@gmail.com,doctor
695,Memphis,Austria,Memphis.Austria@gmail.com,undefined.undefined@gmail.com,firefighter
696,Pago Pago,Pitcairn,Pago Pago.Pitcairn@gmail.com,undefined.undefined@gmail.com,firefighter
697,Gothenburg,Dominica,Gothenburg.Dominica@gmail.com,undefined.undefined@gmail.com,firefighter
698,Francistown,Morocco,Francistown.Morocco@gmail.com,undefined.undefined@gmail.com,firefighter
699,Boa Vista,Holy See (Vatican City State),Boa Vista.Holy See (Vatican City State)@gmail.com,undefined.undefined@gmail.com,police officer
700,Vilnius,Solomon Islands,Vilnius.Solomon Islands@gmail.com,undefined.undefined@gmail.com,developer
701,Gaza,Aruba,Gaza.Aruba@gmail.com,undefined.undefined@gmail.com,developer
702,Dallas,Czech Republic,Dallas.Czech Republic@gmail.com,undefined.undefined@gmail.com,police officer
703,Shenyang,Pakistan,Shenyang.Pakistan@gmail.com,undefined.undefined@gmail.com,worker
704,Palikir,"Palestinian Territory, Occupied","Palikir.Palestinian Territory, Occupied@gmail.com",undefined.undefined@gmail.com,doctor
705,Bangkok,Turkey,Bangkok.Turkey@gmail.com,undefined.undefined@gmail.com,developer
706,Malang,Armenia,Malang.Armenia@gmail.com,undefined.undefined@gmail.com,firefighter
707,İzmir,Svalbard and Jan Mayen,İzmir.Svalbard and Jan Mayen@gmail.com,undefined.undefined@gmail.com,firefighter
708,Ludhiana,Jordan,Ludhiana.Jordan@gmail.com,undefined.undefined@gmail.com,worker
709,La Paz,Serbia and Montenegro,La Paz.Serbia and Montenegro@gmail.com,undefined.undefined@gmail.com,firefighter
710,Hanover,Burundi,Hanover.Burundi@gmail.com,undefined.undefined@gmail.com,doctor
711,Ibiza,Panama,Ibiza.Panama@gmail.com,undefined.undefined@gmail.com,worker
712,Brasília,Cameroon,Brasília.Cameroon@gmail.com,undefined.undefined@gmail.com,doctor
713,Roseau,United States,Roseau.United States@gmail.com,undefined.undefined@gmail.com,police officer
714,Hanga Roa,Italy,Hanga Roa.Italy@gmail.com,undefined.undefined@gmail.com,police officer
715,Funafuti,Malawi,Funafuti.Malawi@gmail.com,undefined.undefined@gmail.com,police officer
716,Córdoba,Spain,Córdoba.Spain@gmail.com,undefined.undefined@gmail.com,worker
717,Maceió,Guinea-Bissau,Maceió.Guinea-Bissau@gmail.com,undefined.undefined@gmail.com,firefighter
718,Luxembourg (city),Romania,Luxembourg (city).Romania@gmail.com,undefined.undefined@gmail.com,developer
719,Brisbane,Trinidad and Tobago,Brisbane.Trinidad and Tobago@gmail.com,undefined.undefined@gmail.com,police officer
720,Astana,Kuwait,Astana.Kuwait@gmail.com,undefined.undefined@gmail.com,police officer
721,Yakutsk,Comoros,Yakutsk.Comoros@gmail.com,undefined.undefined@gmail.com,worker
722,Tucson,Malta,Tucson.Malta@gmail.com,undefined.undefined@gmail.com,doctor
723,Maputo,Costa Rica,Maputo.Costa Rica@gmail.com,undefined.undefined@gmail.com,doctor
724,Kuwait City,Singapore,Kuwait City.Singapore@gmail.com,undefined.undefined@gmail.com,firefighter
725,Weno,Latvia,Weno.Latvia@gmail.com,undefined.undefined@gmail.com,worker
726,Indianapolis,Germany,Indianapolis.Germany@gmail.com,undefined.undefined@gmail.com,firefighter
727,San Carlos de Bariloche,Fiji,San Carlos de Bariloche.Fiji@gmail.com,undefined.undefined@gmail.com,firefighter
728,Asmara,Vanuatu,Asmara.Vanuatu@gmail.com,undefined.undefined@gmail.com,firefighter
729,Islamabad,Heard Island and Mcdonald Islands,Islamabad.Heard Island and Mcdonald Islands@gmail.com,undefined.undefined@gmail.com,doctor
730,Manama,Vanuatu,Manama.Vanuatu@gmail.com,undefined.undefined@gmail.com,worker
731,Cleveland,Kiribati,Cleveland.Kiribati@gmail.com,undefined.undefined@gmail.com,worker
732,Tagbilaran,Belize,Tagbilaran.Belize@gmail.com,undefined.undefined@gmail.com,worker
733,Tegucigalpa,Croatia,Tegucigalpa.Croatia@gmail.com,undefined.undefined@gmail.com,police officer
734,Adak,"Micronesia, Federated States of","Adak.Micronesia, Federated States of@gmail.com",undefined.undefined@gmail.com,doctor
735,Malang,Bangladesh,Malang.Bangladesh@gmail.com,undefined.undefined@gmail.com,doctor
736,Bulawayo,Honduras,Bulawayo.Honduras@gmail.com,undefined.undefined@gmail.com,developer
737,Mamoudzou,Gambia,Mamoudzou.Gambia@gmail.com,undefined.undefined@gmail.com,firefighter
738,Perth,Libyan Arab Jamahiriya,Perth.Libyan Arab Jamahiriya@gmail.com,undefined.undefined@gmail.com,firefighter
739,Taichung,Sierra Leone,Taichung.Sierra Leone@gmail.com,undefined.undefined@gmail.com,developer
740,San Fernando,Samoa,San Fernando.Samoa@gmail.com,undefined.undefined@gmail.com,police officer
741,Durban,Latvia,Durban.Latvia@gmail.com,undefined.undefined@gmail.com,firefighter
742,Nassau,Cameroon,Nassau.Cameroon@gmail.com,undefined.undefined@gmail.com,developer
743,Quito,Bahamas,Quito.Bahamas@gmail.com,undefined.undefined@gmail.com,worker
744,Tel Aviv,Guinea,Tel Aviv.Guinea@gmail.com,undefined.undefined@gmail.com,developer
745,Minsk,Estonia,Minsk.Estonia@gmail.com,undefined.undefined@gmail.com,firefighter
746,Denver,Tajikistan,Denver.Tajikistan@gmail.com,undefined.undefined@gmail.com,firefighter
747,Kinshasa,Eritrea,Kinshasa.Eritrea@gmail.com,undefined.undefined@gmail.com,doctor
748,Nanning,Albania,Nanning.Albania@gmail.com,undefined.undefined@gmail.com,developer
749,Cali,Guinea-Bissau,Cali.Guinea-Bissau@gmail.com,undefined.undefined@gmail.com,firefighter
750,Ndola,Uzbekistan,Ndola.Uzbekistan@gmail.com,undefined.undefined@gmail.com,developer
751,Atlanta,Honduras,Atlanta.Honduras@gmail.com,undefined.undefined@gmail.com,police officer
752,San Juan,Åland Islands,San Juan.Åland Islands@gmail.com,undefined.undefined@gmail.com,doctor
753,Kharkiv,Egypt,Kharkiv.Egypt@gmail.com,undefined.undefined@gmail.com,police officer
754,Yogyakarta (city),Sweden,Yogyakarta (city).Sweden@gmail.com,undefined.undefined@gmail.com,worker
755,São Paulo,Morocco,São Paulo.Morocco@gmail.com,undefined.undefined@gmail.com,firefighter
756,Quebec City,"Korea, Democratic People""S Republic of","Quebec City.Korea, Democratic People""S Republic of@gmail.com",undefined.undefined@gmail.com,developer
757,South Tarawa,Russian Federation,South Tarawa.Russian Federation@gmail.com,undefined.undefined@gmail.com,police officer
758,Vladivostok,Latvia,Vladivostok.Latvia@gmail.com,undefined.undefined@gmail.com,police officer
759,Nassau,El Salvador,Nassau.El Salvador@gmail.com,undefined.undefined@gmail.com,worker
760,Linz,Poland,Linz.Poland@gmail.com,undefined.undefined@gmail.com,worker
761,New York City,Nepal,New York City.Nepal@gmail.com,undefined.undefined@gmail.com,worker
762,South Tarawa,Netherlands Antilles,South Tarawa.Netherlands Antilles@gmail.com,undefined.undefined@gmail.com,doctor
763,Antwerp,"Taiwan, Province of China","Antwerp.Taiwan, Province of China@gmail.com",undefined.undefined@gmail.com,police officer
764,San Antonio,Australia,San Antonio.Australia@gmail.com,undefined.undefined@gmail.com,worker
765,Vitória,Denmark,Vitória.Denmark@gmail.com,undefined.undefined@gmail.com,police officer
766,Dar es Salaam,Vanuatu,Dar es Salaam.Vanuatu@gmail.com,undefined.undefined@gmail.com,firefighter
767,Saskatoon,Iraq,Saskatoon.Iraq@gmail.com,undefined.undefined@gmail.com,police officer
768,Cayenne,Uruguay,Cayenne.Uruguay@gmail.com,undefined.undefined@gmail.com,police officer
769,Malmö,New Caledonia,Malmö.New Caledonia@gmail.com,undefined.undefined@gmail.com,developer
770,Hobart,Paraguay,Hobart.Paraguay@gmail.com,undefined.undefined@gmail.com,doctor
771,Lusaka,Turkey,Lusaka.Turkey@gmail.com,undefined.undefined@gmail.com,police officer
772,Rabat,Brazil,Rabat.Brazil@gmail.com,undefined.undefined@gmail.com,developer
773,Longyearbyen,Lesotho,Longyearbyen.Lesotho@gmail.com,undefined.undefined@gmail.com,firefighter
774,Casablanca,Heard Island and Mcdonald Islands,Casablanca.Heard Island and Mcdonald Islands@gmail.com,undefined.undefined@gmail.com,doctor
775,Enugu,Nepal,Enugu.Nepal@gmail.com,undefined.undefined@gmail.com,worker
776,Addis Ababa,Swaziland,Addis Ababa.Swaziland@gmail.com,undefined.undefined@gmail.com,firefighter
777,Oranjestad,Romania,Oranjestad.Romania@gmail.com,undefined.undefined@gmail.com,firefighter
778,La Paz,Lithuania,La Paz.Lithuania@gmail.com,undefined.undefined@gmail.com,worker
779,Guayaquil,Viet Nam,Guayaquil.Viet Nam@gmail.com,undefined.undefined@gmail.com,firefighter
780,Novosibirsk,Bahamas,Novosibirsk.Bahamas@gmail.com,undefined.undefined@gmail.com,doctor
781,Multan,San Marino,Multan.San Marino@gmail.com,undefined.undefined@gmail.com,developer
782,Bogor,Burundi,Bogor.Burundi@gmail.com,undefined.undefined@gmail.com,developer
783,Sucre,Cape Verde,Sucre.Cape Verde@gmail.com,undefined.undefined@gmail.com,firefighter
784,Adelaide,Saint Lucia,Adelaide.Saint Lucia@gmail.com,undefined.undefined@gmail.com,doctor
785,Bandung,Saint Kitts and Nevis,Bandung.Saint Kitts and Nevis@gmail.com,undefined.undefined@gmail.com,worker
786,Pelotas,Netherlands,Pelotas.Netherlands@gmail.com,undefined.undefined@gmail.com,doctor
787,Jersey City,Burkina Faso,Jersey City.Burkina Faso@gmail.com,undefined.undefined@gmail.com,worker
788,Handan,Antarctica,Handan.Antarctica@gmail.com,undefined.undefined@gmail.com,developer
789,Namangan,Cook Islands,Namangan.Cook Islands@gmail.com,undefined.undefined@gmail.com,doctor
790,Invercargill,Swaziland,Invercargill.Swaziland@gmail.com,undefined.undefined@gmail.com,developer
791,Kota Kinabalu,Saint Vincent and the Grenadines,Kota Kinabalu.Saint Vincent and the Grenadines@gmail.com,undefined.undefined@gmail.com,police officer
792,Ndola,Albania,Ndola.Albania@gmail.com,undefined.undefined@gmail.com,worker
793,Concepción,Brunei Darussalam,Concepción.Brunei Darussalam@gmail.com,undefined.undefined@gmail.com,doctor
794,Porto,Kyrgyzstan,Porto.Kyrgyzstan@gmail.com,undefined.undefined@gmail.com,police officer
795,Nuuk,Liberia,Nuuk.Liberia@gmail.com,undefined.undefined@gmail.com,doctor
796,Portland,Zimbabwe,Portland.Zimbabwe@gmail.com,undefined.undefined@gmail.com,developer
797,Yangon,Congo,Yangon.Congo@gmail.com,undefined.undefined@gmail.com,worker
798,Rotterdam,Burundi,Rotterdam.Burundi@gmail.com,undefined.undefined@gmail.com,firefighter
799,Nashville,Bhutan,Nashville.Bhutan@gmail.com,undefined.undefined@gmail.com,police officer
800,Stockholm,Romania,Stockholm.Romania@gmail.com,undefined.undefined@gmail.com,police officer
801,Ibadan,Kuwait,Ibadan.Kuwait@gmail.com,undefined.undefined@gmail.com,doctor
802,Nagoya,Sudan,Nagoya.Sudan@gmail.com,undefined.undefined@gmail.com,doctor
803,Strasbourg,Haiti,Strasbourg.Haiti@gmail.com,undefined.undefined@gmail.com,worker
804,Chicago,Samoa,Chicago.Samoa@gmail.com,undefined.undefined@gmail.com,doctor
805,Malmö,AndorrA,Malmö.AndorrA@gmail.com,undefined.undefined@gmail.com,police officer
806,Malabo,Greenland,Malabo.Greenland@gmail.com,undefined.undefined@gmail.com,firefighter
807,Cockburn Town,Suriname,Cockburn Town.Suriname@gmail.com,undefined.undefined@gmail.com,worker
808,Guadalajara,Jersey,Guadalajara.Jersey@gmail.com,undefined.undefined@gmail.com,worker
809,Sucre,Cook Islands,Sucre.Cook Islands@gmail.com,undefined.undefined@gmail.com,developer
810,Adana,Cook Islands,Adana.Cook Islands@gmail.com,undefined.undefined@gmail.com,firefighter
811,Lucknow,"Lao People""S Democratic Republic","Lucknow.Lao People""S Democratic Republic@gmail.com",undefined.undefined@gmail.com,doctor
812,Chittagong,Argentina,Chittagong.Argentina@gmail.com,undefined.undefined@gmail.com,doctor
813,Quezon City,"Tanzania, United Republic of","Quezon City.Tanzania, United Republic of@gmail.com",undefined.undefined@gmail.com,firefighter
814,Mecca,Kiribati,Mecca.Kiribati@gmail.com,undefined.undefined@gmail.com,doctor
815,Basse-Terre,Norfolk Island,Basse-Terre.Norfolk Island@gmail.com,undefined.undefined@gmail.com,worker
816,Porto Velho,United States Minor Outlying Islands,Porto Velho.United States Minor Outlying Islands@gmail.com,undefined.undefined@gmail.com,developer
817,Ottawa,"Cote D""Ivoire","Ottawa.Cote D""Ivoire@gmail.com",undefined.undefined@gmail.com,worker
818,Madrid,Pitcairn,Madrid.Pitcairn@gmail.com,undefined.undefined@gmail.com,worker
819,N'Djamena,Israel,N'Djamena.Israel@gmail.com,undefined.undefined@gmail.com,firefighter
820,Thessaloniki,Bhutan,Thessaloniki.Bhutan@gmail.com,undefined.undefined@gmail.com,doctor
821,Kandy,Greece,Kandy.Greece@gmail.com,undefined.undefined@gmail.com,doctor
822,Oklahoma City,Bangladesh,Oklahoma City.Bangladesh@gmail.com,undefined.undefined@gmail.com,firefighter
823,Zapopan,Norway,Zapopan.Norway@gmail.com,undefined.undefined@gmail.com,doctor
824,Malacca Town,Montserrat,Malacca Town.Montserrat@gmail.com,undefined.undefined@gmail.com,developer
825,Tamale,Belarus,Tamale.Belarus@gmail.com,undefined.undefined@gmail.com,doctor
826,Toulouse,Saint Helena,Toulouse.Saint Helena@gmail.com,undefined.undefined@gmail.com,developer
827,Guayaquil,Egypt,Guayaquil.Egypt@gmail.com,undefined.undefined@gmail.com,doctor
828,Quezon City,American Samoa,Quezon City.American Samoa@gmail.com,undefined.undefined@gmail.com,doctor
829,Algiers,Antigua and Barbuda,Algiers.Antigua and Barbuda@gmail.com,undefined.undefined@gmail.com,doctor
830,Strasbourg,Belarus,Strasbourg.Belarus@gmail.com,undefined.undefined@gmail.com,worker
831,Valparaíso,Venezuela,Valparaíso.Venezuela@gmail.com,undefined.undefined@gmail.com,doctor
832,Baltimore,French Guiana,Baltimore.French Guiana@gmail.com,undefined.undefined@gmail.com,worker
833,Santiago,Belize,Santiago.Belize@gmail.com,undefined.undefined@gmail.com,doctor
834,Tirana,Suriname,Tirana.Suriname@gmail.com,undefined.undefined@gmail.com,worker
835,South Tarawa,Guernsey,South Tarawa.Guernsey@gmail.com,undefined.undefined@gmail.com,police officer
836,Gothenburg,Åland Islands,Gothenburg.Åland Islands@gmail.com,undefined.undefined@gmail.com,firefighter
837,Pune,Central African Republic,Pune.Central African Republic@gmail.com,undefined.undefined@gmail.com,firefighter
838,Arequipa,Kuwait,Arequipa.Kuwait@gmail.com,undefined.undefined@gmail.com,police officer
839,Sabha,Switzerland,Sabha.Switzerland@gmail.com,undefined.undefined@gmail.com,worker
840,Paris,Kuwait,Paris.Kuwait@gmail.com,undefined.undefined@gmail.com,worker
841,Yokohama,France,Yokohama.France@gmail.com,undefined.undefined@gmail.com,worker
842,Alofi,Niger,Alofi.Niger@gmail.com,undefined.undefined@gmail.com,doctor
843,Kingston,Papua New Guinea,Kingston.Papua New Guinea@gmail.com,undefined.undefined@gmail.com,worker
844,Handan,San Marino,Handan.San Marino@gmail.com,undefined.undefined@gmail.com,doctor
845,Vilnius,Chad,Vilnius.Chad@gmail.com,undefined.undefined@gmail.com,firefighter
846,Quezon City,Holy See (Vatican City State),Quezon City.Holy See (Vatican City State)@gmail.com,undefined.undefined@gmail.com,police officer
847,Curitiba,Isle of Man,Curitiba.Isle of Man@gmail.com,undefined.undefined@gmail.com,worker
848,Kansas City,"Korea, Republic of","Kansas City.Korea, Republic of@gmail.com",undefined.undefined@gmail.com,firefighter
849,Rome,Guam,Rome.Guam@gmail.com,undefined.undefined@gmail.com,developer
850,Da Nang,Peru,Da Nang.Peru@gmail.com,undefined.undefined@gmail.com,doctor
851,Asunción,Trinidad and Tobago,Asunción.Trinidad and Tobago@gmail.com,undefined.undefined@gmail.com,firefighter
852,Dhaka,Japan,Dhaka.Japan@gmail.com,undefined.undefined@gmail.com,worker
853,Ankara,Antigua and Barbuda,Ankara.Antigua and Barbuda@gmail.com,undefined.undefined@gmail.com,developer
854,Addis Ababa,Saint Pierre and Miquelon,Addis Ababa.Saint Pierre and Miquelon@gmail.com,undefined.undefined@gmail.com,doctor
855,Guangzhou,Solomon Islands,Guangzhou.Solomon Islands@gmail.com,undefined.undefined@gmail.com,developer
856,Ushuaia,Marshall Islands,Ushuaia.Marshall Islands@gmail.com,undefined.undefined@gmail.com,worker
857,Manzini,"Virgin Islands, British","Manzini.Virgin Islands, British@gmail.com",undefined.undefined@gmail.com,police officer
858,Kansas City,Reunion,Kansas City.Reunion@gmail.com,undefined.undefined@gmail.com,doctor
859,Antananarivo,Mozambique,Antananarivo.Mozambique@gmail.com,undefined.undefined@gmail.com,developer
860,Luanda,Western Sahara,Luanda.Western Sahara@gmail.com,undefined.undefined@gmail.com,doctor
861,Muscat,Serbia and Montenegro,Muscat.Serbia and Montenegro@gmail.com,undefined.undefined@gmail.com,developer
862,Addis Ababa,Jamaica,Addis Ababa.Jamaica@gmail.com,undefined.undefined@gmail.com,worker
863,Rochester,Morocco,Rochester.Morocco@gmail.com,undefined.undefined@gmail.com,doctor
864,Medina,Brazil,Medina.Brazil@gmail.com,undefined.undefined@gmail.com,doctor
865,Malang,Mexico,Malang.Mexico@gmail.com,undefined.undefined@gmail.com,police officer
866,Yamoussoukro,Italy,Yamoussoukro.Italy@gmail.com,undefined.undefined@gmail.com,worker
867,Antwerp,"Iran, Islamic Republic Of","Antwerp.Iran, Islamic Republic Of@gmail.com",undefined.undefined@gmail.com,police officer
868,Andorra la Vella,Finland,Andorra la Vella.Finland@gmail.com,undefined.undefined@gmail.com,police officer
869,Shigatse,Nicaragua,Shigatse.Nicaragua@gmail.com,undefined.undefined@gmail.com,developer
870,Belém,Netherlands Antilles,Belém.Netherlands Antilles@gmail.com,undefined.undefined@gmail.com,doctor
871,Taiyuan,Hong Kong,Taiyuan.Hong Kong@gmail.com,undefined.undefined@gmail.com,doctor
872,Saint John,Dominica,Saint John.Dominica@gmail.com,undefined.undefined@gmail.com,police officer
873,Cayenne,Australia,Cayenne.Australia@gmail.com,undefined.undefined@gmail.com,developer
874,Papeete,Saudi Arabia,Papeete.Saudi Arabia@gmail.com,undefined.undefined@gmail.com,developer
875,Guayaquil,Slovakia,Guayaquil.Slovakia@gmail.com,undefined.undefined@gmail.com,police officer
876,Phnom Penh,Norfolk Island,Phnom Penh.Norfolk Island@gmail.com,undefined.undefined@gmail.com,worker
877,Hai Phong,Turkey,Hai Phong.Turkey@gmail.com,undefined.undefined@gmail.com,worker
878,Tashkent,Congo,Tashkent.Congo@gmail.com,undefined.undefined@gmail.com,worker
879,Puebla,Zambia,Puebla.Zambia@gmail.com,undefined.undefined@gmail.com,worker
880,Bissau,"Taiwan, Province of China","Bissau.Taiwan, Province of China@gmail.com",undefined.undefined@gmail.com,doctor
881,Saint John,Chile,Saint John.Chile@gmail.com,undefined.undefined@gmail.com,developer
882,Hamilton,Argentina,Hamilton.Argentina@gmail.com,undefined.undefined@gmail.com,firefighter
883,Tamale,Saint Kitts and Nevis,Tamale.Saint Kitts and Nevis@gmail.com,undefined.undefined@gmail.com,police officer
884,Mexicali,Hong Kong,Mexicali.Hong Kong@gmail.com,undefined.undefined@gmail.com,developer
885,Beijing,Grenada,Beijing.Grenada@gmail.com,undefined.undefined@gmail.com,police officer
886,Chihuahua,Barbados,Chihuahua.Barbados@gmail.com,undefined.undefined@gmail.com,worker
887,Caracas,Bangladesh,Caracas.Bangladesh@gmail.com,undefined.undefined@gmail.com,police officer
888,St. John's,Antigua and Barbuda,St. John's.Antigua and Barbuda@gmail.com,undefined.undefined@gmail.com,developer
889,Calama,Antarctica,Calama.Antarctica@gmail.com,undefined.undefined@gmail.com,firefighter
890,Hanga Roa,Australia,Hanga Roa.Australia@gmail.com,undefined.undefined@gmail.com,firefighter
891,Kinshasa,Fiji,Kinshasa.Fiji@gmail.com,undefined.undefined@gmail.com,doctor
892,Tripoli,Cook Islands,Tripoli.Cook Islands@gmail.com,undefined.undefined@gmail.com,worker
893,Thessaloniki,Venezuela,Thessaloniki.Venezuela@gmail.com,undefined.undefined@gmail.com,firefighter
894,Bangalore,Svalbard and Jan Mayen,Bangalore.Svalbard and Jan Mayen@gmail.com,undefined.undefined@gmail.com,worker
895,Pristina,Dominican Republic,Pristina.Dominican Republic@gmail.com,undefined.undefined@gmail.com,firefighter
896,Gaborone,Nepal,Gaborone.Nepal@gmail.com,undefined.undefined@gmail.com,firefighter
897,Kuwait City,Sierra Leone,Kuwait City.Sierra Leone@gmail.com,undefined.undefined@gmail.com,police officer
898,Valencia,Latvia,Valencia.Latvia@gmail.com,undefined.undefined@gmail.com,doctor
899,Alor Star,Panama,Alor Star.Panama@gmail.com,undefined.undefined@gmail.com,worker
900,Longyearbyen,Faroe Islands,Longyearbyen.Faroe Islands@gmail.com,undefined.undefined@gmail.com,worker
901,Manama,Marshall Islands,Manama.Marshall Islands@gmail.com,undefined.undefined@gmail.com,worker
902,Riga,Saint Kitts and Nevis,Riga.Saint Kitts and Nevis@gmail.com,undefined.undefined@gmail.com,worker
903,Yangon,Libyan Arab Jamahiriya,Yangon.Libyan Arab Jamahiriya@gmail.com,undefined.undefined@gmail.com,developer
904,Rio de Janeiro,Serbia and Montenegro,Rio de Janeiro.Serbia and Montenegro@gmail.com,undefined.undefined@gmail.com,doctor
905,Bishkek,Tokelau,Bishkek.Tokelau@gmail.com,undefined.undefined@gmail.com,police officer
906,Lima,Iceland,Lima.Iceland@gmail.com,undefined.undefined@gmail.com,firefighter
907,Omdurman,Aruba,Omdurman.Aruba@gmail.com,undefined.undefined@gmail.com,police officer
908,Virginia Beach,France,Virginia Beach.France@gmail.com,undefined.undefined@gmail.com,worker
909,Changchun,Serbia and Montenegro,Changchun.Serbia and Montenegro@gmail.com,undefined.undefined@gmail.com,developer
910,Ibadan,Tuvalu,Ibadan.Tuvalu@gmail.com,undefined.undefined@gmail.com,doctor
911,Palma,China,Palma.China@gmail.com,undefined.undefined@gmail.com,doctor
912,Multan,Guernsey,Multan.Guernsey@gmail.com,undefined.undefined@gmail.com,police officer
913,Hargeisa,Colombia,Hargeisa.Colombia@gmail.com,undefined.undefined@gmail.com,developer
914,Amritsar,Tokelau,Amritsar.Tokelau@gmail.com,undefined.undefined@gmail.com,developer
915,Pago Pago,Denmark,Pago Pago.Denmark@gmail.com,undefined.undefined@gmail.com,developer
916,Nanjing,Mali,Nanjing.Mali@gmail.com,undefined.undefined@gmail.com,doctor
917,Dalian,Ukraine,Dalian.Ukraine@gmail.com,undefined.undefined@gmail.com,worker
918,Gothenburg,Haiti,Gothenburg.Haiti@gmail.com,undefined.undefined@gmail.com,developer
919,Vladivostok,Japan,Vladivostok.Japan@gmail.com,undefined.undefined@gmail.com,developer
920,Banjul,New Caledonia,Banjul.New Caledonia@gmail.com,undefined.undefined@gmail.com,worker
921,Gaza,Honduras,Gaza.Honduras@gmail.com,undefined.undefined@gmail.com,police officer
922,Antwerp,Thailand,Antwerp.Thailand@gmail.com,undefined.undefined@gmail.com,worker
923,Xi'an,Jersey,Xi'an.Jersey@gmail.com,undefined.undefined@gmail.com,firefighter
924,Mashhad,Cambodia,Mashhad.Cambodia@gmail.com,undefined.undefined@gmail.com,developer
925,Durban,Turkey,Durban.Turkey@gmail.com,undefined.undefined@gmail.com,police officer
926,Mersin,Timor-Leste,Mersin.Timor-Leste@gmail.com,undefined.undefined@gmail.com,police officer
927,Salt Lake City,Cuba,Salt Lake City.Cuba@gmail.com,undefined.undefined@gmail.com,firefighter
928,Cairo,Sierra Leone,Cairo.Sierra Leone@gmail.com,undefined.undefined@gmail.com,firefighter
929,Aarhus,Cook Islands,Aarhus.Cook Islands@gmail.com,undefined.undefined@gmail.com,police officer
930,Kinshasa,Malaysia,Kinshasa.Malaysia@gmail.com,undefined.undefined@gmail.com,firefighter
931,Manaus,Morocco,Manaus.Morocco@gmail.com,undefined.undefined@gmail.com,firefighter
932,Astana,Mexico,Astana.Mexico@gmail.com,undefined.undefined@gmail.com,doctor
933,Split (city),China,Split (city).China@gmail.com,undefined.undefined@gmail.com,firefighter
934,Dunedin,United States Minor Outlying Islands,Dunedin.United States Minor Outlying Islands@gmail.com,undefined.undefined@gmail.com,worker
935,Chaguanas,Mozambique,Chaguanas.Mozambique@gmail.com,undefined.undefined@gmail.com,firefighter
936,Praia,Hong Kong,Praia.Hong Kong@gmail.com,undefined.undefined@gmail.com,firefighter
937,Gangtok,Algeria,Gangtok.Algeria@gmail.com,undefined.undefined@gmail.com,firefighter
938,Kota Bharu,Monaco,Kota Bharu.Monaco@gmail.com,undefined.undefined@gmail.com,worker
939,Pago Pago,"Virgin Islands, U.S.","Pago Pago.Virgin Islands, U.S.@gmail.com",undefined.undefined@gmail.com,developer
940,Kunming,Central African Republic,Kunming.Central African Republic@gmail.com,undefined.undefined@gmail.com,developer
941,Omsk,Azerbaijan,Omsk.Azerbaijan@gmail.com,undefined.undefined@gmail.com,doctor
942,Memphis,Bouvet Island,Memphis.Bouvet Island@gmail.com,undefined.undefined@gmail.com,police officer
943,Bujumbura,Puerto Rico,Bujumbura.Puerto Rico@gmail.com,undefined.undefined@gmail.com,firefighter
944,Munich,Tunisia,Munich.Tunisia@gmail.com,undefined.undefined@gmail.com,worker
945,Nairobi,Ireland,Nairobi.Ireland@gmail.com,undefined.undefined@gmail.com,firefighter
946,Rome,Guam,Rome.Guam@gmail.com,undefined.undefined@gmail.com,worker
947,Tórshavn,Czech Republic,Tórshavn.Czech Republic@gmail.com,undefined.undefined@gmail.com,police officer
948,Saint Petersburg,Tunisia,Saint Petersburg.Tunisia@gmail.com,undefined.undefined@gmail.com,developer
949,Cairo,Philippines,Cairo.Philippines@gmail.com,undefined.undefined@gmail.com,developer
950,Moroni,Spain,Moroni.Spain@gmail.com,undefined.undefined@gmail.com,worker
951,Lomé,Guinea-Bissau,Lomé.Guinea-Bissau@gmail.com,undefined.undefined@gmail.com,firefighter
952,Rabat,Libyan Arab Jamahiriya,Rabat.Libyan Arab Jamahiriya@gmail.com,undefined.undefined@gmail.com,worker
953,Iloilo City,British Indian Ocean Territory,Iloilo City.British Indian Ocean Territory@gmail.com,undefined.undefined@gmail.com,worker
954,Tagbilaran,"Korea, Democratic People""S Republic of","Tagbilaran.Korea, Democratic People""S Republic of@gmail.com",undefined.undefined@gmail.com,worker
955,Chongjin,Pakistan,Chongjin.Pakistan@gmail.com,undefined.undefined@gmail.com,worker
956,Mashhad,Turkmenistan,Mashhad.Turkmenistan@gmail.com,undefined.undefined@gmail.com,doctor
957,Macau,Saint Vincent and the Grenadines,Macau.Saint Vincent and the Grenadines@gmail.com,undefined.undefined@gmail.com,police officer
958,Xining,Nauru,Xining.Nauru@gmail.com,undefined.undefined@gmail.com,doctor
959,Las Palmas de Gran Canaria,Gabon,Las Palmas de Gran Canaria.Gabon@gmail.com,undefined.undefined@gmail.com,police officer
960,Semarang,Kazakhstan,Semarang.Kazakhstan@gmail.com,undefined.undefined@gmail.com,firefighter
961,Reykjavík,Romania,Reykjavík.Romania@gmail.com,undefined.undefined@gmail.com,police officer
962,Jakarta,Nicaragua,Jakarta.Nicaragua@gmail.com,undefined.undefined@gmail.com,developer
963,Surabaya,Canada,Surabaya.Canada@gmail.com,undefined.undefined@gmail.com,developer
964,South Tarawa,China,South Tarawa.China@gmail.com,undefined.undefined@gmail.com,worker
965,Tskhinvali,Argentina,Tskhinvali.Argentina@gmail.com,undefined.undefined@gmail.com,developer
966,Reykjavík,United Arab Emirates,Reykjavík.United Arab Emirates@gmail.com,undefined.undefined@gmail.com,doctor
967,Kobe,French Polynesia,Kobe.French Polynesia@gmail.com,undefined.undefined@gmail.com,doctor
968,Pontianak,Greenland,Pontianak.Greenland@gmail.com,undefined.undefined@gmail.com,worker
969,Amritsar,Heard Island and Mcdonald Islands,Amritsar.Heard Island and Mcdonald Islands@gmail.com,undefined.undefined@gmail.com,worker
970,El Aaiún,Italy,El Aaiún.Italy@gmail.com,undefined.undefined@gmail.com,worker
971,Luxor,Turks and Caicos Islands,Luxor.Turks and Caicos Islands@gmail.com,undefined.undefined@gmail.com,firefighter
972,Zanzibar City,Israel,Zanzibar City.Israel@gmail.com,undefined.undefined@gmail.com,police officer
973,Baltimore,Uruguay,Baltimore.Uruguay@gmail.com,undefined.undefined@gmail.com,doctor
974,Dallas,Azerbaijan,Dallas.Azerbaijan@gmail.com,undefined.undefined@gmail.com,worker
975,Nouakchott,Zambia,Nouakchott.Zambia@gmail.com,undefined.undefined@gmail.com,developer
976,Conakry,Netherlands Antilles,Conakry.Netherlands Antilles@gmail.com,undefined.undefined@gmail.com,worker
977,Jacksonville,Western Sahara,Jacksonville.Western Sahara@gmail.com,undefined.undefined@gmail.com,police officer
978,Arequipa,Jordan,Arequipa.Jordan@gmail.com,undefined.undefined@gmail.com,police officer
979,Lucknow,Cape Verde,Lucknow.Cape Verde@gmail.com,undefined.undefined@gmail.com,firefighter
980,Fukuoka,Madagascar,Fukuoka.Madagascar@gmail.com,undefined.undefined@gmail.com,firefighter
981,Almaty,Yemen,Almaty.Yemen@gmail.com,undefined.undefined@gmail.com,doctor
982,Jakarta,Swaziland,Jakarta.Swaziland@gmail.com,undefined.undefined@gmail.com,developer
983,San Carlos de Bariloche,Samoa,San Carlos de Bariloche.Samoa@gmail.com,undefined.undefined@gmail.com,worker
984,Chongqing,Tokelau,Chongqing.Tokelau@gmail.com,undefined.undefined@gmail.com,worker
985,Tirana,Costa Rica,Tirana.Costa Rica@gmail.com,undefined.undefined@gmail.com,worker
986,Gibraltar,Oman,Gibraltar.Oman@gmail.com,undefined.undefined@gmail.com,doctor
987,Phuket (city),AndorrA,Phuket (city).AndorrA@gmail.com,undefined.undefined@gmail.com,developer
988,Honiara,Chad,Honiara.Chad@gmail.com,undefined.undefined@gmail.com,worker
989,Cologne,Greece,Cologne.Greece@gmail.com,undefined.undefined@gmail.com,worker
990,Campinas,"Macedonia, The Former Yugoslav Republic of","Campinas.Macedonia, The Former Yugoslav Republic of@gmail.com",undefined.undefined@gmail.com,firefighter
991,Kuala Lumpur,Seychelles,Kuala Lumpur.Seychelles@gmail.com,undefined.undefined@gmail.com,worker
992,Hat Yai,Liberia,Hat Yai.Liberia@gmail.com,undefined.undefined@gmail.com,developer
993,Weno,"Cote D""Ivoire","Weno.Cote D""Ivoire@gmail.com",undefined.undefined@gmail.com,police officer
994,Riyadh,South Georgia and the South Sandwich Islands,Riyadh.South Georgia and the South Sandwich Islands@gmail.com,undefined.undefined@gmail.com,developer
995,Cardiff,Suriname,Cardiff.Suriname@gmail.com,undefined.undefined@gmail.com,doctor
996,Dibrugarh,Venezuela,Dibrugarh.Venezuela@gmail.com,undefined.undefined@gmail.com,doctor
997,Sana'a,"Macedonia, The Former Yugoslav Republic of","Sana'a.Macedonia, The Former Yugoslav Republic of@gmail.com",undefined.undefined@gmail.com,developer
998,Wichita,Netherlands,Wichita.Netherlands@gmail.com,undefined.undefined@gmail.com,firefighter
999,Sri Jayawardenapura-Kotte,Montserrat,Sri Jayawardenapura-Kotte.Montserrat@gmail.com,undefined.undefined@gmail.com,police officer
1000,San Fernando,Venezuela,San Fernando.Venezuela@gmail.com,undefined.undefined@gmail.com,firefighter
1001,Denver,South Georgia and the South Sandwich Islands,Denver.South Georgia and the South Sandwich Islands@gmail.com,undefined.undefined@gmail.com,firefighter
1002,Mandurah,Greece,Mandurah.Greece@gmail.com,undefined.undefined@gmail.com,police officer
1003,Kota Kinabalu,Bermuda,Kota Kinabalu.Bermuda@gmail.com,undefined.undefined@gmail.com,police officer
1004,Ouagadougou,France,Ouagadougou.France@gmail.com,undefined.undefined@gmail.com,worker
1005,Tegucigalpa,Costa Rica,Tegucigalpa.Costa Rica@gmail.com,undefined.undefined@gmail.com,developer
1006,Karachi,Haiti,Karachi.Haiti@gmail.com,undefined.undefined@gmail.com,doctor
1007,Guayaquil,Norfolk Island,Guayaquil.Norfolk Island@gmail.com,undefined.undefined@gmail.com,police officer
1008,Rawalpindi,Burkina Faso,Rawalpindi.Burkina Faso@gmail.com,undefined.undefined@gmail.com,worker
1009,Buffalo,Guernsey,Buffalo.Guernsey@gmail.com,undefined.undefined@gmail.com,worker
1010,Kiev,Argentina,Kiev.Argentina@gmail.com,undefined.undefined@gmail.com,worker
1011,Hanga Roa,Trinidad and Tobago,Hanga Roa.Trinidad and Tobago@gmail.com,undefined.undefined@gmail.com,doctor
1012,Dili,Turkmenistan,Dili.Turkmenistan@gmail.com,undefined.undefined@gmail.com,developer
1013,Tunis,Romania,Tunis.Romania@gmail.com,undefined.undefined@gmail.com,doctor
1014,Veracruz,Uruguay,Veracruz.Uruguay@gmail.com,undefined.undefined@gmail.com,firefighter
1015,Nouakchott,Hong Kong,Nouakchott.Hong Kong@gmail.com,undefined.undefined@gmail.com,worker
1016,Lima,Panama,Lima.Panama@gmail.com,undefined.undefined@gmail.com,firefighter
1017,Jayapura,"Korea, Republic of","Jayapura.Korea, Republic of@gmail.com",undefined.undefined@gmail.com,doctor
1018,Kaliningrad,Mali,Kaliningrad.Mali@gmail.com,undefined.undefined@gmail.com,developer
1019,Nuuk,Norway,Nuuk.Norway@gmail.com,undefined.undefined@gmail.com,developer
1020,Mersin,Venezuela,Mersin.Venezuela@gmail.com,undefined.undefined@gmail.com,doctor
1021,Suez,Mayotte,Suez.Mayotte@gmail.com,undefined.undefined@gmail.com,firefighter
1022,Podgorica,Saint Vincent and the Grenadines,Podgorica.Saint Vincent and the Grenadines@gmail.com,undefined.undefined@gmail.com,police officer
1023,Oslo,Kiribati,Oslo.Kiribati@gmail.com,undefined.undefined@gmail.com,firefighter
1024,Guadalajara,Nepal,Guadalajara.Nepal@gmail.com,undefined.undefined@gmail.com,worker
1025,Assis,Bulgaria,Assis.Bulgaria@gmail.com,undefined.undefined@gmail.com,worker
1026,Aarhus,Bahamas,Aarhus.Bahamas@gmail.com,undefined.undefined@gmail.com,worker
1027,Saint-Pierre,Seychelles,Saint-Pierre.Seychelles@gmail.com,undefined.undefined@gmail.com,developer
1028,Kolkata,Congo,Kolkata.Congo@gmail.com,undefined.undefined@gmail.com,worker
1029,Astana,Falkland Islands (Malvinas),Astana.Falkland Islands (Malvinas)@gmail.com,undefined.undefined@gmail.com,worker
1030,Douglas,Northern Mariana Islands,Douglas.Northern Mariana Islands@gmail.com,undefined.undefined@gmail.com,developer
1031,Funafuti,Swaziland,Funafuti.Swaziland@gmail.com,undefined.undefined@gmail.com,worker
1032,Medellín,Brunei Darussalam,Medellín.Brunei Darussalam@gmail.com,undefined.undefined@gmail.com,developer
1033,Paris,Anguilla,Paris.Anguilla@gmail.com,undefined.undefined@gmail.com,worker
1034,Espoo,Ghana,Espoo.Ghana@gmail.com,undefined.undefined@gmail.com,worker
1035,Bangkok,Nicaragua,Bangkok.Nicaragua@gmail.com,undefined.undefined@gmail.com,firefighter
1036,Bandar Seri Begawan,Panama,Bandar Seri Begawan.Panama@gmail.com,undefined.undefined@gmail.com,developer
1037,Willemstad,Uzbekistan,Willemstad.Uzbekistan@gmail.com,undefined.undefined@gmail.com,firefighter
1038,Kabul,Aruba,Kabul.Aruba@gmail.com,undefined.undefined@gmail.com,developer
1039,Handan,United States,Handan.United States@gmail.com,undefined.undefined@gmail.com,firefighter
1040,Banjul,Mali,Banjul.Mali@gmail.com,undefined.undefined@gmail.com,worker
1041,Manaus,Armenia,Manaus.Armenia@gmail.com,undefined.undefined@gmail.com,firefighter
1042,Aarhus,Saint Pierre and Miquelon,Aarhus.Saint Pierre and Miquelon@gmail.com,undefined.undefined@gmail.com,worker
1043,Medan,Kiribati,Medan.Kiribati@gmail.com,undefined.undefined@gmail.com,firefighter
1044,Assis,Turkey,Assis.Turkey@gmail.com,undefined.undefined@gmail.com,developer
1045,Sucre,Jersey,Sucre.Jersey@gmail.com,undefined.undefined@gmail.com,worker
1046,Cannes,Albania,Cannes.Albania@gmail.com,undefined.undefined@gmail.com,police officer
1047,Quito,Germany,Quito.Germany@gmail.com,undefined.undefined@gmail.com,developer
1048,Port Blair,China,Port Blair.China@gmail.com,undefined.undefined@gmail.com,developer
1049,Labasa,Suriname,Labasa.Suriname@gmail.com,undefined.undefined@gmail.com,developer
1050,Arbil,Togo,Arbil.Togo@gmail.com,undefined.undefined@gmail.com,doctor
1051,Nanjing,Liberia,Nanjing.Liberia@gmail.com,undefined.undefined@gmail.com,developer
1052,Lobamba,Martinique,Lobamba.Martinique@gmail.com,undefined.undefined@gmail.com,firefighter
1053,Bangalore,Uzbekistan,Bangalore.Uzbekistan@gmail.com,undefined.undefined@gmail.com,developer
1054,Porto Alegre,Guyana,Porto Alegre.Guyana@gmail.com,undefined.undefined@gmail.com,worker
1055,Jayapura,Greece,Jayapura.Greece@gmail.com,undefined.undefined@gmail.com,worker
1056,Chicago,Tuvalu,Chicago.Tuvalu@gmail.com,undefined.undefined@gmail.com,developer
1057,Da Nang,France,Da Nang.France@gmail.com,undefined.undefined@gmail.com,firefighter
1058,Malang,Sri Lanka,Malang.Sri Lanka@gmail.com,undefined.undefined@gmail.com,firefighter
1059,Peshawar,Paraguay,Peshawar.Paraguay@gmail.com,undefined.undefined@gmail.com,developer
1060,Rome,Brazil,Rome.Brazil@gmail.com,undefined.undefined@gmail.com,worker
1061,Douala,Malaysia,Douala.Malaysia@gmail.com,undefined.undefined@gmail.com,doctor
1062,Puebla,Anguilla,Puebla.Anguilla@gmail.com,undefined.undefined@gmail.com,doctor
1063,Sana'a,RWANDA,Sana'a.RWANDA@gmail.com,undefined.undefined@gmail.com,developer
1064,Hyderabad,Belgium,Hyderabad.Belgium@gmail.com,undefined.undefined@gmail.com,firefighter
1065,Pyongyang,Qatar,Pyongyang.Qatar@gmail.com,undefined.undefined@gmail.com,developer
1066,St. George's,Cape Verde,St. George's.Cape Verde@gmail.com,undefined.undefined@gmail.com,doctor
1067,Chaguanas,Denmark,Chaguanas.Denmark@gmail.com,undefined.undefined@gmail.com,firefighter
1068,Athens,Monaco,Athens.Monaco@gmail.com,undefined.undefined@gmail.com,doctor
1069,Tallinn,Luxembourg,Tallinn.Luxembourg@gmail.com,undefined.undefined@gmail.com,firefighter
1070,Thessaloniki,Burundi,Thessaloniki.Burundi@gmail.com,undefined.undefined@gmail.com,worker
1071,Taiyuan,Burundi,Taiyuan.Burundi@gmail.com,undefined.undefined@gmail.com,police officer
1072,Dar es Salaam,Burundi,Dar es Salaam.Burundi@gmail.com,undefined.undefined@gmail.com,police officer
1073,Malmö,Maldives,Malmö.Maldives@gmail.com,undefined.undefined@gmail.com,developer
1074,Memphis,French Southern Territories,Memphis.French Southern Territories@gmail.com,undefined.undefined@gmail.com,worker
1075,Bahía Blanca,Argentina,Bahía Blanca.Argentina@gmail.com,undefined.undefined@gmail.com,firefighter
1076,Odessa,Holy See (Vatican City State),Odessa.Holy See (Vatican City State)@gmail.com,undefined.undefined@gmail.com,developer
1077,Zanzibar City,Iraq,Zanzibar City.Iraq@gmail.com,undefined.undefined@gmail.com,worker
1078,Freetown,United States,Freetown.United States@gmail.com,undefined.undefined@gmail.com,developer
1079,Lviv,Peru,Lviv.Peru@gmail.com,undefined.undefined@gmail.com,firefighter
1080,Praia,United States,Praia.United States@gmail.com,undefined.undefined@gmail.com,developer
1081,Douglas,Malaysia,Douglas.Malaysia@gmail.com,undefined.undefined@gmail.com,worker
1082,Milwaukee,"Tanzania, United Republic of","Milwaukee.Tanzania, United Republic of@gmail.com",undefined.undefined@gmail.com,worker
1083,Valletta,Switzerland,Valletta.Switzerland@gmail.com,undefined.undefined@gmail.com,worker
1084,Sri Jayawardenapura-Kotte,Holy See (Vatican City State),Sri Jayawardenapura-Kotte.Holy See (Vatican City State)@gmail.com,undefined.undefined@gmail.com,firefighter
1085,Dededo,Sri Lanka,Dededo.Sri Lanka@gmail.com,undefined.undefined@gmail.com,worker
1086,Srinagar,Jamaica,Srinagar.Jamaica@gmail.com,undefined.undefined@gmail.com,doctor
1087,Bujumbura,"Korea, Democratic People""S Republic of","Bujumbura.Korea, Democratic People""S Republic of@gmail.com",undefined.undefined@gmail.com,doctor
1088,Paramaribo,Turkey,Paramaribo.Turkey@gmail.com,undefined.undefined@gmail.com,worker
1089,Zhengzhou,Netherlands Antilles,Zhengzhou.Netherlands Antilles@gmail.com,undefined.undefined@gmail.com,developer
1090,Vatican City,"Iran, Islamic Republic Of","Vatican City.Iran, Islamic Republic Of@gmail.com",undefined.undefined@gmail.com,worker
1091,Miami,Montserrat,Miami.Montserrat@gmail.com,undefined.undefined@gmail.com,doctor
1092,Conakry,Saint Helena,Conakry.Saint Helena@gmail.com,undefined.undefined@gmail.com,firefighter
1093,Denpasar,Afghanistan,Denpasar.Afghanistan@gmail.com,undefined.undefined@gmail.com,police officer
1094,Turin,"Cote D""Ivoire","Turin.Cote D""Ivoire@gmail.com",undefined.undefined@gmail.com,firefighter
1095,Mersin,South Georgia and the South Sandwich Islands,Mersin.South Georgia and the South Sandwich Islands@gmail.com,undefined.undefined@gmail.com,worker
1096,Hobart,Bolivia,Hobart.Bolivia@gmail.com,undefined.undefined@gmail.com,doctor
1097,Ashgabat,Algeria,Ashgabat.Algeria@gmail.com,undefined.undefined@gmail.com,police officer
1098,Lviv,Nauru,Lviv.Nauru@gmail.com,undefined.undefined@gmail.com,police officer
1099,Kigali,Brazil,Kigali.Brazil@gmail.com,undefined.undefined@gmail.com,police officer