id,city,country,email,email2,profession
100,Bilbao,Sao Tome and Principe,Bilbao.Sao Tome and Principe@gmail.com,undefined.undefined@gmail.com,police officer
101,Nakhon Ratchasima,Tonga,Nakhon Ratchasima.Tonga@gmail.com,undefined.undefined@gmail.com,police officer
102,Fredericton,Fiji,Fredericton.Fiji@gmail.com,undefined.undefined@gmail.com,doctor
103,Podgorica,Bolivia,Podgorica.Bolivia@gmail.com,undefined.undefined@gmail.com,doctor
104,Siem Reap,Panama,Siem Reap.Panama@gmail.com,undefined.undefined@gmail.com,police officer
105,Francistown,"Iran, Islamic Republic Of","Francistown.Iran, Islamic Republic Of@gmail.com",undefined.undefined@gmail.com,firefighter
106,Tripoli,Italy,Tripoli.Italy@gmail.com,undefined.undefined@gmail.com,developer
107,Toronto,Switzerland,Toronto.Switzerland@gmail.com,undefined.undefined@gmail.com,police officer
108,Salzburg,Nauru,Salzburg.Nauru@gmail.com,undefined.undefined@gmail.com,developer
109,Incheon,Mongolia,Incheon.Mongolia@gmail.com,undefined.undefined@gmail.com,police officer
110,Cebu City,Montserrat,Cebu City.Montserrat@gmail.com,undefined.undefined@gmail.com,firefighter
111,Kigali,Brunei Darussalam,Kigali.Brunei Darussalam@gmail.com,undefined.undefined@gmail.com,developer
112,Vaduz,Costa Rica,Vaduz.Costa Rica@gmail.com,undefined.undefined@gmail.com,worker
113,Johannesburg,Cyprus,Johannesburg.Cyprus@gmail.com,undefined.undefined@gmail.com,firefighter
114,Bangalore,Saint Lucia,Bangalore.Saint Lucia@gmail.com,undefined.undefined@gmail.com,police officer
115,Semarang,Northern Mariana Islands,Semarang.Northern Mariana Islands@gmail.com,undefined.undefined@gmail.com,police officer
116,Bloemfontein,Somalia,Bloemfontein.Somalia@gmail.com,undefined.undefined@gmail.com,firefighter
117,Port of Spain,Saint Vincent and the Grenadines,Port of Spain.Saint Vincent and the Grenadines@gmail.com,undefined.undefined@gmail.com,worker
118,Abidjan,Netherlands Antilles,Abidjan.Netherlands Antilles@gmail.com,undefined.undefined@gmail.com,worker
119,Innsbruck,Monaco,Innsbruck.Monaco@gmail.com,undefined.undefined@gmail.com,doctor
120,Panama City,Iraq,Panama City.Iraq@gmail.com,undefined.undefined@gmail.com,firefighter
121,Karachi,Jersey,Karachi.Jersey@gmail.com,undefined.undefined@gmail.com,firefighter
122,Tucson,Bouvet Island,Tucson.Bouvet Island@gmail.com,undefined.undefined@gmail.com,firefighter
123,Barcelona,Bhutan,Barcelona.Bhutan@gmail.com,undefined.undefined@gmail.com,developer
124,Anchorage,Western Sahara,Anchorage.Western Sahara@gmail.com,undefined.undefined@gmail.com,developer
125,Los Angeles,Nauru,Los Angeles.Nauru@gmail.com,undefined.undefined@gmail.com,developer
126,San Carlos de Bariloche,Luxembourg,San Carlos de Bariloche.Luxembourg@gmail.com,undefined.undefined@gmail.com,worker
127,Saint Petersburg,Afghanistan,Saint Petersburg.Afghanistan@gmail.com,undefined.undefined@gmail.com,firefighter
128,Lusaka,"Iran, Islamic Republic Of","Lusaka.Iran, Islamic Republic Of@gmail.com",undefined.undefined@gmail.com,doctor
129,Wellington,Equatorial Guinea,Wellington.Equatorial Guinea@gmail.com,undefined.undefined@gmail.com,firefighter
130,Zamboanga City,Solomon Islands,Zamboanga City.Solomon Islands@gmail.com,undefined.undefined@gmail.com,doctor
131,Adamstown,Guinea,Adamstown.Guinea@gmail.com,undefined.undefined@gmail.com,doctor
132,Tehran,Zimbabwe,Tehran.Zimbabwe@gmail.com,undefined.undefined@gmail.com,worker
133,Shijiazhuang,"Korea, Republic of","Shijiazhuang.Korea, Republic of@gmail.com",undefined.undefined@gmail.com,doctor
134,Reykjavík,Trinidad and Tobago,Reykjavík.Trinidad and Tobago@gmail.com,undefined.undefined@gmail.com,developer
135,Qingdao,Iceland,Qingdao.Iceland@gmail.com,undefined.undefined@gmail.com,developer
136,Kraków,Paraguay,Kraków.Paraguay@gmail.com,undefined.undefined@gmail.com,developer
137,Singapore,Eritrea,Singapore.Eritrea@gmail.com,undefined.undefined@gmail.com,police officer
138,Maracaibo,Saint Helena,Maracaibo.Saint Helena@gmail.com,undefined.undefined@gmail.com,developer
139,Moscow,Malawi,Moscow.Malawi@gmail.com,undefined.undefined@gmail.com,worker
140,Jayapura,Togo,Jayapura.Togo@gmail.com,undefined.undefined@gmail.com,worker
141,Lusaka,Tonga,Lusaka.Tonga@gmail.com,undefined.undefined@gmail.com,developer
142,Cincinnati,Tonga,Cincinnati.Tonga@gmail.com,undefined.undefined@gmail.com,firefighter
143,Medellín,Ecuador,Medellín.Ecuador@gmail.com,undefined.undefined@gmail.com,police officer
144,Manila,Turkmenistan,Manila.Turkmenistan@gmail.com,undefined.undefined@gmail.com,worker
145,Adamstown,Puerto Rico,Adamstown.Puerto Rico@gmail.com,undefined.undefined@gmail.com,police officer
146,Valdivia,Djibouti,Valdivia.Djibouti@gmail.com,undefined.undefined@gmail.com,developer
147,Hobart,Iceland,Hobart.Iceland@gmail.com,undefined.undefined@gmail.com,worker
148,Timbuktu,Suriname,Timbuktu.Suriname@gmail.com,undefined.undefined@gmail.com,doctor
149,Suez,Bolivia,Suez.Bolivia@gmail.com,undefined.undefined@gmail.com,developer
150,Kolkata,Madagascar,Kolkata.Madagascar@gmail.com,undefined.undefined@gmail.com,developer
151,Phoenix,Cape Verde,Phoenix.Cape Verde@gmail.com,undefined.undefined@gmail.com,firefighter
152,Nizhny Novgorod,Isle of Man,Nizhny Novgorod.Isle of Man@gmail.com,undefined.undefined@gmail.com,developer
153,Palma,Heard Island and Mcdonald Islands,Palma.Heard Island and Mcdonald Islands@gmail.com,undefined.undefined@gmail.com,doctor
154,Palembang,Djibouti,Palembang.Djibouti@gmail.com,undefined.undefined@gmail.com,police officer
155,Minneapolis,Zimbabwe,Minneapolis.Zimbabwe@gmail.com,undefined.undefined@gmail.com,doctor
156,Bucharest,Turkey,Bucharest.Turkey@gmail.com,undefined.undefined@gmail.com,developer
157,Berlin,Macao,Berlin.Macao@gmail.com,undefined.undefined@gmail.com,developer
158,Salzburg,Chad,Salzburg.Chad@gmail.com,undefined.undefined@gmail.com,firefighter
159,Ushuaia,Tokelau,Ushuaia.Tokelau@gmail.com,undefined.undefined@gmail.com,police officer
160,Koulikoro,Martinique,Koulikoro.Martinique@gmail.com,undefined.undefined@gmail.com,developer
161,Sofia,Wallis and Futuna,Sofia.Wallis and Futuna@gmail.com,undefined.undefined@gmail.com,firefighter
162,Jamestown,Syrian Arab Republic,Jamestown.Syrian Arab Republic@gmail.com,undefined.undefined@gmail.com,worker
163,Virginia Beach,Kenya,Virginia Beach.Kenya@gmail.com,undefined.undefined@gmail.com,firefighter
164,Pontianak,Saint Lucia,Pontianak.Saint Lucia@gmail.com,undefined.undefined@gmail.com,doctor
165,Sucre,Guyana,Sucre.Guyana@gmail.com,undefined.undefined@gmail.com,doctor
166,Campinas,Malta,Campinas.Malta@gmail.com,undefined.undefined@gmail.com,doctor
167,Yogyakarta (city),Philippines,Yogyakarta (city).Philippines@gmail.com,undefined.undefined@gmail.com,doctor
168,Honiara,Bangladesh,Honiara.Bangladesh@gmail.com,undefined.undefined@gmail.com,police officer
169,Conakry,Dominica,Conakry.Dominica@gmail.com,undefined.undefined@gmail.com,firefighter
170,Toronto,Bulgaria,Toronto.Bulgaria@gmail.com,undefined.undefined@gmail.com,doctor
171,Valdivia,Vanuatu,Valdivia.Vanuatu@gmail.com,undefined.undefined@gmail.com,police officer
172,Tucson,Belarus,Tucson.Belarus@gmail.com,undefined.undefined@gmail.com,developer
173,Calgary,"Virgin Islands, British","Calgary.Virgin Islands, British@gmail.com",undefined.undefined@gmail.com,doctor
174,Semarang,Mauritania,Semarang.Mauritania@gmail.com,undefined.undefined@gmail.com,developer
175,Avarua,Macao,Avarua.Macao@gmail.com,undefined.undefined@gmail.com,developer
176,Damascus,Sierra Leone,Damascus.Sierra Leone@gmail.com,undefined.undefined@gmail.com,firefighter
177,Wellington,Maldives,Wellington.Maldives@gmail.com,undefined.undefined@gmail.com,doctor
178,Kuala Lumpur,Guinea-Bissau,Kuala Lumpur.Guinea-Bissau@gmail.com,undefined.undefined@gmail.com,worker
179,Almaty,Grenada,Almaty.Grenada@gmail.com,undefined.undefined@gmail.com,doctor
180,Perth,Thailand,Perth.Thailand@gmail.com,undefined.undefined@gmail.com,firefighter
181,Horta (Azores),Western Sahara,Horta (Azores).Western Sahara@gmail.com,undefined.undefined@gmail.com,doctor
182,Tagbilaran,Ghana,Tagbilaran.Ghana@gmail.com,undefined.undefined@gmail.com,worker
183,Cairns,Nauru,Cairns.Nauru@gmail.com,undefined.undefined@gmail.com,firefighter
184,Campinas,Israel,Campinas.Israel@gmail.com,undefined.undefined@gmail.com,firefighter
185,Málaga,Australia,Málaga.Australia@gmail.com,undefined.undefined@gmail.com,police officer
186,Castries,Nicaragua,Castries.Nicaragua@gmail.com,undefined.undefined@gmail.com,developer
187,Aberdeen,France,Aberdeen.France@gmail.com,undefined.undefined@gmail.com,worker
188,Luxembourg (city),Dominican Republic,Luxembourg (city).Dominican Republic@gmail.com,undefined.undefined@gmail.com,firefighter
189,Munich,Azerbaijan,Munich.Azerbaijan@gmail.com,undefined.undefined@gmail.com,worker
190,Minsk,Kenya,Minsk.Kenya@gmail.com,undefined.undefined@gmail.com,doctor
191,Guangzhou,France,Guangzhou.France@gmail.com,undefined.undefined@gmail.com,firefighter
192,Mashhad,Suriname,Mashhad.Suriname@gmail.com,undefined.undefined@gmail.com,developer
193,Santo Domingo,Jamaica,Santo Domingo.Jamaica@gmail.com,undefined.undefined@gmail.com,worker
194,Punta Arenas,Czech Republic,Punta Arenas.Czech Republic@gmail.com,undefined.undefined@gmail.com,doctor
195,Bangkok,Tuvalu,Bangkok.Tuvalu@gmail.com,undefined.undefined@gmail.com,developer
196,Porto-Novo,Honduras,Porto-Novo.Honduras@gmail.com,undefined.undefined@gmail.com,worker
197,Tirana,Maldives,Tirana.Maldives@gmail.com,undefined.undefined@gmail.com,doctor
198,Johannesburg,Oman,Johannesburg.Oman@gmail.com,undefined.undefined@gmail.com,firefighter
199,Curitiba,Macao,Curitiba.Macao@gmail.com,undefined.undefined@gmail.com,firefighter
200,Brussels,Chad,Brussels.Chad@gmail.com,undefined.undefined@gmail.com,doctor
201,Dodoma,Hong Kong,Dodoma.Hong Kong@gmail.com,undefined.undefined@gmail.com,police officer
202,Puerto Williams,Ghana,Puerto Williams.Ghana@gmail.com,undefined.undefined@gmail.com,firefighter
203,Nice,South Africa,Nice.South Africa@gmail.com,undefined.undefined@gmail.com,doctor
204,Warsaw,Namibia,Warsaw.Namibia@gmail.com,undefined.undefined@gmail.com,doctor
205,Ipoh,Cyprus,Ipoh.Cyprus@gmail.com,undefined.undefined@gmail.com,developer
206,Manzini,Pakistan,Manzini.Pakistan@gmail.com,undefined.undefined@gmail.com,doctor
207,Belize City,Mauritania,Belize City.Mauritania@gmail.com,undefined.undefined@gmail.com,developer
208,Santo Domingo,"Micronesia, Federated States of","Santo Domingo.Micronesia, Federated States of@gmail.com",undefined.undefined@gmail.com,doctor
209,Hong Kong,Singapore,Hong Kong.Singapore@gmail.com,undefined.undefined@gmail.com,developer
210,Boa Vista,"Virgin Islands, U.S.","Boa Vista.Virgin Islands, U.S.@gmail.com",undefined.undefined@gmail.com,police officer
211,Durango,Argentina,Durango.Argentina@gmail.com,undefined.undefined@gmail.com,firefighter
212,Rochester,Somalia,Rochester.Somalia@gmail.com,undefined.undefined@gmail.com,police officer
213,Bratsk,Mayotte,Bratsk.Mayotte@gmail.com,undefined.undefined@gmail.com,police officer
214,Louisville,Sri Lanka,Louisville.Sri Lanka@gmail.com,undefined.undefined@gmail.com,worker
215,Murmansk,"Iran, Islamic Republic Of","Murmansk.Iran, Islamic Republic Of@gmail.com",undefined.undefined@gmail.com,firefighter
216,Port-au-Prince,Turks and Caicos Islands,Port-au-Prince.Turks and Caicos Islands@gmail.com,undefined.undefined@gmail.com,doctor
217,Ponta Delgada,United States Minor Outlying Islands,Ponta Delgada.United States Minor Outlying Islands@gmail.com,undefined.undefined@gmail.com,worker
218,Kyoto,Fiji,Kyoto.Fiji@gmail.com,undefined.undefined@gmail.com,police officer
219,Leipzig,Guernsey,Leipzig.Guernsey@gmail.com,undefined.undefined@gmail.com,worker
220,Macau,Norway,Macau.Norway@gmail.com,undefined.undefined@gmail.com,firefighter
221,Yogyakarta (city),United States,Yogyakarta (city).United States@gmail.com,undefined.undefined@gmail.com,firefighter
222,Naypyidaw,Djibouti,Naypyidaw.Djibouti@gmail.com,undefined.undefined@gmail.com,firefighter
223,Omsk,Austria,Omsk.Austria@gmail.com,undefined.undefined@gmail.com,worker
224,Banjul,Indonesia,Banjul.Indonesia@gmail.com,undefined.undefined@gmail.com,police officer
225,Tagbilaran,Indonesia,Tagbilaran.Indonesia@gmail.com,undefined.undefined@gmail.com,doctor
226,Campo Grande,Liechtenstein,Campo Grande.Liechtenstein@gmail.com,undefined.undefined@gmail.com,worker
227,Pune,Wallis and Futuna,Pune.Wallis and Futuna@gmail.com,undefined.undefined@gmail.com,developer
228,Jakarta,Bulgaria,Jakarta.Bulgaria@gmail.com,undefined.undefined@gmail.com,developer
229,Podgorica,Guinea-Bissau,Podgorica.Guinea-Bissau@gmail.com,undefined.undefined@gmail.com,firefighter
230,Nukus,Guernsey,Nukus.Guernsey@gmail.com,undefined.undefined@gmail.com,developer
231,Port Louis,Suriname,Port Louis.Suriname@gmail.com,undefined.undefined@gmail.com,firefighter
232,Las Vegas,New Caledonia,Las Vegas.New Caledonia@gmail.com,undefined.undefined@gmail.com,police officer
233,Faisalabad,Argentina,Faisalabad.Argentina@gmail.com,undefined.undefined@gmail.com,police officer
234,Tagbilaran,Honduras,Tagbilaran.Honduras@gmail.com,undefined.undefined@gmail.com,worker
235,Hanga Roa,"Virgin Islands, British","Hanga Roa.Virgin Islands, British@gmail.com",undefined.undefined@gmail.com,police officer
236,San Diego,Uruguay,San Diego.Uruguay@gmail.com,undefined.undefined@gmail.com,worker
237,San José,Jordan,San José.Jordan@gmail.com,undefined.undefined@gmail.com,developer
238,Porto Alegre,Madagascar,Porto Alegre.Madagascar@gmail.com,undefined.undefined@gmail.com,firefighter
239,Yerevan,"Korea, Democratic People""S Republic of","Yerevan.Korea, Democratic People""S Republic of@gmail.com",undefined.undefined@gmail.com,police officer
240,Rome,Monaco,Rome.Monaco@gmail.com,undefined.undefined@gmail.com,firefighter
241,Miami,Brazil,Miami.Brazil@gmail.com,undefined.undefined@gmail.com,police officer
242,Huế,"Lao People""S Democratic Republic","Huế.Lao People""S Democratic Republic@gmail.com",undefined.undefined@gmail.com,doctor
243,Nagoya,Northern Mariana Islands,Nagoya.Northern Mariana Islands@gmail.com,undefined.undefined@gmail.com,firefighter
244,Lucknow,Gibraltar,Lucknow.Gibraltar@gmail.com,undefined.undefined@gmail.com,worker
245,Tamale,Saint Lucia,Tamale.Saint Lucia@gmail.com,undefined.undefined@gmail.com,police officer
246,Libreville,Cocos (Keeling) Islands,Libreville.Cocos (Keeling) Islands@gmail.com,undefined.undefined@gmail.com,firefighter
247,Dubai,Romania,Dubai.Romania@gmail.com,undefined.undefined@gmail.com,worker
248,Lagos,Syrian Arab Republic,Lagos.Syrian Arab Republic@gmail.com,undefined.undefined@gmail.com,police officer
249,Tartu,Kyrgyzstan,Tartu.Kyrgyzstan@gmail.com,undefined.undefined@gmail.com,police officer
250,Regina,Svalbard and Jan Mayen,Regina.Svalbard and Jan Mayen@gmail.com,undefined.undefined@gmail.com,worker
251,El Paso,Peru,El Paso.Peru@gmail.com,undefined.undefined@gmail.com,doctor
252,Honolulu,Senegal,Honolulu.Senegal@gmail.com,undefined.undefined@gmail.com,firefighter
253,Palikir,Namibia,Palikir.Namibia@gmail.com,undefined.undefined@gmail.com,doctor
254,Pittsburgh,Guinea,Pittsburgh.Guinea@gmail.com,undefined.undefined@gmail.com,developer
255,Johor Bahru,Croatia,Johor Bahru.Croatia@gmail.com,undefined.undefined@gmail.com,police officer
256,Malabo,"Virgin Islands, British","Malabo.Virgin Islands, British@gmail.com",undefined.undefined@gmail.com,doctor
257,Lilongwe,Poland,Lilongwe.Poland@gmail.com,undefined.undefined@gmail.com,firefighter
258,Muscat,Japan,Muscat.Japan@gmail.com,undefined.undefined@gmail.com,developer
259,Saint-Denis,Aruba,Saint-Denis.Aruba@gmail.com,undefined.undefined@gmail.com,developer
260,Batticaloa,Cyprus,Batticaloa.Cyprus@gmail.com,undefined.undefined@gmail.com,developer
261,Rabat,Ghana,Rabat.Ghana@gmail.com,undefined.undefined@gmail.com,firefighter
262,Brussels,Paraguay,Brussels.Paraguay@gmail.com,undefined.undefined@gmail.com,doctor
263,Amsterdam,Myanmar,Amsterdam.Myanmar@gmail.com,undefined.undefined@gmail.com,developer
264,Honiara,Svalbard and Jan Mayen,Honiara.Svalbard and Jan Mayen@gmail.com,undefined.undefined@gmail.com,doctor
265,Taiyuan,Uruguay,Taiyuan.Uruguay@gmail.com,undefined.undefined@gmail.com,police officer
266,Maputo,Gambia,Maputo.Gambia@gmail.com,undefined.undefined@gmail.com,doctor
267,Kinshasa,Romania,Kinshasa.Romania@gmail.com,undefined.undefined@gmail.com,developer
268,Antofagasta,Malaysia,Antofagasta.Malaysia@gmail.com,undefined.undefined@gmail.com,developer
269,Gangtok,Iceland,Gangtok.Iceland@gmail.com,undefined.undefined@gmail.com,doctor
270,Athens,Faroe Islands,Athens.Faroe Islands@gmail.com,undefined.undefined@gmail.com,firefighter
271,Douglas,Luxembourg,Douglas.Luxembourg@gmail.com,undefined.undefined@gmail.com,firefighter
272,Nouakchott,Zimbabwe,Nouakchott.Zimbabwe@gmail.com,undefined.undefined@gmail.com,firefighter
273,Nairobi,Somalia,Nairobi.Somalia@gmail.com,undefined.undefined@gmail.com,worker
274,Miri,Djibouti,Miri.Djibouti@gmail.com,undefined.undefined@gmail.com,firefighter
275,Chittagong,United Kingdom,Chittagong.United Kingdom@gmail.com,undefined.undefined@gmail.com,worker
276,Vancouver,Ghana,Vancouver.Ghana@gmail.com,undefined.undefined@gmail.com,doctor
277,Kuching,Sri Lanka,Kuching.Sri Lanka@gmail.com,undefined.undefined@gmail.com,worker
278,Oklahoma City,Turks and Caicos Islands,Oklahoma City.Turks and Caicos Islands@gmail.com,undefined.undefined@gmail.com,developer
279,Santiago,Philippines,Santiago.Philippines@gmail.com,undefined.undefined@gmail.com,police officer
280,Calgary,Kyrgyzstan,Calgary.Kyrgyzstan@gmail.com,undefined.undefined@gmail.com,doctor
281,Toronto,"Virgin Islands, U.S.","Toronto.Virgin Islands, U.S.@gmail.com",undefined.undefined@gmail.com,firefighter
282,Baghdad,Papua New Guinea,Baghdad.Papua New Guinea@gmail.com,undefined.undefined@gmail.com,doctor
283,Johannesburg,Bahrain,Johannesburg.Bahrain@gmail.com,undefined.undefined@gmail.com,doctor
284,Pyongyang,Bolivia,Pyongyang.Bolivia@gmail.com,undefined.undefined@gmail.com,firefighter
285,Shigatse,Albania,Shigatse.Albania@gmail.com,undefined.undefined@gmail.com,police officer
286,Guangzhou,Albania,Guangzhou.Albania@gmail.com,undefined.undefined@gmail.com,firefighter
287,Dededo,Bouvet Island,Dededo.Bouvet Island@gmail.com,undefined.undefined@gmail.com,police officer
288,Taiyuan,Mozambique,Taiyuan.Mozambique@gmail.com,undefined.undefined@gmail.com,worker
289,Hong Kong,"Iran, Islamic Republic Of","Hong Kong.Iran, Islamic Republic Of@gmail.com",undefined.undefined@gmail.com,doctor
290,Tartu,Djibouti,Tartu.Djibouti@gmail.com,undefined.undefined@gmail.com,developer
291,Livingstone,Tonga,Livingstone.Tonga@gmail.com,undefined.undefined@gmail.com,police officer
292,Port Elizabeth,United Kingdom,Port Elizabeth.United Kingdom@gmail.com,undefined.undefined@gmail.com,worker
293,Graz,Kenya,Graz.Kenya@gmail.com,undefined.undefined@gmail.com,firefighter
294,La Serena,Mauritania,La Serena.Mauritania@gmail.com,undefined.undefined@gmail.com,police officer
295,Semarang,"Lao People""S Democratic Republic","Semarang.Lao People""S Democratic Republic@gmail.com",undefined.undefined@gmail.com,police officer
296,Antwerp,Oman,Antwerp.Oman@gmail.com,undefined.undefined@gmail.com,developer
297,Palma,Lebanon,Palma.Lebanon@gmail.com,undefined.undefined@gmail.com,police officer
298,Semarang,Macao,Semarang.Macao@gmail.com,undefined.undefined@gmail.com,firefighter
299,Cotonou,Puerto Rico,Cotonou.Puerto Rico@gmail.com,undefined.undefined@gmail.com,firefighter
300,Bursa,Niue,Bursa.Niue@gmail.com,undefined.undefined@gmail.com,worker
301,Recife,Anguilla,Recife.Anguilla@gmail.com,undefined.undefined@gmail.com,worker
302,Hat Yai,Israel,Hat Yai.Israel@gmail.com,undefined.undefined@gmail.com,developer
303,Cuiabá,Central African Republic,Cuiabá.Central African Republic@gmail.com,undefined.undefined@gmail.com,firefighter
304,Cayenne,Dominican Republic,Cayenne.Dominican Republic@gmail.com,undefined.undefined@gmail.com,police officer
305,Tabriz,Montserrat,Tabriz.Montserrat@gmail.com,undefined.undefined@gmail.com,police officer
306,Mwanza,Serbia and Montenegro,Mwanza.Serbia and Montenegro@gmail.com,undefined.undefined@gmail.com,firefighter
307,Peshawar,Malta,Peshawar.Malta@gmail.com,undefined.undefined@gmail.com,doctor
308,Okinawa,Antarctica,Okinawa.Antarctica@gmail.com,undefined.undefined@gmail.com,doctor
309,Gaziantep,Timor-Leste,Gaziantep.Timor-Leste@gmail.com,undefined.undefined@gmail.com,doctor
310,Quebec City,Gibraltar,Quebec City.Gibraltar@gmail.com,undefined.undefined@gmail.com,worker
311,Lyon,Pakistan,Lyon.Pakistan@gmail.com,undefined.undefined@gmail.com,doctor
312,Memphis,Azerbaijan,Memphis.Azerbaijan@gmail.com,undefined.undefined@gmail.com,police officer
313,Yangon,"Korea, Democratic People""S Republic of","Yangon.Korea, Democratic People""S Republic of@gmail.com",undefined.undefined@gmail.com,developer
314,Iquique,Trinidad and Tobago,Iquique.Trinidad and Tobago@gmail.com,undefined.undefined@gmail.com,firefighter
315,Punta Arenas,Mexico,Punta Arenas.Mexico@gmail.com,undefined.undefined@gmail.com,police officer
316,Bloemfontein,Congo,Bloemfontein.Congo@gmail.com,undefined.undefined@gmail.com,worker
317,Blantyre,Ukraine,Blantyre.Ukraine@gmail.com,undefined.undefined@gmail.com,worker
318,Lhasa,Bermuda,Lhasa.Bermuda@gmail.com,undefined.undefined@gmail.com,police officer
319,Sucre,Northern Mariana Islands,Sucre.Northern Mariana Islands@gmail.com,undefined.undefined@gmail.com,developer
320,Tegucigalpa,Uganda,Tegucigalpa.Uganda@gmail.com,undefined.undefined@gmail.com,firefighter
321,Suva,Vanuatu,Suva.Vanuatu@gmail.com,undefined.undefined@gmail.com,worker
322,Vitória,New Caledonia,Vitória.New Caledonia@gmail.com,undefined.undefined@gmail.com,doctor
323,Invercargill,Yemen,Invercargill.Yemen@gmail.com,undefined.undefined@gmail.com,firefighter
324,Naypyidaw,"Virgin Islands, British","Naypyidaw.Virgin Islands, British@gmail.com",undefined.undefined@gmail.com,police officer
325,Mersin,South Africa,Mersin.South Africa@gmail.com,undefined.undefined@gmail.com,police officer
326,Mecca,Reunion,Mecca.Reunion@gmail.com,undefined.undefined@gmail.com,doctor
327,Nassau,Mongolia,Nassau.Mongolia@gmail.com,undefined.undefined@gmail.com,worker
328,Pago Pago,Nicaragua,Pago Pago.Nicaragua@gmail.com,undefined.undefined@gmail.com,doctor
329,Xi'an,Christmas Island,Xi'an.Christmas Island@gmail.com,undefined.undefined@gmail.com,doctor
330,Paramaribo,"Cote D""Ivoire","Paramaribo.Cote D""Ivoire@gmail.com",undefined.undefined@gmail.com,developer
331,Kuala Lumpur,Ukraine,Kuala Lumpur.Ukraine@gmail.com,undefined.undefined@gmail.com,developer
332,Málaga,French Polynesia,Málaga.French Polynesia@gmail.com,undefined.undefined@gmail.com,developer
333,Hanoi,Nicaragua,Hanoi.Nicaragua@gmail.com,undefined.undefined@gmail.com,developer
334,Ludhiana,"Virgin Islands, U.S.","Ludhiana.Virgin Islands, U.S.@gmail.com",undefined.undefined@gmail.com,police officer
335,Veracruz,Tokelau,Veracruz.Tokelau@gmail.com,undefined.undefined@gmail.com,firefighter
336,Semarang,Afghanistan,Semarang.Afghanistan@gmail.com,undefined.undefined@gmail.com,developer
337,Shillong,Angola,Shillong.Angola@gmail.com,undefined.undefined@gmail.com,firefighter
338,Albuquerque,Nigeria,Albuquerque.Nigeria@gmail.com,undefined.undefined@gmail.com,worker
339,Pyongyang,Senegal,Pyongyang.Senegal@gmail.com,undefined.undefined@gmail.com,worker
340,Chicago,Serbia and Montenegro,Chicago.Serbia and Montenegro@gmail.com,undefined.undefined@gmail.com,police officer
341,Quebec City,Guadeloupe,Quebec City.Guadeloupe@gmail.com,undefined.undefined@gmail.com,worker
342,Vienna,South Georgia and the South Sandwich Islands,Vienna.South Georgia and the South Sandwich Islands@gmail.com,undefined.undefined@gmail.com,firefighter
343,Sabha,Uganda,Sabha.Uganda@gmail.com,undefined.undefined@gmail.com,worker
344,Kraków,Saint Kitts and Nevis,Kraków.Saint Kitts and Nevis@gmail.com,undefined.undefined@gmail.com,developer
345,Mumbai,Costa Rica,Mumbai.Costa Rica@gmail.com,undefined.undefined@gmail.com,doctor
346,Monrovia,Guernsey,Monrovia.Guernsey@gmail.com,undefined.undefined@gmail.com,worker
347,Kandahar,Guam,Kandahar.Guam@gmail.com,undefined.undefined@gmail.com,police officer
348,Tegucigalpa,Netherlands Antilles,Tegucigalpa.Netherlands Antilles@gmail.com,undefined.undefined@gmail.com,police officer
349,Graz,Samoa,Graz.Samoa@gmail.com,undefined.undefined@gmail.com,worker
350,Maputo,Panama,Maputo.Panama@gmail.com,undefined.undefined@gmail.com,firefighter
351,Fortaleza,Norway,Fortaleza.Norway@gmail.com,undefined.undefined@gmail.com,developer
352,Patna,Cameroon,Patna.Cameroon@gmail.com,undefined.undefined@gmail.com,developer
353,Algiers,Nicaragua,Algiers.Nicaragua@gmail.com,undefined.undefined@gmail.com,firefighter
354,Baku,Timor-Leste,Baku.Timor-Leste@gmail.com,undefined.undefined@gmail.com,worker
355,Boston,Syrian Arab Republic,Boston.Syrian Arab Republic@gmail.com,undefined.undefined@gmail.com,developer
356,Dallas,Cayman Islands,Dallas.Cayman Islands@gmail.com,undefined.undefined@gmail.com,doctor
357,Ipoh,Saint Pierre and Miquelon,Ipoh.Saint Pierre and Miquelon@gmail.com,undefined.undefined@gmail.com,police officer
358,Jerusalem,Saint Helena,Jerusalem.Saint Helena@gmail.com,undefined.undefined@gmail.com,doctor
359,Hat Yai,Zambia,Hat Yai.Zambia@gmail.com,undefined.undefined@gmail.com,doctor
360,Osaka,Switzerland,Osaka.Switzerland@gmail.com,undefined.undefined@gmail.com,police officer
361,Anadyr (town),El Salvador,Anadyr (town).El Salvador@gmail.com,undefined.undefined@gmail.com,firefighter
362,Handan,Uganda,Handan.Uganda@gmail.com,undefined.undefined@gmail.com,police officer
363,Port Elizabeth,Cocos (Keeling) Islands,Port Elizabeth.Cocos (Keeling) Islands@gmail.com,undefined.undefined@gmail.com,firefighter
364,Roseau,Slovenia,Roseau.Slovenia@gmail.com,undefined.undefined@gmail.com,worker
365,Regina,Lesotho,Regina.Lesotho@gmail.com,undefined.undefined@gmail.com,worker
366,Phnom Penh,Northern Mariana Islands,Phnom Penh.Northern Mariana Islands@gmail.com,undefined.undefined@gmail.com,police officer
367,Muscat,Saint Vincent and the Grenadines,Muscat.Saint Vincent and the Grenadines@gmail.com,undefined.undefined@gmail.com,firefighter
368,Perm,Svalbard and Jan Mayen,Perm.Svalbard and Jan Mayen@gmail.com,undefined.undefined@gmail.com,police officer
369,Ponta Delgada,Russian Federation,Ponta Delgada.Russian Federation@gmail.com,undefined.undefined@gmail.com,developer
370,Lusaka,Kuwait,Lusaka.Kuwait@gmail.com,undefined.undefined@gmail.com,doctor
371,Porto,Barbados,Porto.Barbados@gmail.com,undefined.undefined@gmail.com,worker
372,Incheon,Western Sahara,Incheon.Western Sahara@gmail.com,undefined.undefined@gmail.com,police officer
373,Dalian,Colombia,Dalian.Colombia@gmail.com,undefined.undefined@gmail.com,police officer
374,Denver,AndorrA,Denver.AndorrA@gmail.com,undefined.undefined@gmail.com,doctor
375,Wellington,Tokelau,Wellington.Tokelau@gmail.com,undefined.undefined@gmail.com,worker
376,Dibrugarh,"Palestinian Territory, Occupied","Dibrugarh.Palestinian Territory, Occupied@gmail.com",undefined.undefined@gmail.com,doctor
377,Shigatse,Cameroon,Shigatse.Cameroon@gmail.com,undefined.undefined@gmail.com,worker
378,Harare,American Samoa,Harare.American Samoa@gmail.com,undefined.undefined@gmail.com,firefighter
379,Zapopan,Congo,Zapopan.Congo@gmail.com,undefined.undefined@gmail.com,developer
380,Jaipur,Fiji,Jaipur.Fiji@gmail.com,undefined.undefined@gmail.com,firefighter
381,Portland,Niger,Portland.Niger@gmail.com,undefined.undefined@gmail.com,firefighter
382,Kharkiv,Panama,Kharkiv.Panama@gmail.com,undefined.undefined@gmail.com,police officer
383,Ndola,Cuba,Ndola.Cuba@gmail.com,undefined.undefined@gmail.com,developer
384,Bursa,Saint Lucia,Bursa.Saint Lucia@gmail.com,undefined.undefined@gmail.com,worker
385,Bangui,Lithuania,Bangui.Lithuania@gmail.com,undefined.undefined@gmail.com,developer
386,Detroit,Gibraltar,Detroit.Gibraltar@gmail.com,undefined.undefined@gmail.com,doctor
387,Tashkent,Albania,Tashkent.Albania@gmail.com,undefined.undefined@gmail.com,developer
388,Cork (city),Congo,Cork (city).Congo@gmail.com,undefined.undefined@gmail.com,developer
389,Busan,Iceland,Busan.Iceland@gmail.com,undefined.undefined@gmail.com,firefighter
390,Manama,Reunion,Manama.Reunion@gmail.com,undefined.undefined@gmail.com,police officer
391,Tucson,Djibouti,Tucson.Djibouti@gmail.com,undefined.undefined@gmail.com,worker
392,Banjul,Russian Federation,Banjul.Russian Federation@gmail.com,undefined.undefined@gmail.com,firefighter
393,Málaga,China,Málaga.China@gmail.com,undefined.undefined@gmail.com,worker
394,Charlotte Amalie,Slovenia,Charlotte Amalie.Slovenia@gmail.com,undefined.undefined@gmail.com,police officer
395,Sana'a,"Micronesia, Federated States of","Sana'a.Micronesia, Federated States of@gmail.com",undefined.undefined@gmail.com,firefighter
396,Wichita,Guinea,Wichita.Guinea@gmail.com,undefined.undefined@gmail.com,worker
397,Perth,Saint Helena,Perth.Saint Helena@gmail.com,undefined.undefined@gmail.com,police officer
398,Mata-Utu,Solomon Islands,Mata-Utu.Solomon Islands@gmail.com,undefined.undefined@gmail.com,worker
399,Stepanakert,Russian Federation,Stepanakert.Russian Federation@gmail.com,undefined.undefined@gmail.com,police officer
400,Dhaka,Cuba,Dhaka.Cuba@gmail.com,undefined.undefined@gmail.com,worker
401,Surat Thani,United States,Surat Thani.United States@gmail.com,undefined.undefined@gmail.com,firefighter
402,Basra,British Indian Ocean Territory,Basra.British Indian Ocean Territory@gmail.com,undefined.undefined@gmail.com,developer
403,Manama,Comoros,Manama.Comoros@gmail.com,undefined.undefined@gmail.com,developer
404,Quezon City,Vanuatu,Quezon City.Vanuatu@gmail.com,undefined.undefined@gmail.com,police officer
405,Brikama,Nauru,Brikama.Nauru@gmail.com,undefined.undefined@gmail.com,police officer
406,Lima,French Guiana,Lima.French Guiana@gmail.com,undefined.undefined@gmail.com,doctor
407,Accra,"Tanzania, United Republic of","Accra.Tanzania, United Republic of@gmail.com",undefined.undefined@gmail.com,doctor
408,Fredericton,French Polynesia,Fredericton.French Polynesia@gmail.com,undefined.undefined@gmail.com,developer
409,Road Town,Seychelles,Road Town.Seychelles@gmail.com,undefined.undefined@gmail.com,police officer
410,Casablanca,Benin,Casablanca.Benin@gmail.com,undefined.undefined@gmail.com,worker
411,Antwerp,South Georgia and the South Sandwich Islands,Antwerp.South Georgia and the South Sandwich Islands@gmail.com,undefined.undefined@gmail.com,developer
412,Kraków,Cyprus,Kraków.Cyprus@gmail.com,undefined.undefined@gmail.com,police officer
413,Nice,Anguilla,Nice.Anguilla@gmail.com,undefined.undefined@gmail.com,developer
414,Ciudad del Este,Angola,Ciudad del Este.Angola@gmail.com,undefined.undefined@gmail.com,police officer
415,Qingdao,San Marino,Qingdao.San Marino@gmail.com,undefined.undefined@gmail.com,doctor
416,Dallas,United Arab Emirates,Dallas.United Arab Emirates@gmail.com,undefined.undefined@gmail.com,police officer
417,Buffalo,Luxembourg,Buffalo.Luxembourg@gmail.com,undefined.undefined@gmail.com,doctor
418,Whitehorse,Montserrat,Whitehorse.Montserrat@gmail.com,undefined.undefined@gmail.com,developer
419,Porto Alegre,Falkland Islands (Malvinas),Porto Alegre.Falkland Islands (Malvinas)@gmail.com,undefined.undefined@gmail.com,doctor
420,Hangzhou,Timor-Leste,Hangzhou.Timor-Leste@gmail.com,undefined.undefined@gmail.com,worker
421,Niamey,Mozambique,Niamey.Mozambique@gmail.com,undefined.undefined@gmail.com,developer
422,Split (city),Fiji,Split (city).Fiji@gmail.com,undefined.undefined@gmail.com,developer
423,Ljubljana,Kiribati,Ljubljana.Kiribati@gmail.com,undefined.undefined@gmail.com,developer
424,Bergen,Myanmar,Bergen.Myanmar@gmail.com,undefined.undefined@gmail.com,doctor
425,Maracaibo,Tonga,Maracaibo.Tonga@gmail.com,undefined.undefined@gmail.com,developer
426,San Francisco,Qatar,San Francisco.Qatar@gmail.com,undefined.undefined@gmail.com,developer
427,Boa Vista,Malawi,Boa Vista.Malawi@gmail.com,undefined.undefined@gmail.com,police officer
428,Norilsk,Northern Mariana Islands,Norilsk.Northern Mariana Islands@gmail.com,undefined.undefined@gmail.com,police officer
429,Split (city),Botswana,Split (city).Botswana@gmail.com,undefined.undefined@gmail.com,worker
430,Charlotte,Sao Tome and Principe,Charlotte.Sao Tome and Principe@gmail.com,undefined.undefined@gmail.com,firefighter
431,Newcastle,Portugal,Newcastle.Portugal@gmail.com,undefined.undefined@gmail.com,worker
432,Jamestown,Azerbaijan,Jamestown.Azerbaijan@gmail.com,undefined.undefined@gmail.com,firefighter
433,Maceió,Syrian Arab Republic,Maceió.Syrian Arab Republic@gmail.com,undefined.undefined@gmail.com,doctor
434,Rockhampton,Bhutan,Rockhampton.Bhutan@gmail.com,undefined.undefined@gmail.com,doctor
435,Guangzhou,Hungary,Guangzhou.Hungary@gmail.com,undefined.undefined@gmail.com,firefighter
436,Ankara,Guinea-Bissau,Ankara.Guinea-Bissau@gmail.com,undefined.undefined@gmail.com,police officer
437,Accra,Jordan,Accra.Jordan@gmail.com,undefined.undefined@gmail.com,firefighter
438,Nouméa,United Arab Emirates,Nouméa.United Arab Emirates@gmail.com,undefined.undefined@gmail.com,firefighter
439,Nairobi,Netherlands Antilles,Nairobi.Netherlands Antilles@gmail.com,undefined.undefined@gmail.com,firefighter
440,Cleveland,Mayotte,Cleveland.Mayotte@gmail.com,undefined.undefined@gmail.com,doctor
441,Iloilo City,Congo,Iloilo City.Congo@gmail.com,undefined.undefined@gmail.com,worker
442,Rio Branco,Cameroon,Rio Branco.Cameroon@gmail.com,undefined.undefined@gmail.com,firefighter
443,Lyon,Reunion,Lyon.Reunion@gmail.com,undefined.undefined@gmail.com,worker
444,Luanda,Eritrea,Luanda.Eritrea@gmail.com,undefined.undefined@gmail.com,firefighter
445,Santiago de Cuba,United States,Santiago de Cuba.United States@gmail.com,undefined.undefined@gmail.com,developer
446,La Paz,"Lao People""S Democratic Republic","La Paz.Lao People""S Democratic Republic@gmail.com",undefined.undefined@gmail.com,firefighter
447,Bandung,"Taiwan, Province of China","Bandung.Taiwan, Province of China@gmail.com",undefined.undefined@gmail.com,police officer
448,Tórshavn,Belize,Tórshavn.Belize@gmail.com,undefined.undefined@gmail.com,developer
449,Darwin,"Virgin Islands, U.S.","Darwin.Virgin Islands, U.S.@gmail.com",undefined.undefined@gmail.com,police officer
450,Nouakchott,Reunion,Nouakchott.Reunion@gmail.com,undefined.undefined@gmail.com,developer
451,Curitiba,Philippines,Curitiba.Philippines@gmail.com,undefined.undefined@gmail.com,developer
452,Port of Spain,"Cote D""Ivoire","Port of Spain.Cote D""Ivoire@gmail.com",undefined.undefined@gmail.com,worker
453,Adana,Morocco,Adana.Morocco@gmail.com,undefined.undefined@gmail.com,firefighter
454,Mata-Utu,Mayotte,Mata-Utu.Mayotte@gmail.com,undefined.undefined@gmail.com,police officer
455,Port Blair,Spain,Port Blair.Spain@gmail.com,undefined.undefined@gmail.com,doctor
456,Lanzhou,Brazil,Lanzhou.Brazil@gmail.com,undefined.undefined@gmail.com,police officer
457,Kaohsiung,Liechtenstein,Kaohsiung.Liechtenstein@gmail.com,undefined.undefined@gmail.com,police officer
458,Jerusalem,Tonga,Jerusalem.Tonga@gmail.com,undefined.undefined@gmail.com,worker
459,Chennai,Cambodia,Chennai.Cambodia@gmail.com,undefined.undefined@gmail.com,firefighter
460,Sabha,Jersey,Sabha.Jersey@gmail.com,undefined.undefined@gmail.com,firefighter
461,Ottawa,Albania,Ottawa.Albania@gmail.com,undefined.undefined@gmail.com,doctor
462,Port-au-Prince,Bouvet Island,Port-au-Prince.Bouvet Island@gmail.com,undefined.undefined@gmail.com,doctor
463,Antwerp,Nauru,Antwerp.Nauru@gmail.com,undefined.undefined@gmail.com,police officer
464,Santiago de Cuba,Norway,Santiago de Cuba.Norway@gmail.com,undefined.undefined@gmail.com,worker
465,Aberdeen,Puerto Rico,Aberdeen.Puerto Rico@gmail.com,undefined.undefined@gmail.com,police officer
466,Willemstad,Afghanistan,Willemstad.Afghanistan@gmail.com,undefined.undefined@gmail.com,police officer
467,Valencia,India,Valencia.India@gmail.com,undefined.undefined@gmail.com,worker
468,Monaco,Oman,Monaco.Oman@gmail.com,undefined.undefined@gmail.com,developer
469,Lisbon,Monaco,Lisbon.Monaco@gmail.com,undefined.undefined@gmail.com,police officer
470,Harare,New Caledonia,Harare.New Caledonia@gmail.com,undefined.undefined@gmail.com,developer
471,Jamestown,Kenya,Jamestown.Kenya@gmail.com,undefined.undefined@gmail.com,developer
472,Porto-Novo,India,Porto-Novo.India@gmail.com,undefined.undefined@gmail.com,firefighter
473,Beijing,Suriname,Beijing.Suriname@gmail.com,undefined.undefined@gmail.com,doctor
474,Yekaterinburg,Sri Lanka,Yekaterinburg.Sri Lanka@gmail.com,undefined.undefined@gmail.com,doctor
475,Assis,Ukraine,Assis.Ukraine@gmail.com,undefined.undefined@gmail.com,doctor
476,Tijuana,French Guiana,Tijuana.French Guiana@gmail.com,undefined.undefined@gmail.com,firefighter
477,Charlottetown,Zambia,Charlottetown.Zambia@gmail.com,undefined.undefined@gmail.com,firefighter
478,San José,Dominican Republic,San José.Dominican Republic@gmail.com,undefined.undefined@gmail.com,developer
479,Sabha,Lebanon,Sabha.Lebanon@gmail.com,undefined.undefined@gmail.com,developer
480,Colombo,South Africa,Colombo.South Africa@gmail.com,undefined.undefined@gmail.com,worker
481,Tirana,Paraguay,Tirana.Paraguay@gmail.com,undefined.undefined@gmail.com,police officer
482,Petropavlovsk-Kamchatsky,France,Petropavlovsk-Kamchatsky.France@gmail.com,undefined.undefined@gmail.com,firefighter
483,Adana,Malaysia,Adana.Malaysia@gmail.com,undefined.undefined@gmail.com,doctor
484,Calgary,Tonga,Calgary.Tonga@gmail.com,undefined.undefined@gmail.com,developer
485,Mérida,"Korea, Democratic People""S Republic of","Mérida.Korea, Democratic People""S Republic of@gmail.com",undefined.undefined@gmail.com,developer
486,Hamilton,Portugal,Hamilton.Portugal@gmail.com,undefined.undefined@gmail.com,firefighter
487,Amman,Germany,Amman.Germany@gmail.com,undefined.undefined@gmail.com,doctor
488,Nanjing,Portugal,Nanjing.Portugal@gmail.com,undefined.undefined@gmail.com,doctor
489,Gold Coast,Portugal,Gold Coast.Portugal@gmail.com,undefined.undefined@gmail.com,firefighter
490,Puerto Williams,Nigeria,Puerto Williams.Nigeria@gmail.com,undefined.undefined@gmail.com,worker
491,Tirana,Paraguay,Tirana.Paraguay@gmail.com,undefined.undefined@gmail.com,doctor
492,Karachi,Papua New Guinea,Karachi.Papua New Guinea@gmail.com,undefined.undefined@gmail.com,doctor
493,Chittagong,"Cote D""Ivoire","Chittagong.Cote D""Ivoire@gmail.com",undefined.undefined@gmail.com,police officer
494,Norilsk,Ukraine,Norilsk.Ukraine@gmail.com,undefined.undefined@gmail.com,doctor
495,Lobamba,"Virgin Islands, British","Lobamba.Virgin Islands, British@gmail.com",undefined.undefined@gmail.com,firefighter
496,Dunedin,Sierra Leone,Dunedin.Sierra Leone@gmail.com,undefined.undefined@gmail.com,police officer
497,Longyearbyen,"Taiwan, Province of China","Longyearbyen.Taiwan, Province of China@gmail.com",undefined.undefined@gmail.com,doctor
498,Banjul,Guinea,Banjul.Guinea@gmail.com,undefined.undefined@gmail.com,worker
499,Innsbruck,Niger,Innsbruck.Niger@gmail.com,undefined.undefined@gmail.com,doctor
500,Hanga Roa,Martinique,Hanga Roa.Martinique@gmail.com,undefined.undefined@gmail.com,firefighter
501,Port Elizabeth,Tajikistan,Port Elizabeth.Tajikistan@gmail.com,undefined.undefined@gmail.com,police officer
502,Angra do Heroísmo,Mauritius,Angra do Heroísmo.Mauritius@gmail.com,undefined.undefined@gmail.com,police officer
503,Baghdad,Chad,Baghdad.Chad@gmail.com,undefined.undefined@gmail.com,doctor
504,Vientiane,Fiji,Vientiane.Fiji@gmail.com,undefined.undefined@gmail.com,doctor
505,Road Town,Aruba,Road Town.Aruba@gmail.com,undefined.undefined@gmail.com,worker
506,Manzini,Paraguay,Manzini.Paraguay@gmail.com,undefined.undefined@gmail.com,doctor
507,Hamburg,Guatemala,Hamburg.Guatemala@gmail.com,undefined.undefined@gmail.com,worker
508,New York City,Cameroon,New York City.Cameroon@gmail.com,undefined.undefined@gmail.com,worker
509,Port Said,India,Port Said.India@gmail.com,undefined.undefined@gmail.com,doctor
510,Saint-Denis,Peru,Saint-Denis.Peru@gmail.com,undefined.undefined@gmail.com,police officer
511,Port Elizabeth,Syrian Arab Republic,Port Elizabeth.Syrian Arab Republic@gmail.com,undefined.undefined@gmail.com,firefighter
512,Bloemfontein,South Georgia and the South Sandwich Islands,Bloemfontein.South Georgia and the South Sandwich Islands@gmail.com,undefined.undefined@gmail.com,developer
513,Sucre,Kyrgyzstan,Sucre.Kyrgyzstan@gmail.com,undefined.undefined@gmail.com,developer
514,Houston,Mali,Houston.Mali@gmail.com,undefined.undefined@gmail.com,worker
515,Moroni,Central African Republic,Moroni.Central African Republic@gmail.com,undefined.undefined@gmail.com,developer
516,Canberra,Slovakia,Canberra.Slovakia@gmail.com,undefined.undefined@gmail.com,firefighter
517,Namangan,Romania,Namangan.Romania@gmail.com,undefined.undefined@gmail.com,firefighter
518,Kano,Western Sahara,Kano.Western Sahara@gmail.com,undefined.undefined@gmail.com,developer
519,Tucson,Angola,Tucson.Angola@gmail.com,undefined.undefined@gmail.com,developer
520,Pattaya,Uruguay,Pattaya.Uruguay@gmail.com,undefined.undefined@gmail.com,police officer
521,San Diego,Armenia,San Diego.Armenia@gmail.com,undefined.undefined@gmail.com,police officer
522,Belfast,Solomon Islands,Belfast.Solomon Islands@gmail.com,undefined.undefined@gmail.com,developer
523,Gothenburg,Uzbekistan,Gothenburg.Uzbekistan@gmail.com,undefined.undefined@gmail.com,police officer
524,Columbus,Senegal,Columbus.Senegal@gmail.com,undefined.undefined@gmail.com,doctor
525,Belmopan,Burundi,Belmopan.Burundi@gmail.com,undefined.undefined@gmail.com,police officer
526,Bridgetown,Yemen,Bridgetown.Yemen@gmail.com,undefined.undefined@gmail.com,firefighter
527,Bangalore,Seychelles,Bangalore.Seychelles@gmail.com,undefined.undefined@gmail.com,firefighter
528,Salzburg,South Georgia and the South Sandwich Islands,Salzburg.South Georgia and the South Sandwich Islands@gmail.com,undefined.undefined@gmail.com,firefighter
529,Brikama,Colombia,Brikama.Colombia@gmail.com,undefined.undefined@gmail.com,firefighter
530,Bucharest,Cuba,Bucharest.Cuba@gmail.com,undefined.undefined@gmail.com,worker
531,Bangui,Poland,Bangui.Poland@gmail.com,undefined.undefined@gmail.com,developer
532,Ouagadougou,Guinea,Ouagadougou.Guinea@gmail.com,undefined.undefined@gmail.com,developer
533,Enugu,Bangladesh,Enugu.Bangladesh@gmail.com,undefined.undefined@gmail.com,developer
534,Taipei,Lesotho,Taipei.Lesotho@gmail.com,undefined.undefined@gmail.com,police officer
535,Kuala Lumpur,Guernsey,Kuala Lumpur.Guernsey@gmail.com,undefined.undefined@gmail.com,firefighter
536,Baghdad,Isle of Man,Baghdad.Isle of Man@gmail.com,undefined.undefined@gmail.com,firefighter
537,Perth,Bhutan,Perth.Bhutan@gmail.com,undefined.undefined@gmail.com,developer
538,Valletta,AndorrA,Valletta.AndorrA@gmail.com,undefined.undefined@gmail.com,worker
539,Turin,Jersey,Turin.Jersey@gmail.com,undefined.undefined@gmail.com,firefighter
540,Minsk,Solomon Islands,Minsk.Solomon Islands@gmail.com,undefined.undefined@gmail.com,developer
541,Campo Grande,Palau,Campo Grande.Palau@gmail.com,undefined.undefined@gmail.com,doctor
542,Tallinn,Antarctica,Tallinn.Antarctica@gmail.com,undefined.undefined@gmail.com,police officer
543,Davao City,New Zealand,Davao City.New Zealand@gmail.com,undefined.undefined@gmail.com,firefighter
544,Malacca Town,Qatar,Malacca Town.Qatar@gmail.com,undefined.undefined@gmail.com,worker
545,Manama,Samoa,Manama.Samoa@gmail.com,undefined.undefined@gmail.com,police officer
546,Weno,Thailand,Weno.Thailand@gmail.com,undefined.undefined@gmail.com,doctor
547,Nagpur,Cape Verde,Nagpur.Cape Verde@gmail.com,undefined.undefined@gmail.com,police officer
548,Port Elizabeth,Benin,Port Elizabeth.Benin@gmail.com,undefined.undefined@gmail.com,developer
549,Rockhampton,Holy See (Vatican City State),Rockhampton.Holy See (Vatican City State)@gmail.com,undefined.undefined@gmail.com,doctor
550,Petropavlovsk-Kamchatsky,Afghanistan,Petropavlovsk-Kamchatsky.Afghanistan@gmail.com,undefined.undefined@gmail.com,firefighter
551,Lobamba,Mexico,Lobamba.Mexico@gmail.com,undefined.undefined@gmail.com,firefighter
552,South Tarawa,Monaco,South Tarawa.Monaco@gmail.com,undefined.undefined@gmail.com,firefighter
553,Quebec City,Egypt,Quebec City.Egypt@gmail.com,undefined.undefined@gmail.com,firefighter
554,Ouagadougou,Antigua and Barbuda,Ouagadougou.Antigua and Barbuda@gmail.com,undefined.undefined@gmail.com,police officer
555,Dammam,Swaziland,Dammam.Swaziland@gmail.com,undefined.undefined@gmail.com,police officer
556,Medan,Dominican Republic,Medan.Dominican Republic@gmail.com,undefined.undefined@gmail.com,worker
557,Thimphu,Norway,Thimphu.Norway@gmail.com,undefined.undefined@gmail.com,police officer
558,Stuttgart,Cameroon,Stuttgart.Cameroon@gmail.com,undefined.undefined@gmail.com,developer
559,Praia,Comoros,Praia.Comoros@gmail.com,undefined.undefined@gmail.com,worker
560,Bern,Paraguay,Bern.Paraguay@gmail.com,undefined.undefined@gmail.com,developer
561,Alor Star,Holy See (Vatican City State),Alor Star.Holy See (Vatican City State)@gmail.com,undefined.undefined@gmail.com,developer
562,Bissau,Nigeria,Bissau.Nigeria@gmail.com,undefined.undefined@gmail.com,police officer
563,Arequipa,Cuba,Arequipa.Cuba@gmail.com,undefined.undefined@gmail.com,doctor
564,Makassar,Czech Republic,Makassar.Czech Republic@gmail.com,undefined.undefined@gmail.com,doctor
565,Taichung,Cameroon,Taichung.Cameroon@gmail.com,undefined.undefined@gmail.com,worker
566,Mamoudzou,Angola,Mamoudzou.Angola@gmail.com,undefined.undefined@gmail.com,doctor
567,Raleigh,Hungary,Raleigh.Hungary@gmail.com,undefined.undefined@gmail.com,doctor
568,Providence,Madagascar,Providence.Madagascar@gmail.com,undefined.undefined@gmail.com,worker
569,Pekanbaru,Dominica,Pekanbaru.Dominica@gmail.com,undefined.undefined@gmail.com,police officer
570,Columbus,Nigeria,Columbus.Nigeria@gmail.com,undefined.undefined@gmail.com,developer
571,Nagpur,Bolivia,Nagpur.Bolivia@gmail.com,undefined.undefined@gmail.com,developer
572,Makassar,Iceland,Makassar.Iceland@gmail.com,undefined.undefined@gmail.com,developer
573,Glasgow,Brunei Darussalam,Glasgow.Brunei Darussalam@gmail.com,undefined.undefined@gmail.com,worker
574,Santa Cruz de la Sierra,Argentina,Santa Cruz de la Sierra.Argentina@gmail.com,undefined.undefined@gmail.com,police officer
575,Espoo,"Congo, The Democratic Republic of the","Espoo.Congo, The Democratic Republic of the@gmail.com",undefined.undefined@gmail.com,police officer
576,Xining,Liberia,Xining.Liberia@gmail.com,undefined.undefined@gmail.com,developer
577,Patna,Jordan,Patna.Jordan@gmail.com,undefined.undefined@gmail.com,police officer
578,Konya,Mongolia,Konya.Mongolia@gmail.com,undefined.undefined@gmail.com,developer
579,Regina,Honduras,Regina.Honduras@gmail.com,undefined.undefined@gmail.com,firefighter
580,Omdurman,Burundi,Omdurman.Burundi@gmail.com,undefined.undefined@gmail.com,firefighter
581,San Juan,Panama,San Juan.Panama@gmail.com,undefined.undefined@gmail.com,worker
582,South Tarawa,Sierra Leone,South Tarawa.Sierra Leone@gmail.com,undefined.undefined@gmail.com,firefighter
583,Zhengzhou,Solomon Islands,Zhengzhou.Solomon Islands@gmail.com,undefined.undefined@gmail.com,police officer
584,Ibadan,Australia,Ibadan.Australia@gmail.com,undefined.undefined@gmail.com,doctor
585,Charlotte Amalie,Antigua and Barbuda,Charlotte Amalie.Antigua and Barbuda@gmail.com,undefined.undefined@gmail.com,police officer
586,St. John's,Finland,St. John's.Finland@gmail.com,undefined.undefined@gmail.com,firefighter
587,Austin,Sudan,Austin.Sudan@gmail.com,undefined.undefined@gmail.com,firefighter
588,Freetown,Kyrgyzstan,Freetown.Kyrgyzstan@gmail.com,undefined.undefined@gmail.com,worker
589,Djibouti (city),Hong Kong,Djibouti (city).Hong Kong@gmail.com,undefined.undefined@gmail.com,worker
590,Malé,Romania,Malé.Romania@gmail.com,undefined.undefined@gmail.com,firefighter
591,Kuching,American Samoa,Kuching.American Samoa@gmail.com,undefined.undefined@gmail.com,police officer
592,Sabha,Mozambique,Sabha.Mozambique@gmail.com,undefined.undefined@gmail.com,firefighter
593,Montreal,Lesotho,Montreal.Lesotho@gmail.com,undefined.undefined@gmail.com,developer
594,Washington,Mauritius,Washington.Mauritius@gmail.com,undefined.undefined@gmail.com,police officer
595,Francistown,Libyan Arab Jamahiriya,Francistown.Libyan Arab Jamahiriya@gmail.com,undefined.undefined@gmail.com,doctor
596,Ahmedabad,Hungary,Ahmedabad.Hungary@gmail.com,undefined.undefined@gmail.com,doctor
597,Zürich,Hong Kong,Zürich.Hong Kong@gmail.com,undefined.undefined@gmail.com,worker
598,Ushuaia,Sierra Leone,Ushuaia.Sierra Leone@gmail.com,undefined.undefined@gmail.com,firefighter
599,Manchester,Sweden,Manchester.Sweden@gmail.com,undefined.undefined@gmail.com,doctor
600,Kota Kinabalu,Netherlands Antilles,Kota Kinabalu.Netherlands Antilles@gmail.com,undefined.undefined@gmail.com,police officer
601,Riga,"Korea, Democratic People""S Republic of","Riga.Korea, Democratic People""S Republic of@gmail.com",undefined.undefined@gmail.com,doctor
602,Saint-Denis,Brazil,Saint-Denis.Brazil@gmail.com,undefined.undefined@gmail.com,developer
603,Shenyang,Belize,Shenyang.Belize@gmail.com,undefined.undefined@gmail.com,worker
604,Nanjing,Reunion,Nanjing.Reunion@gmail.com,undefined.undefined@gmail.com,firefighter
605,Praia,Brunei Darussalam,Praia.Brunei Darussalam@gmail.com,undefined.undefined@gmail.com,doctor
606,Bergen,"Moldova, Republic of","Bergen.Moldova, Republic of@gmail.com",undefined.undefined@gmail.com,police officer
607,Casablanca,Cook Islands,Casablanca.Cook Islands@gmail.com,undefined.undefined@gmail.com,police officer
608,Rome,British Indian Ocean Territory,Rome.British Indian Ocean Territory@gmail.com,undefined.undefined@gmail.com,police officer
609,Kaliningrad,France,Kaliningrad.France@gmail.com,undefined.undefined@gmail.com,firefighter
610,Alexandria,"Lao People""S Democratic Republic","Alexandria.Lao People""S Democratic Republic@gmail.com",undefined.undefined@gmail.com,firefighter
611,Karachi,India,Karachi.India@gmail.com,undefined.undefined@gmail.com,worker
612,Yangon,Slovenia,Yangon.Slovenia@gmail.com,undefined.undefined@gmail.com,worker
613,Nouakchott,Georgia,Nouakchott.Georgia@gmail.com,undefined.undefined@gmail.com,doctor
614,Linz,Guadeloupe,Linz.Guadeloupe@gmail.com,undefined.undefined@gmail.com,firefighter
615,Tripoli,French Guiana,Tripoli.French Guiana@gmail.com,undefined.undefined@gmail.com,firefighter
616,New York City,Mauritius,New York City.Mauritius@gmail.com,undefined.undefined@gmail.com,developer
617,Nagoya,Puerto Rico,Nagoya.Puerto Rico@gmail.com,undefined.undefined@gmail.com,doctor
618,Yakutsk,Somalia,Yakutsk.Somalia@gmail.com,undefined.undefined@gmail.com,firefighter
619,Ilhéus,Brazil,Ilhéus.Brazil@gmail.com,undefined.undefined@gmail.com,developer
620,Yakutsk,Pitcairn,Yakutsk.Pitcairn@gmail.com,undefined.undefined@gmail.com,police officer
621,Panama City,Ghana,Panama City.Ghana@gmail.com,undefined.undefined@gmail.com,doctor
622,Providence,Yemen,Providence.Yemen@gmail.com,undefined.undefined@gmail.com,worker
623,Kunming,Argentina,Kunming.Argentina@gmail.com,undefined.undefined@gmail.com,worker
624,Cairo,Philippines,Cairo.Philippines@gmail.com,undefined.undefined@gmail.com,police officer
625,Freetown,Tokelau,Freetown.Tokelau@gmail.com,undefined.undefined@gmail.com,police officer
626,Melbourne,Latvia,Melbourne.Latvia@gmail.com,undefined.undefined@gmail.com,worker
627,Palembang,Georgia,Palembang.Georgia@gmail.com,undefined.undefined@gmail.com,doctor
628,Sydney,Malawi,Sydney.Malawi@gmail.com,undefined.undefined@gmail.com,police officer
629,Pittsburgh,Switzerland,Pittsburgh.Switzerland@gmail.com,undefined.undefined@gmail.com,doctor
630,Nairobi,Zambia,Nairobi.Zambia@gmail.com,undefined.undefined@gmail.com,worker
631,Kunming,Tunisia,Kunming.Tunisia@gmail.com,undefined.undefined@gmail.com,firefighter
632,Astana,Mongolia,Astana.Mongolia@gmail.com,undefined.undefined@gmail.com,police officer
633,Blantyre,Saint Lucia,Blantyre.Saint Lucia@gmail.com,undefined.undefined@gmail.com,doctor
634,Karachi,Norway,Karachi.Norway@gmail.com,undefined.undefined@gmail.com,developer
635,Labasa,Belize,Labasa.Belize@gmail.com,undefined.undefined@gmail.com,firefighter
636,Rabat,Cook Islands,Rabat.Cook Islands@gmail.com,undefined.undefined@gmail.com,developer
637,Dammam,Gambia,Dammam.Gambia@gmail.com,undefined.undefined@gmail.com,developer
638,Vancouver,Costa Rica,Vancouver.Costa Rica@gmail.com,undefined.undefined@gmail.com,worker
639,Livingstone,Comoros,Livingstone.Comoros@gmail.com,undefined.undefined@gmail.com,doctor
640,Sukhumi,Estonia,Sukhumi.Estonia@gmail.com,undefined.undefined@gmail.com,developer
641,Chaguanas,Belize,Chaguanas.Belize@gmail.com,undefined.undefined@gmail.com,firefighter
642,Weno,Finland,Weno.Finland@gmail.com,undefined.undefined@gmail.com,developer
643,Rabi Island,Afghanistan,Rabi Island.Afghanistan@gmail.com,undefined.undefined@gmail.com,firefighter
644,Lomé,RWANDA,Lomé.RWANDA@gmail.com,undefined.undefined@gmail.com,worker
645,Taichung,Zimbabwe,Taichung.Zimbabwe@gmail.com,undefined.undefined@gmail.com,firefighter
646,Freetown,Niger,Freetown.Niger@gmail.com,undefined.undefined@gmail.com,developer
647,Mecca,Northern Mariana Islands,Mecca.Northern Mariana Islands@gmail.com,undefined.undefined@gmail.com,developer
648,São Paulo,South Georgia and the South Sandwich Islands,São Paulo.South Georgia and the South Sandwich Islands@gmail.com,undefined.undefined@gmail.com,worker
649,Dallas,Cayman Islands,Dallas.Cayman Islands@gmail.com,undefined.undefined@gmail.com,developer
650,Juneau,"Lao People""S Democratic Republic","Juneau.Lao People""S Democratic Republic@gmail.com",undefined.undefined@gmail.com,doctor
651,São José dos Campos,"Cote D""Ivoire","São José dos Campos.Cote D""Ivoire@gmail.com",undefined.undefined@gmail.com,police officer
652,Yekaterinburg,Marshall Islands,Yekaterinburg.Marshall Islands@gmail.com,undefined.undefined@gmail.com,police officer
653,Livingstone,"Korea, Democratic People""S Republic of","Livingstone.Korea, Democratic People""S Republic of@gmail.com",undefined.undefined@gmail.com,doctor
654,Cotonou,Papua New Guinea,Cotonou.Papua New Guinea@gmail.com,undefined.undefined@gmail.com,developer
655,Port Blair,"Congo, The Democratic Republic of the","Port Blair.Congo, The Democratic Republic of the@gmail.com",undefined.undefined@gmail.com,doctor
656,Melekeok,"Korea, Democratic People""S Republic of","Melekeok.Korea, Democratic People""S Republic of@gmail.com",undefined.undefined@gmail.com,firefighter
657,Newcastle,Liechtenstein,Newcastle.Liechtenstein@gmail.com,undefined.undefined@gmail.com,firefighter
658,Lyon,Norway,Lyon.Norway@gmail.com,undefined.undefined@gmail.com,firefighter
659,Valdivia,Slovenia,Valdivia.Slovenia@gmail.com,undefined.undefined@gmail.com,doctor
660,Lhasa,Northern Mariana Islands,Lhasa.Northern Mariana Islands@gmail.com,undefined.undefined@gmail.com,police officer
661,Samara,Syrian Arab Republic,Samara.Syrian Arab Republic@gmail.com,undefined.undefined@gmail.com,police officer
662,Albuquerque,American Samoa,Albuquerque.American Samoa@gmail.com,undefined.undefined@gmail.com,developer
663,Jeddah,Malawi,Jeddah.Malawi@gmail.com,undefined.undefined@gmail.com,doctor
664,San José,Cocos (Keeling) Islands,San José.Cocos (Keeling) Islands@gmail.com,undefined.undefined@gmail.com,police officer
665,Harare,New Zealand,Harare.New Zealand@gmail.com,undefined.undefined@gmail.com,doctor
666,Cali,RWANDA,Cali.RWANDA@gmail.com,undefined.undefined@gmail.com,worker
667,Tucson,Thailand,Tucson.Thailand@gmail.com,undefined.undefined@gmail.com,worker
668,Iqaluit,United States,Iqaluit.United States@gmail.com,undefined.undefined@gmail.com,police officer
669,Zhengzhou,"Micronesia, Federated States of","Zhengzhou.Micronesia, Federated States of@gmail.com",undefined.undefined@gmail.com,worker
670,Sitka,United States Minor Outlying Islands,Sitka.United States Minor Outlying Islands@gmail.com,undefined.undefined@gmail.com,police officer
671,Tashkent,Viet Nam,Tashkent.Viet Nam@gmail.com,undefined.undefined@gmail.com,firefighter
672,Port Blair,Algeria,Port Blair.Algeria@gmail.com,undefined.undefined@gmail.com,worker
673,Huế,Northern Mariana Islands,Huế.Northern Mariana Islands@gmail.com,undefined.undefined@gmail.com,firefighter
674,Huế,Zambia,Huế.Zambia@gmail.com,undefined.undefined@gmail.com,doctor
675,Málaga,Viet Nam,Málaga.Viet Nam@gmail.com,undefined.undefined@gmail.com,firefighter
676,Cleveland,French Guiana,Cleveland.French Guiana@gmail.com,undefined.undefined@gmail.com,police officer
677,Rockhampton,Cook Islands,Rockhampton.Cook Islands@gmail.com,undefined.undefined@gmail.com,police officer
678,Louisville,Papua New Guinea,Louisville.Papua New Guinea@gmail.com,undefined.undefined@gmail.com,firefighter
679,Minneapolis,Saint Helena,Minneapolis.Saint Helena@gmail.com,undefined.undefined@gmail.com,worker
680,Marrakech,Bouvet Island,Marrakech.Bouvet Island@gmail.com,undefined.undefined@gmail.com,worker
681,Sri Jayawardenapura-Kotte,Croatia,Sri Jayawardenapura-Kotte.Croatia@gmail.com,undefined.undefined@gmail.com,police officer
682,Jamestown,El Salvador,Jamestown.El Salvador@gmail.com,undefined.undefined@gmail.com,firefighter
683,Calgary,Argentina,Calgary.Argentina@gmail.com,undefined.undefined@gmail.com,worker
684,Sabha,Comoros,Sabha.Comoros@gmail.com,undefined.undefined@gmail.com,worker
685,Sabha,Sierra Leone,Sabha.Sierra Leone@gmail.com,undefined.undefined@gmail.com,firefighter
686,Ürümqi,Burundi,Ürümqi.Burundi@gmail.com,undefined.undefined@gmail.com,doctor
687,Beirut,Mauritania,Beirut.Mauritania@gmail.com,undefined.undefined@gmail.com,worker
688,Córdoba,Algeria,Córdoba.Algeria@gmail.com,undefined.undefined@gmail.com,firefighter
689,Apia,Turkey,Apia.Turkey@gmail.com,undefined.undefined@gmail.com,police officer
690,Manila,Chile,Manila.Chile@gmail.com,undefined.undefined@gmail.com,developer
691,Bishkek,Isle of Man,Bishkek.Isle of Man@gmail.com,undefined.undefined@gmail.com,firefighter
692,Castries,Cocos (Keeling) Islands,Castries.Cocos (Keeling) Islands@gmail.com,undefined.undefined@gmail.com,police officer
693,Gaborone,"Macedonia, The Former Yugoslav Republic of","Gaborone.Macedonia, The Former Yugoslav Republic of@gmail.com",undefined.undefined@gmail.com,doctor
694,São José dos Campos,Christmas Island,São José dos Campos.Christmas Island@gmail.com,undefined.undefined@gmail.com,doctor
695,Hong Kong,Saudi Arabia,Hong Kong.Saudi Arabia@gmail.com,undefined.undefined@gmail.com,firefighter
696,Seattle,Samoa,Seattle.Samoa@gmail.com,undefined.undefined@gmail.com,developer
697,Kanpur,Martinique,Kanpur.Martinique@gmail.com,undefined.undefined@gmail.com,police officer
698,Toronto,Australia,Toronto.Australia@gmail.com,undefined.undefined@gmail.com,developer
699,Naypyidaw,Isle of Man,Naypyidaw.Isle of Man@gmail.com,undefined.undefined@gmail.com,worker
700,Kathmandu,Denmark,Kathmandu.Denmark@gmail.com,undefined.undefined@gmail.com,firefighter
701,Montreal,Suriname,Montreal.Suriname@gmail.com,undefined.undefined@gmail.com,developer
702,Doha,Guam,Doha.Guam@gmail.com,undefined.undefined@gmail.com,worker
703,Jaipur,Lebanon,Jaipur.Lebanon@gmail.com,undefined.undefined@gmail.com,worker
704,Miami,Morocco,Miami.Morocco@gmail.com,undefined.undefined@gmail.com,developer
705,Mamoudzou,Mauritania,Mamoudzou.Mauritania@gmail.com,undefined.undefined@gmail.com,developer
706,Bogor,Syrian Arab Republic,Bogor.Syrian Arab Republic@gmail.com,undefined.undefined@gmail.com,worker
707,Banjul,Barbados,Banjul.Barbados@gmail.com,undefined.undefined@gmail.com,police officer
708,Bogotá,Sudan,Bogotá.Sudan@gmail.com,undefined.undefined@gmail.com,worker
709,Saskatoon,Mongolia,Saskatoon.Mongolia@gmail.com,undefined.undefined@gmail.com,worker
710,Shillong,Northern Mariana Islands,Shillong.Northern Mariana Islands@gmail.com,undefined.undefined@gmail.com,worker
711,St. George's,Guyana,St. George's.Guyana@gmail.com,undefined.undefined@gmail.com,developer
712,Luxembourg (city),"Virgin Islands, U.S.","Luxembourg (city).Virgin Islands, U.S.@gmail.com",undefined.undefined@gmail.com,developer
713,Cairns,Christmas Island,Cairns.Christmas Island@gmail.com,undefined.undefined@gmail.com,firefighter
714,Chihuahua,Luxembourg,Chihuahua.Luxembourg@gmail.com,undefined.undefined@gmail.com,doctor
715,Christchurch,China,Christchurch.China@gmail.com,undefined.undefined@gmail.com,doctor
716,Dushanbe,Bouvet Island,Dushanbe.Bouvet Island@gmail.com,undefined.undefined@gmail.com,worker
717,Vladivostok,Malaysia,Vladivostok.Malaysia@gmail.com,undefined.undefined@gmail.com,firefighter
718,Dunedin,Tonga,Dunedin.Tonga@gmail.com,undefined.undefined@gmail.com,doctor
719,Handan,Seychelles,Handan.Seychelles@gmail.com,undefined.undefined@gmail.com,worker
720,The Valley,Turkey,The Valley.Turkey@gmail.com,undefined.undefined@gmail.com,doctor
721,Ouagadougou,Libyan Arab Jamahiriya,Ouagadougou.Libyan Arab Jamahiriya@gmail.com,undefined.undefined@gmail.com,worker
722,Bogotá,Morocco,Bogotá.Morocco@gmail.com,undefined.undefined@gmail.com,worker
723,Gaborone,Malaysia,Gaborone.Malaysia@gmail.com,undefined.undefined@gmail.com,doctor
724,Nizhny Novgorod,Cuba,Nizhny Novgorod.Cuba@gmail.com,undefined.undefined@gmail.com,worker
725,London,Turks and Caicos Islands,London.Turks and Caicos Islands@gmail.com,undefined.undefined@gmail.com,police officer
726,Nukus,"Lao People""S Democratic Republic","Nukus.Lao People""S Democratic Republic@gmail.com",undefined.undefined@gmail.com,worker
727,Bogotá,Turkmenistan,Bogotá.Turkmenistan@gmail.com,undefined.undefined@gmail.com,developer
728,Zamboanga City,American Samoa,Zamboanga City.American Samoa@gmail.com,undefined.undefined@gmail.com,developer
729,Lucknow,Czech Republic,Lucknow.Czech Republic@gmail.com,undefined.undefined@gmail.com,firefighter
730,Cotonou,Djibouti,Cotonou.Djibouti@gmail.com,undefined.undefined@gmail.com,police officer
731,Magadan,Kyrgyzstan,Magadan.Kyrgyzstan@gmail.com,undefined.undefined@gmail.com,doctor
732,Basse-Terre,Saint Kitts and Nevis,Basse-Terre.Saint Kitts and Nevis@gmail.com,undefined.undefined@gmail.com,doctor
733,Kota Bharu,Angola,Kota Bharu.Angola@gmail.com,undefined.undefined@gmail.com,police officer
734,Malacca Town,Comoros,Malacca Town.Comoros@gmail.com,undefined.undefined@gmail.com,developer
735,Kraków,Guatemala,Kraków.Guatemala@gmail.com,undefined.undefined@gmail.com,worker
736,Naples,"Taiwan, Province of China","Naples.Taiwan, Province of China@gmail.com",undefined.undefined@gmail.com,firefighter
737,Ludhiana,Maldives,Ludhiana.Maldives@gmail.com,undefined.undefined@gmail.com,doctor
738,Dededo,Trinidad and Tobago,Dededo.Trinidad and Tobago@gmail.com,undefined.undefined@gmail.com,police officer
739,São Tomé,Cameroon,São Tomé.Cameroon@gmail.com,undefined.undefined@gmail.com,developer
740,Seville,Viet Nam,Seville.Viet Nam@gmail.com,undefined.undefined@gmail.com,worker
741,Oklahoma City,Brunei Darussalam,Oklahoma City.Brunei Darussalam@gmail.com,undefined.undefined@gmail.com,doctor
742,Brussels,Japan,Brussels.Japan@gmail.com,undefined.undefined@gmail.com,worker
743,El Paso,Netherlands,El Paso.Netherlands@gmail.com,undefined.undefined@gmail.com,firefighter
744,Chuí,Jordan,Chuí.Jordan@gmail.com,undefined.undefined@gmail.com,firefighter
745,Tórshavn,Saint Helena,Tórshavn.Saint Helena@gmail.com,undefined.undefined@gmail.com,firefighter
746,Geelong,Congo,Geelong.Congo@gmail.com,undefined.undefined@gmail.com,police officer
747,Podgorica,Sweden,Podgorica.Sweden@gmail.com,undefined.undefined@gmail.com,worker
748,Port Moresby,Dominica,Port Moresby.Dominica@gmail.com,undefined.undefined@gmail.com,firefighter
749,Port Blair,Guinea-Bissau,Port Blair.Guinea-Bissau@gmail.com,undefined.undefined@gmail.com,worker
750,Tamale,Guinea-Bissau,Tamale.Guinea-Bissau@gmail.com,undefined.undefined@gmail.com,doctor
751,Guatemala City,Papua New Guinea,Guatemala City.Papua New Guinea@gmail.com,undefined.undefined@gmail.com,doctor
752,Algiers,Bermuda,Algiers.Bermuda@gmail.com,undefined.undefined@gmail.com,firefighter
753,Santa Cruz de la Sierra,United Arab Emirates,Santa Cruz de la Sierra.United Arab Emirates@gmail.com,undefined.undefined@gmail.com,firefighter
754,Jacksonville,Isle of Man,Jacksonville.Isle of Man@gmail.com,undefined.undefined@gmail.com,firefighter
755,Bissau,Sudan,Bissau.Sudan@gmail.com,undefined.undefined@gmail.com,firefighter
756,Munich,Nepal,Munich.Nepal@gmail.com,undefined.undefined@gmail.com,doctor
757,Simferopol,Myanmar,Simferopol.Myanmar@gmail.com,undefined.undefined@gmail.com,firefighter
758,Kabul,San Marino,Kabul.San Marino@gmail.com,undefined.undefined@gmail.com,worker
759,Shillong,British Indian Ocean Territory,Shillong.British Indian Ocean Territory@gmail.com,undefined.undefined@gmail.com,worker
760,Singapore,Serbia and Montenegro,Singapore.Serbia and Montenegro@gmail.com,undefined.undefined@gmail.com,developer
761,Ottawa,Australia,Ottawa.Australia@gmail.com,undefined.undefined@gmail.com,worker
762,St. George's,Macao,St. George's.Macao@gmail.com,undefined.undefined@gmail.com,doctor
763,Gold Coast,Lesotho,Gold Coast.Lesotho@gmail.com,undefined.undefined@gmail.com,police officer
764,Kaliningrad,Slovenia,Kaliningrad.Slovenia@gmail.com,undefined.undefined@gmail.com,firefighter
765,Whitehorse,Denmark,Whitehorse.Denmark@gmail.com,undefined.undefined@gmail.com,doctor
766,Thimphu,Georgia,Thimphu.Georgia@gmail.com,undefined.undefined@gmail.com,firefighter
767,Whitehorse,Tajikistan,Whitehorse.Tajikistan@gmail.com,undefined.undefined@gmail.com,developer
768,Balikpapan,Kuwait,Balikpapan.Kuwait@gmail.com,undefined.undefined@gmail.com,firefighter
769,Curitiba,Holy See (Vatican City State),Curitiba.Holy See (Vatican City State)@gmail.com,undefined.undefined@gmail.com,developer
770,Geelong,United Arab Emirates,Geelong.United Arab Emirates@gmail.com,undefined.undefined@gmail.com,firefighter
771,Brussels,Guatemala,Brussels.Guatemala@gmail.com,undefined.undefined@gmail.com,doctor
772,San Juan,Reunion,San Juan.Reunion@gmail.com,undefined.undefined@gmail.com,firefighter
773,Nukuʻalofa,San Marino,Nukuʻalofa.San Marino@gmail.com,undefined.undefined@gmail.com,firefighter
774,Hat Yai,Mauritius,Hat Yai.Mauritius@gmail.com,undefined.undefined@gmail.com,worker
775,The Valley,Poland,The Valley.Poland@gmail.com,undefined.undefined@gmail.com,firefighter
776,Manzini,Bhutan,Manzini.Bhutan@gmail.com,undefined.undefined@gmail.com,developer
777,Lagos,Luxembourg,Lagos.Luxembourg@gmail.com,undefined.undefined@gmail.com,firefighter
778,Osaka,Myanmar,Osaka.Myanmar@gmail.com,undefined.undefined@gmail.com,worker
779,Canberra,Burkina Faso,Canberra.Burkina Faso@gmail.com,undefined.undefined@gmail.com,worker
780,Macau,San Marino,Macau.San Marino@gmail.com,undefined.undefined@gmail.com,firefighter
781,Andorra la Vella,Poland,Andorra la Vella.Poland@gmail.com,undefined.undefined@gmail.com,firefighter
782,Espoo,Cocos (Keeling) Islands,Espoo.Cocos (Keeling) Islands@gmail.com,undefined.undefined@gmail.com,worker
783,Perth,Tonga,Perth.Tonga@gmail.com,undefined.undefined@gmail.com,developer
784,Port Vila,Paraguay,Port Vila.Paraguay@gmail.com,undefined.undefined@gmail.com,doctor
785,Hobart,Antarctica,Hobart.Antarctica@gmail.com,undefined.undefined@gmail.com,doctor
786,Angra do Heroísmo,Myanmar,Angra do Heroísmo.Myanmar@gmail.com,undefined.undefined@gmail.com,firefighter
787,Cartagena,Gabon,Cartagena.Gabon@gmail.com,undefined.undefined@gmail.com,developer
788,Bangalore,Thailand,Bangalore.Thailand@gmail.com,undefined.undefined@gmail.com,firefighter
789,Harbin,Sweden,Harbin.Sweden@gmail.com,undefined.undefined@gmail.com,worker
790,Surat Thani,"Tanzania, United Republic of","Surat Thani.Tanzania, United Republic of@gmail.com",undefined.undefined@gmail.com,doctor
791,Anchorage,"Congo, The Democratic Republic of the","Anchorage.Congo, The Democratic Republic of the@gmail.com",undefined.undefined@gmail.com,worker
792,Longyearbyen,Malta,Longyearbyen.Malta@gmail.com,undefined.undefined@gmail.com,developer
793,Denpasar,Nauru,Denpasar.Nauru@gmail.com,undefined.undefined@gmail.com,worker
794,Thiès,Bolivia,Thiès.Bolivia@gmail.com,undefined.undefined@gmail.com,worker
795,Rome,Namibia,Rome.Namibia@gmail.com,undefined.undefined@gmail.com,doctor
796,Reykjavík,French Southern Territories,Reykjavík.French Southern Territories@gmail.com,undefined.undefined@gmail.com,doctor
797,Antwerp,Mozambique,Antwerp.Mozambique@gmail.com,undefined.undefined@gmail.com,police officer
798,Hat Yai,Guadeloupe,Hat Yai.Guadeloupe@gmail.com,undefined.undefined@gmail.com,police officer
799,Riverside,Uganda,Riverside.Uganda@gmail.com,undefined.undefined@gmail.com,doctor
800,Skopje,Peru,Skopje.Peru@gmail.com,undefined.undefined@gmail.com,police officer
801,Kigali,Azerbaijan,Kigali.Azerbaijan@gmail.com,undefined.undefined@gmail.com,developer
802,Kunming,Croatia,Kunming.Croatia@gmail.com,undefined.undefined@gmail.com,developer
803,Incheon,Namibia,Incheon.Namibia@gmail.com,undefined.undefined@gmail.com,firefighter
804,Nashville,Venezuela,Nashville.Venezuela@gmail.com,undefined.undefined@gmail.com,police officer
805,Tbilisi,Netherlands,Tbilisi.Netherlands@gmail.com,undefined.undefined@gmail.com,firefighter
806,Valletta,Egypt,Valletta.Egypt@gmail.com,undefined.undefined@gmail.com,developer
807,Kuwait City,Romania,Kuwait City.Romania@gmail.com,undefined.undefined@gmail.com,doctor
808,San Fernando,Latvia,San Fernando.Latvia@gmail.com,undefined.undefined@gmail.com,doctor
809,Geneva,Oman,Geneva.Oman@gmail.com,undefined.undefined@gmail.com,police officer
810,Bratsk,Sierra Leone,Bratsk.Sierra Leone@gmail.com,undefined.undefined@gmail.com,worker
811,Recife,Azerbaijan,Recife.Azerbaijan@gmail.com,undefined.undefined@gmail.com,developer
812,Port-au-Prince,Zambia,Port-au-Prince.Zambia@gmail.com,undefined.undefined@gmail.com,police officer
813,Bamako,"Iran, Islamic Republic Of","Bamako.Iran, Islamic Republic Of@gmail.com",undefined.undefined@gmail.com,worker
814,Kaohsiung,Yemen,Kaohsiung.Yemen@gmail.com,undefined.undefined@gmail.com,doctor
815,Adak,Oman,Adak.Oman@gmail.com,undefined.undefined@gmail.com,doctor
816,Hiroshima,"Macedonia, The Former Yugoslav Republic of","Hiroshima.Macedonia, The Former Yugoslav Republic of@gmail.com",undefined.undefined@gmail.com,police officer
817,Espoo,Kenya,Espoo.Kenya@gmail.com,undefined.undefined@gmail.com,firefighter
818,İzmir,Mozambique,İzmir.Mozambique@gmail.com,undefined.undefined@gmail.com,worker
819,Amsterdam,Singapore,Amsterdam.Singapore@gmail.com,undefined.undefined@gmail.com,doctor
820,Kiev,Australia,Kiev.Australia@gmail.com,undefined.undefined@gmail.com,developer
821,Edinburgh,Hong Kong,Edinburgh.Hong Kong@gmail.com,undefined.undefined@gmail.com,doctor
822,Lucknow,"Tanzania, United Republic of","Lucknow.Tanzania, United Republic of@gmail.com",undefined.undefined@gmail.com,police officer
823,Lagos,Chad,Lagos.Chad@gmail.com,undefined.undefined@gmail.com,developer
824,Wollongong,Sri Lanka,Wollongong.Sri Lanka@gmail.com,undefined.undefined@gmail.com,worker
825,Bangui,Montserrat,Bangui.Montserrat@gmail.com,undefined.undefined@gmail.com,firefighter
826,Guatemala City,Monaco,Guatemala City.Monaco@gmail.com,undefined.undefined@gmail.com,firefighter
827,Niamey,Kazakhstan,Niamey.Kazakhstan@gmail.com,undefined.undefined@gmail.com,worker
828,Yerevan,Benin,Yerevan.Benin@gmail.com,undefined.undefined@gmail.com,developer
829,Barranquilla,Bangladesh,Barranquilla.Bangladesh@gmail.com,undefined.undefined@gmail.com,developer
830,Serekunda,Morocco,Serekunda.Morocco@gmail.com,undefined.undefined@gmail.com,developer
831,Yamoussoukro,Puerto Rico,Yamoussoukro.Puerto Rico@gmail.com,undefined.undefined@gmail.com,firefighter
832,Nantes,"Iran, Islamic Republic Of","Nantes.Iran, Islamic Republic Of@gmail.com",undefined.undefined@gmail.com,police officer
833,Kiev,Ethiopia,Kiev.Ethiopia@gmail.com,undefined.undefined@gmail.com,firefighter
834,Arequipa,Kiribati,Arequipa.Kiribati@gmail.com,undefined.undefined@gmail.com,doctor
835,Zamboanga City,"Palestinian Territory, Occupied","Zamboanga City.Palestinian Territory, Occupied@gmail.com",undefined.undefined@gmail.com,firefighter
836,Cockburn Town,Austria,Cockburn Town.Austria@gmail.com,undefined.undefined@gmail.com,doctor
837,Doha,Cameroon,Doha.Cameroon@gmail.com,undefined.undefined@gmail.com,worker
838,Perm,"Virgin Islands, British","Perm.Virgin Islands, British@gmail.com",undefined.undefined@gmail.com,police officer
839,Udon Thani,Guinea,Udon Thani.Guinea@gmail.com,undefined.undefined@gmail.com,police officer
840,Vaduz,Greece,Vaduz.Greece@gmail.com,undefined.undefined@gmail.com,developer
841,Miami,Egypt,Miami.Egypt@gmail.com,undefined.undefined@gmail.com,developer
842,Djibouti (city),Turkey,Djibouti (city).Turkey@gmail.com,undefined.undefined@gmail.com,firefighter
843,Belmopan,"Iran, Islamic Republic Of","Belmopan.Iran, Islamic Republic Of@gmail.com",undefined.undefined@gmail.com,firefighter
844,Naypyidaw,Colombia,Naypyidaw.Colombia@gmail.com,undefined.undefined@gmail.com,developer
845,Ürümqi,Haiti,Ürümqi.Haiti@gmail.com,undefined.undefined@gmail.com,worker
846,Belize City,Malta,Belize City.Malta@gmail.com,undefined.undefined@gmail.com,firefighter
847,Tegucigalpa,Denmark,Tegucigalpa.Denmark@gmail.com,undefined.undefined@gmail.com,firefighter
848,Alofi,Estonia,Alofi.Estonia@gmail.com,undefined.undefined@gmail.com,police officer
849,Naypyidaw,Senegal,Naypyidaw.Senegal@gmail.com,undefined.undefined@gmail.com,police officer
850,Francistown,Kazakhstan,Francistown.Kazakhstan@gmail.com,undefined.undefined@gmail.com,worker
851,Cebu City,Jersey,Cebu City.Jersey@gmail.com,undefined.undefined@gmail.com,doctor
852,Andorra la Vella,Estonia,Andorra la Vella.Estonia@gmail.com,undefined.undefined@gmail.com,developer
853,Praia,Burundi,Praia.Burundi@gmail.com,undefined.undefined@gmail.com,developer
854,Sabha,Congo,Sabha.Congo@gmail.com,undefined.undefined@gmail.com,developer
855,Taichung,New Zealand,Taichung.New Zealand@gmail.com,undefined.undefined@gmail.com,worker
856,Stockholm,Equatorial Guinea,Stockholm.Equatorial Guinea@gmail.com,undefined.undefined@gmail.com,firefighter
857,Avarua,Cyprus,Avarua.Cyprus@gmail.com,undefined.undefined@gmail.com,worker
858,Zhengzhou,Kiribati,Zhengzhou.Kiribati@gmail.com,undefined.undefined@gmail.com,firefighter
859,Zanzibar City,Italy,Zanzibar City.Italy@gmail.com,undefined.undefined@gmail.com,developer
860,Guatemala City,Mali,Guatemala City.Mali@gmail.com,undefined.undefined@gmail.com,firefighter
861,Edinburgh,Pitcairn,Edinburgh.Pitcairn@gmail.com,undefined.undefined@gmail.com,developer
862,Macau,Georgia,Macau.Georgia@gmail.com,undefined.undefined@gmail.com,developer
863,Palembang,Tunisia,Palembang.Tunisia@gmail.com,undefined.undefined@gmail.com,developer
864,St. George's,Cyprus,St. George's.Cyprus@gmail.com,undefined.undefined@gmail.com,developer
865,Kunming,Bahrain,Kunming.Bahrain@gmail.com,undefined.undefined@gmail.com,firefighter
866,Manama,Guatemala,Manama.Guatemala@gmail.com,undefined.undefined@gmail.com,firefighter
867,Curitiba,Oman,Curitiba.Oman@gmail.com,undefined.undefined@gmail.com,worker
868,Athens,Grenada,Athens.Grenada@gmail.com,undefined.undefined@gmail.com,developer
869,Dongguan,Kazakhstan,Dongguan.Kazakhstan@gmail.com,undefined.undefined@gmail.com,firefighter
870,Vaduz,Mauritius,Vaduz.Mauritius@gmail.com,undefined.undefined@gmail.com,doctor
871,Hanga Roa,Japan,Hanga Roa.Japan@gmail.com,undefined.undefined@gmail.com,worker
872,Fredericton,"Iran, Islamic Republic Of","Fredericton.Iran, Islamic Republic Of@gmail.com",undefined.undefined@gmail.com,firefighter
873,Chongqing,Namibia,Chongqing.Namibia@gmail.com,undefined.undefined@gmail.com,firefighter
874,Tampa,Tunisia,Tampa.Tunisia@gmail.com,undefined.undefined@gmail.com,police officer
875,San Antonio,Gambia,San Antonio.Gambia@gmail.com,undefined.undefined@gmail.com,police officer
876,Karachi,Israel,Karachi.Israel@gmail.com,undefined.undefined@gmail.com,worker
877,Kandahar,Bangladesh,Kandahar.Bangladesh@gmail.com,undefined.undefined@gmail.com,doctor
878,Valdivia,Saint Helena,Valdivia.Saint Helena@gmail.com,undefined.undefined@gmail.com,doctor
879,Brazzaville,Ireland,Brazzaville.Ireland@gmail.com,undefined.undefined@gmail.com,firefighter
880,Mérida,Sudan,Mérida.Sudan@gmail.com,undefined.undefined@gmail.com,doctor
881,Santo Domingo,Vanuatu,Santo Domingo.Vanuatu@gmail.com,undefined.undefined@gmail.com,developer
882,Tiraspol,Malawi,Tiraspol.Malawi@gmail.com,undefined.undefined@gmail.com,developer
883,Samara,Liechtenstein,Samara.Liechtenstein@gmail.com,undefined.undefined@gmail.com,firefighter
884,Brisbane,Costa Rica,Brisbane.Costa Rica@gmail.com,undefined.undefined@gmail.com,developer
885,Macau,Cook Islands,Macau.Cook Islands@gmail.com,undefined.undefined@gmail.com,doctor
886,Macapá,Kuwait,Macapá.Kuwait@gmail.com,undefined.undefined@gmail.com,firefighter
887,Houston,Cape Verde,Houston.Cape Verde@gmail.com,undefined.undefined@gmail.com,police officer
888,George Town,Turkey,George Town.Turkey@gmail.com,undefined.undefined@gmail.com,doctor
889,Rabi Island,Saint Helena,Rabi Island.Saint Helena@gmail.com,undefined.undefined@gmail.com,police officer
890,Maputo,Greenland,Maputo.Greenland@gmail.com,undefined.undefined@gmail.com,firefighter
891,Basse-Terre,Reunion,Basse-Terre.Reunion@gmail.com,undefined.undefined@gmail.com,firefighter
892,Surabaya,Belize,Surabaya.Belize@gmail.com,undefined.undefined@gmail.com,developer
893,Calama,Algeria,Calama.Algeria@gmail.com,undefined.undefined@gmail.com,firefighter
894,Nassau,Argentina,Nassau.Argentina@gmail.com,undefined.undefined@gmail.com,police officer
895,Zagreb,Dominica,Zagreb.Dominica@gmail.com,undefined.undefined@gmail.com,doctor
896,San Diego,Romania,San Diego.Romania@gmail.com,undefined.undefined@gmail.com,police officer
897,Djibouti (city),United States Minor Outlying Islands,Djibouti (city).United States Minor Outlying Islands@gmail.com,undefined.undefined@gmail.com,developer
898,Raleigh,Nigeria,Raleigh.Nigeria@gmail.com,undefined.undefined@gmail.com,police officer
899,Changchun,Syrian Arab Republic,Changchun.Syrian Arab Republic@gmail.com,undefined.undefined@gmail.com,police officer
900,Omsk,Liechtenstein,Omsk.Liechtenstein@gmail.com,undefined.undefined@gmail.com,developer
901,Munich,Saint Helena,Munich.Saint Helena@gmail.com,undefined.undefined@gmail.com,worker
902,The Valley,Central African Republic,The Valley.Central African Republic@gmail.com,undefined.undefined@gmail.com,worker
903,Copenhagen,New Zealand,Copenhagen.New Zealand@gmail.com,undefined.undefined@gmail.com,police officer
904,Managua,Trinidad and Tobago,Managua.Trinidad and Tobago@gmail.com,undefined.undefined@gmail.com,worker
905,Warsaw,Niue,Warsaw.Niue@gmail.com,undefined.undefined@gmail.com,firefighter
906,Kandahar,Slovenia,Kandahar.Slovenia@gmail.com,undefined.undefined@gmail.com,police officer
907,Hanga Roa,Holy See (Vatican City State),Hanga Roa.Holy See (Vatican City State)@gmail.com,undefined.undefined@gmail.com,doctor
908,Hai Phong,Wallis and Futuna,Hai Phong.Wallis and Futuna@gmail.com,undefined.undefined@gmail.com,developer
909,Shanghai,Syrian Arab Republic,Shanghai.Syrian Arab Republic@gmail.com,undefined.undefined@gmail.com,police officer
910,City of San Marino,United Kingdom,City of San Marino.United Kingdom@gmail.com,undefined.undefined@gmail.com,firefighter
911,Edmonton,Finland,Edmonton.Finland@gmail.com,undefined.undefined@gmail.com,worker
912,Amsterdam,Solomon Islands,Amsterdam.Solomon Islands@gmail.com,undefined.undefined@gmail.com,firefighter
913,Leipzig,Israel,Leipzig.Israel@gmail.com,undefined.undefined@gmail.com,developer
914,Paramaribo,Seychelles,Paramaribo.Seychelles@gmail.com,undefined.undefined@gmail.com,firefighter
915,Vatican City,Brazil,Vatican City.Brazil@gmail.com,undefined.undefined@gmail.com,doctor
916,Havana,Slovakia,Havana.Slovakia@gmail.com,undefined.undefined@gmail.com,developer
917,Montevideo,Pitcairn,Montevideo.Pitcairn@gmail.com,undefined.undefined@gmail.com,police officer
918,Pyongyang,Honduras,Pyongyang.Honduras@gmail.com,undefined.undefined@gmail.com,doctor
919,İzmir,Sierra Leone,İzmir.Sierra Leone@gmail.com,undefined.undefined@gmail.com,developer
920,Osaka,Namibia,Osaka.Namibia@gmail.com,undefined.undefined@gmail.com,police officer
921,San José,Samoa,San José.Samoa@gmail.com,undefined.undefined@gmail.com,police officer
922,Rabi Island,Cape Verde,Rabi Island.Cape Verde@gmail.com,undefined.undefined@gmail.com,worker
923,Amman,San Marino,Amman.San Marino@gmail.com,undefined.undefined@gmail.com,police officer
924,Hiroshima,Iraq,Hiroshima.Iraq@gmail.com,undefined.undefined@gmail.com,doctor
925,Mogadishu,Norfolk Island,Mogadishu.Norfolk Island@gmail.com,undefined.undefined@gmail.com,firefighter
926,Tallinn,Burundi,Tallinn.Burundi@gmail.com,undefined.undefined@gmail.com,doctor
927,Albuquerque,Palau,Albuquerque.Palau@gmail.com,undefined.undefined@gmail.com,worker
928,Salt Lake City,Reunion,Salt Lake City.Reunion@gmail.com,undefined.undefined@gmail.com,worker
929,Baghdad,Tokelau,Baghdad.Tokelau@gmail.com,undefined.undefined@gmail.com,police officer
930,Kanpur,Niger,Kanpur.Niger@gmail.com,undefined.undefined@gmail.com,developer
931,Sofia,Bermuda,Sofia.Bermuda@gmail.com,undefined.undefined@gmail.com,firefighter
932,San Juan,Mozambique,San Juan.Mozambique@gmail.com,undefined.undefined@gmail.com,police officer
933,Brasília,Nauru,Brasília.Nauru@gmail.com,undefined.undefined@gmail.com,police officer
934,Barcelona,Guernsey,Barcelona.Guernsey@gmail.com,undefined.undefined@gmail.com,worker
935,Taichung,Vanuatu,Taichung.Vanuatu@gmail.com,undefined.undefined@gmail.com,worker
936,Iloilo City,Georgia,Iloilo City.Georgia@gmail.com,undefined.undefined@gmail.com,developer
937,Chiang Mai,Turkey,Chiang Mai.Turkey@gmail.com,undefined.undefined@gmail.com,worker
938,Ciudad del Este,Mexico,Ciudad del Este.Mexico@gmail.com,undefined.undefined@gmail.com,police officer
939,Port Louis,Viet Nam,Port Louis.Viet Nam@gmail.com,undefined.undefined@gmail.com,developer
940,Albuquerque,Benin,Albuquerque.Benin@gmail.com,undefined.undefined@gmail.com,firefighter
941,Dalian,Canada,Dalian.Canada@gmail.com,undefined.undefined@gmail.com,worker
942,Caracas,Colombia,Caracas.Colombia@gmail.com,undefined.undefined@gmail.com,doctor
943,Linz,Puerto Rico,Linz.Puerto Rico@gmail.com,undefined.undefined@gmail.com,doctor
944,Fort-de-France,Northern Mariana Islands,Fort-de-France.Northern Mariana Islands@gmail.com,undefined.undefined@gmail.com,firefighter
945,Kawasaki,Marshall Islands,Kawasaki.Marshall Islands@gmail.com,undefined.undefined@gmail.com,firefighter
946,Belmopan,Venezuela,Belmopan.Venezuela@gmail.com,undefined.undefined@gmail.com,worker
947,Cleveland,Myanmar,Cleveland.Myanmar@gmail.com,undefined.undefined@gmail.com,doctor
948,Adamstown,Syrian Arab Republic,Adamstown.Syrian Arab Republic@gmail.com,undefined.undefined@gmail.com,worker
949,Santa Cruz de Tenerife,Grenada,Santa Cruz de Tenerife.Grenada@gmail.com,undefined.undefined@gmail.com,firefighter
950,Bratislava,Senegal,Bratislava.Senegal@gmail.com,undefined.undefined@gmail.com,developer
951,Serekunda,Angola,Serekunda.Angola@gmail.com,undefined.undefined@gmail.com,worker
952,Zapopan,Paraguay,Zapopan.Paraguay@gmail.com,undefined.undefined@gmail.com,developer
953,Tskhinvali,Grenada,Tskhinvali.Grenada@gmail.com,undefined.undefined@gmail.com,police officer
954,Turin,United States Minor Outlying Islands,Turin.United States Minor Outlying Islands@gmail.com,undefined.undefined@gmail.com,worker
955,Monaco,Indonesia,Monaco.Indonesia@gmail.com,undefined.undefined@gmail.com,developer
956,Hat Yai,"Cote D""Ivoire","Hat Yai.Cote D""Ivoire@gmail.com",undefined.undefined@gmail.com,worker
957,Pontianak,Botswana,Pontianak.Botswana@gmail.com,undefined.undefined@gmail.com,police officer
958,Mérida,American Samoa,Mérida.American Samoa@gmail.com,undefined.undefined@gmail.com,firefighter
959,Antofagasta,Jamaica,Antofagasta.Jamaica@gmail.com,undefined.undefined@gmail.com,worker
960,Edinburgh,Kyrgyzstan,Edinburgh.Kyrgyzstan@gmail.com,undefined.undefined@gmail.com,developer
961,Zanzibar City,Lesotho,Zanzibar City.Lesotho@gmail.com,undefined.undefined@gmail.com,developer
962,Kaliningrad,Bouvet Island,Kaliningrad.Bouvet Island@gmail.com,undefined.undefined@gmail.com,developer
963,Quetzaltenango,Tonga,Quetzaltenango.Tonga@gmail.com,undefined.undefined@gmail.com,developer
964,Zamboanga City,"Cote D""Ivoire","Zamboanga City.Cote D""Ivoire@gmail.com",undefined.undefined@gmail.com,firefighter
965,Pune,Samoa,Pune.Samoa@gmail.com,undefined.undefined@gmail.com,firefighter
966,Durango,Tajikistan,Durango.Tajikistan@gmail.com,undefined.undefined@gmail.com,developer
967,Sydney,Botswana,Sydney.Botswana@gmail.com,undefined.undefined@gmail.com,doctor
968,Porto Velho,Denmark,Porto Velho.Denmark@gmail.com,undefined.undefined@gmail.com,firefighter
969,Bursa,Sweden,Bursa.Sweden@gmail.com,undefined.undefined@gmail.com,doctor
970,Budapest,Italy,Budapest.Italy@gmail.com,undefined.undefined@gmail.com,firefighter
971,Durban,Papua New Guinea,Durban.Papua New Guinea@gmail.com,undefined.undefined@gmail.com,developer
972,Willemstad,Jamaica,Willemstad.Jamaica@gmail.com,undefined.undefined@gmail.com,doctor
973,Marrakech,Czech Republic,Marrakech.Czech Republic@gmail.com,undefined.undefined@gmail.com,worker
974,Dushanbe,Mongolia,Dushanbe.Mongolia@gmail.com,undefined.undefined@gmail.com,firefighter
975,Shijiazhuang,Chile,Shijiazhuang.Chile@gmail.com,undefined.undefined@gmail.com,worker
976,São Tomé,Oman,São Tomé.Oman@gmail.com,undefined.undefined@gmail.com,doctor
977,Melbourne,Anguilla,Melbourne.Anguilla@gmail.com,undefined.undefined@gmail.com,police officer
978,Samara,Eritrea,Samara.Eritrea@gmail.com,undefined.undefined@gmail.com,firefighter
979,Quetzaltenango,Belarus,Quetzaltenango.Belarus@gmail.com,undefined.undefined@gmail.com,doctor
980,Nagoya,"Tanzania, United Republic of","Nagoya.Tanzania, United Republic of@gmail.com",undefined.undefined@gmail.com,police officer
981,Aberdeen,Uruguay,Aberdeen.Uruguay@gmail.com,undefined.undefined@gmail.com,worker
982,Quetzaltenango,Botswana,Quetzaltenango.Botswana@gmail.com,undefined.undefined@gmail.com,firefighter
983,Nukuʻalofa,Benin,Nukuʻalofa.Benin@gmail.com,undefined.undefined@gmail.com,doctor
984,Aarhus,Sri Lanka,Aarhus.Sri Lanka@gmail.com,undefined.undefined@gmail.com,doctor
985,Port Blair,Guyana,Port Blair.Guyana@gmail.com,undefined.undefined@gmail.com,worker
986,Townsville,Jordan,Townsville.Jordan@gmail.com,undefined.undefined@gmail.com,firefighter
987,Invercargill,Kuwait,Invercargill.Kuwait@gmail.com,undefined.undefined@gmail.com,developer
988,Vitória,Brunei Darussalam,Vitória.Brunei Darussalam@gmail.com,undefined.undefined@gmail.com,doctor
989,San Carlos de Bariloche,Solomon Islands,San Carlos de Bariloche.Solomon Islands@gmail.com,undefined.undefined@gmail.com,firefighter
990,Salzburg,Ethiopia,Salzburg.Ethiopia@gmail.com,undefined.undefined@gmail.com,worker
991,Tórshavn,Guadeloupe,Tórshavn.Guadeloupe@gmail.com,undefined.undefined@gmail.com,police officer
992,Nanning,Saint Helena,Nanning.Saint Helena@gmail.com,undefined.undefined@gmail.com,developer
993,Barcelona,Jersey,Barcelona.Jersey@gmail.com,undefined.undefined@gmail.com,worker
994,Shijiazhuang,Central African Republic,Shijiazhuang.Central African Republic@gmail.com,undefined.undefined@gmail.com,firefighter
995,Saint-Pierre,British Indian Ocean Territory,Saint-Pierre.British Indian Ocean Territory@gmail.com,undefined.undefined@gmail.com,doctor
996,Peshawar,Afghanistan,Peshawar.Afghanistan@gmail.com,undefined.undefined@gmail.com,firefighter
997,Moroni,Luxembourg,Moroni.Luxembourg@gmail.com,undefined.undefined@gmail.com,doctor
998,Rockhampton,Turks and Caicos Islands,Rockhampton.Turks and Caicos Islands@gmail.com,undefined.undefined@gmail.com,police officer
999,Mérida,Serbia and Montenegro,Mérida.Serbia and Montenegro@gmail.com,undefined.undefined@gmail.com,doctor
1000,Wellington,Madagascar,Wellington.Madagascar@gmail.com,undefined.undefined@gmail.com,developer
1001,Abu Dhabi,Brazil,Abu Dhabi.Brazil@gmail.com,undefined.undefined@gmail.com,worker
1002,Panama City,Bolivia,Panama City.Bolivia@gmail.com,undefined.undefined@gmail.com,developer
1003,Praia,Armenia,Praia.Armenia@gmail.com,undefined.undefined@gmail.com,police officer
1004,Cali,Vanuatu,Cali.Vanuatu@gmail.com,undefined.undefined@gmail.com,police officer
1005,Ahmedabad,Saint Helena,Ahmedabad.Saint Helena@gmail.com,undefined.undefined@gmail.com,doctor
1006,Moroni,Congo,Moroni.Congo@gmail.com,undefined.undefined@gmail.com,worker
1007,Santa Cruz de Tenerife,Libyan Arab Jamahiriya,Santa Cruz de Tenerife.Libyan Arab Jamahiriya@gmail.com,undefined.undefined@gmail.com,worker
1008,Montevideo,Vanuatu,Montevideo.Vanuatu@gmail.com,undefined.undefined@gmail.com,doctor
1009,Buffalo,Somalia,Buffalo.Somalia@gmail.com,undefined.undefined@gmail.com,worker
1010,San Salvador,"Micronesia, Federated States of","San Salvador.Micronesia, Federated States of@gmail.com",undefined.undefined@gmail.com,worker
1011,Yellowknife,Barbados,Yellowknife.Barbados@gmail.com,undefined.undefined@gmail.com,police officer
1012,Strasbourg,Seychelles,Strasbourg.Seychelles@gmail.com,undefined.undefined@gmail.com,firefighter
1013,Tórshavn,"Micronesia, Federated States of","Tórshavn.Micronesia, Federated States of@gmail.com",undefined.undefined@gmail.com,firefighter
1014,Adak,Myanmar,Adak.Myanmar@gmail.com,undefined.undefined@gmail.com,firefighter
1015,Kraków,"Micronesia, Federated States of","Kraków.Micronesia, Federated States of@gmail.com",undefined.undefined@gmail.com,developer
1016,Lhasa,Singapore,Lhasa.Singapore@gmail.com,undefined.undefined@gmail.com,doctor
1017,Wellington,Cocos (Keeling) Islands,Wellington.Cocos (Keeling) Islands@gmail.com,undefined.undefined@gmail.com,doctor
1018,Hong Kong,Colombia,Hong Kong.Colombia@gmail.com,undefined.undefined@gmail.com,firefighter
1019,Ambon,Austria,Ambon.Austria@gmail.com,undefined.undefined@gmail.com,firefighter
1020,Thimphu,Finland,Thimphu.Finland@gmail.com,undefined.undefined@gmail.com,firefighter
1021,Madrid,Peru,Madrid.Peru@gmail.com,undefined.undefined@gmail.com,developer
1022,Bogor,Turkey,Bogor.Turkey@gmail.com,undefined.undefined@gmail.com,firefighter
1023,Porto Alegre,Netherlands Antilles,Porto Alegre.Netherlands Antilles@gmail.com,undefined.undefined@gmail.com,firefighter
1024,San Juan,Cape Verde,San Juan.Cape Verde@gmail.com,undefined.undefined@gmail.com,developer
1025,Niamey,Netherlands,Niamey.Netherlands@gmail.com,undefined.undefined@gmail.com,doctor
1026,Osaka,Bhutan,Osaka.Bhutan@gmail.com,undefined.undefined@gmail.com,police officer
1027,Prague,United Kingdom,Prague.United Kingdom@gmail.com,undefined.undefined@gmail.com,police officer
1028,Santiago,Marshall Islands,Santiago.Marshall Islands@gmail.com,undefined.undefined@gmail.com,police officer
1029,Anchorage,Tonga,Anchorage.Tonga@gmail.com,undefined.undefined@gmail.com,police officer
1030,Malmö,Hong Kong,Malmö.Hong Kong@gmail.com,undefined.undefined@gmail.com,doctor
1031,Cologne,Guinea,Cologne.Guinea@gmail.com,undefined.undefined@gmail.com,police officer
1032,Bandar Seri Begawan,Monaco,Bandar Seri Begawan.Monaco@gmail.com,undefined.undefined@gmail.com,police officer
1033,Lusaka,Luxembourg,Lusaka.Luxembourg@gmail.com,undefined.undefined@gmail.com,doctor
1034,Abuja,Israel,Abuja.Israel@gmail.com,undefined.undefined@gmail.com,developer
1035,Daegu,Tokelau,Daegu.Tokelau@gmail.com,undefined.undefined@gmail.com,doctor
1036,Yerevan,France,Yerevan.France@gmail.com,undefined.undefined@gmail.com,police officer
1037,Ho Chi Minh City,Cambodia,Ho Chi Minh City.Cambodia@gmail.com,undefined.undefined@gmail.com,developer
1038,Kharkiv,Japan,Kharkiv.Japan@gmail.com,undefined.undefined@gmail.com,doctor
1039,Jacksonville,Syrian Arab Republic,Jacksonville.Syrian Arab Republic@gmail.com,undefined.undefined@gmail.com,police officer
1040,Riyadh,Montserrat,Riyadh.Montserrat@gmail.com,undefined.undefined@gmail.com,developer
1041,Kansas City,Portugal,Kansas City.Portugal@gmail.com,undefined.undefined@gmail.com,police officer
1042,Las Vegas,Estonia,Las Vegas.Estonia@gmail.com,undefined.undefined@gmail.com,firefighter
1043,Melekeok,Gabon,Melekeok.Gabon@gmail.com,undefined.undefined@gmail.com,worker
1044,Kansas City,Marshall Islands,Kansas City.Marshall Islands@gmail.com,undefined.undefined@gmail.com,worker
1045,Pontianak,Niue,Pontianak.Niue@gmail.com,undefined.undefined@gmail.com,doctor
1046,Hat Yai,Singapore,Hat Yai.Singapore@gmail.com,undefined.undefined@gmail.com,firefighter
1047,Surat Thani,Mali,Surat Thani.Mali@gmail.com,undefined.undefined@gmail.com,worker
1048,Banjul,Mali,Banjul.Mali@gmail.com,undefined.undefined@gmail.com,developer
1049,Montevideo,Liberia,Montevideo.Liberia@gmail.com,undefined.undefined@gmail.com,police officer
1050,Blantyre,Oman,Blantyre.Oman@gmail.com,undefined.undefined@gmail.com,doctor
1051,Mashhad,Jamaica,Mashhad.Jamaica@gmail.com,undefined.undefined@gmail.com,worker
1052,Antananarivo,Sweden,Antananarivo.Sweden@gmail.com,undefined.undefined@gmail.com,police officer
1053,Vladivostok,Bosnia and Herzegovina,Vladivostok.Bosnia and Herzegovina@gmail.com,undefined.undefined@gmail.com,firefighter
1054,Milan,Ethiopia,Milan.Ethiopia@gmail.com,undefined.undefined@gmail.com,doctor
1055,Daegu,Somalia,Daegu.Somalia@gmail.com,undefined.undefined@gmail.com,police officer
1056,Kandahar,Slovakia,Kandahar.Slovakia@gmail.com,undefined.undefined@gmail.com,worker
1057,Baghdad,"Taiwan, Province of China","Baghdad.Taiwan, Province of China@gmail.com",undefined.undefined@gmail.com,developer
1058,São Tomé,Gibraltar,São Tomé.Gibraltar@gmail.com,undefined.undefined@gmail.com,worker
1059,Munich,Burundi,Munich.Burundi@gmail.com,undefined.undefined@gmail.com,firefighter
1060,Louisville,Turkmenistan,Louisville.Turkmenistan@gmail.com,undefined.undefined@gmail.com,doctor
1061,Udon Thani,Slovakia,Udon Thani.Slovakia@gmail.com,undefined.undefined@gmail.com,worker
1062,Cardiff,Latvia,Cardiff.Latvia@gmail.com,undefined.undefined@gmail.com,police officer
1063,Tel Aviv,United States,Tel Aviv.United States@gmail.com,undefined.undefined@gmail.com,firefighter
1064,Stuttgart,Tokelau,Stuttgart.Tokelau@gmail.com,undefined.undefined@gmail.com,developer
1065,Riverside,Guernsey,Riverside.Guernsey@gmail.com,undefined.undefined@gmail.com,firefighter
1066,Adak,Myanmar,Adak.Myanmar@gmail.com,undefined.undefined@gmail.com,worker
1067,Cologne,Armenia,Cologne.Armenia@gmail.com,undefined.undefined@gmail.com,developer
1068,Okinawa,Nigeria,Okinawa.Nigeria@gmail.com,undefined.undefined@gmail.com,worker
1069,Chaguanas,Antarctica,Chaguanas.Antarctica@gmail.com,undefined.undefined@gmail.com,worker
1070,Rochester,Senegal,Rochester.Senegal@gmail.com,undefined.undefined@gmail.com,worker
1071,Bridgetown,Grenada,Bridgetown.Grenada@gmail.com,undefined.undefined@gmail.com,doctor
1072,Cleveland,Seychelles,Cleveland.Seychelles@gmail.com,undefined.undefined@gmail.com,doctor
1073,Santo Domingo,Benin,Santo Domingo.Benin@gmail.com,undefined.undefined@gmail.com,doctor
1074,Barcelona,Myanmar,Barcelona.Myanmar@gmail.com,undefined.undefined@gmail.com,developer
1075,Nukulaelae,Wallis and Futuna,Nukulaelae.Wallis and Futuna@gmail.com,undefined.undefined@gmail.com,firefighter
1076,Banjul,Turks and Caicos Islands,Banjul.Turks and Caicos Islands@gmail.com,undefined.undefined@gmail.com,developer
1077,Tabriz,Honduras,Tabriz.Honduras@gmail.com,undefined.undefined@gmail.com,police officer
1078,Mérida,Bolivia,Mérida.Bolivia@gmail.com,undefined.undefined@gmail.com,developer
1079,Split (city),India,Split (city).India@gmail.com,undefined.undefined@gmail.com,worker
1080,Dallas,Congo,Dallas.Congo@gmail.com,undefined.undefined@gmail.com,developer
1081,Harare,Trinidad and Tobago,Harare.Trinidad and Tobago@gmail.com,undefined.undefined@gmail.com,worker
1082,Phuket (city),Cayman Islands,Phuket (city).Cayman Islands@gmail.com,undefined.undefined@gmail.com,police officer
1083,Saint-Denis,Malta,Saint-Denis.Malta@gmail.com,undefined.undefined@gmail.com,doctor
1084,Thiès,Brazil,Thiès.Brazil@gmail.com,undefined.undefined@gmail.com,police officer
1085,Tbilisi,Germany,Tbilisi.Germany@gmail.com,undefined.undefined@gmail.com,worker
1086,Gangtok,Italy,Gangtok.Italy@gmail.com,undefined.undefined@gmail.com,firefighter
1087,Johannesburg,Zimbabwe,Johannesburg.Zimbabwe@gmail.com,undefined.undefined@gmail.com,police officer
1088,Salzburg,Tajikistan,Salzburg.Tajikistan@gmail.com,undefined.undefined@gmail.com,worker
1089,Kuala Lumpur,Madagascar,Kuala Lumpur.Madagascar@gmail.com,undefined.undefined@gmail.com,doctor
1090,Auckland,Guatemala,Auckland.Guatemala@gmail.com,undefined.undefined@gmail.com,firefighter
1091,Sucre,Western Sahara,Sucre.Western Sahara@gmail.com,undefined.undefined@gmail.com,developer
1092,Guadalajara,El Salvador,Guadalajara.El Salvador@gmail.com,undefined.undefined@gmail.com,doctor
1093,Hanoi,Equatorial Guinea,Hanoi.Equatorial Guinea@gmail.com,undefined.undefined@gmail.com,police officer
1094,Asmara,"Virgin Islands, British","Asmara.Virgin Islands, British@gmail.com",undefined.undefined@gmail.com,police officer
1095,Ludhiana,Mayotte,Ludhiana.Mayotte@gmail.com,undefined.undefined@gmail.com,worker
1096,Malé,Wallis and Futuna,Malé.Wallis and Futuna@gmail.com,undefined.undefined@gmail.com,firefighter
1097,Athens,Grenada,Athens.Grenada@gmail.com,undefined.undefined@gmail.com,police officer
1098,Rome,Mayotte,Rome.Mayotte@gmail.com,undefined.undefined@gmail.com,police officer
1099,Iqaluit,South Georgia and the South Sandwich Islands,Iqaluit.South Georgia and the South Sandwich Islands@gmail.com,undefined.undefined@gmail.com,police officer