id,firstname,lastname,email,email2,profession
100,Phedra,Vins,Phedra.Vins@yopmail.com,Phedra.Vins@gmail.com,developer
101,Gratia,Chabot,Gratia.Chabot@yopmail.com,Gratia.Chabot@gmail.com,developer
102,Glynnis,Revkah,Glynnis.Revkah@yopmail.com,Glynnis.Revkah@gmail.com,firefighter
103,Carly,Dielu,Carly.Dielu@yopmail.com,Carly.Dielu@gmail.com,worker
104,Briney,Melan,Briney.Melan@yopmail.com,Briney.Melan@gmail.com,firefighter
105,Kathy,Stelle,Kathy.Stelle@yopmail.com,Kathy.Stelle@gmail.com,doctor
106,Agnese,Dowski,Agnese.Dowski@yopmail.com,Agnese.Dowski@gmail.com,worker
107,Winny,Smitt,Winny.Smitt@yopmail.com,Winny.Smitt@gmail.com,worker
108,Jessy,Joachim,Jessy.Joachim@yopmail.com,Jessy.Joachim@gmail.com,doctor
109,Nataline,Greenwald,Nataline.Greenwald@yopmail.com,Nataline.Greenwald@gmail.com,firefighter
110,Anestassia,Talia,Anestassia.Talia@yopmail.com,Anestassia.Talia@gmail.com,firefighter
111,Kylynn,Therine,Kylynn.Therine@yopmail.com,Kylynn.Therine@gmail.com,firefighter
112,Glenda,Thad,Glenda.Thad@yopmail.com,Glenda.Thad@gmail.com,police officer
113,Kristan,Henebry,Kristan.Henebry@yopmail.com,Kristan.Henebry@gmail.com,worker
114,Elena,Lemuela,Elena.Lemuela@yopmail.com,Elena.Lemuela@gmail.com,firefighter
115,Margarette,Dichy,Margarette.Dichy@yopmail.com,Margarette.Dichy@gmail.com,police officer
116,Olwen,Vins,Olwen.Vins@yopmail.com,Olwen.Vins@gmail.com,developer
117,Gabi,Bari,Gabi.Bari@yopmail.com,Gabi.Bari@gmail.com,worker
118,Romona,Aaberg,Romona.Aaberg@yopmail.com,Romona.Aaberg@gmail.com,developer
119,Hettie,Carbo,Hettie.Carbo@yopmail.com,Hettie.Carbo@gmail.com,police officer
120,Joleen,Deny,Joleen.Deny@yopmail.com,Joleen.Deny@gmail.com,firefighter
121,Elmira,Darian,Elmira.Darian@yopmail.com,Elmira.Darian@gmail.com,police officer
122,Chere,Nore,Chere.Nore@yopmail.com,Chere.Nore@gmail.com,firefighter
123,Jinny,Ferrell,Jinny.Ferrell@yopmail.com,Jinny.Ferrell@gmail.com,doctor
124,Elfreda,Andrel,Elfreda.Andrel@yopmail.com,Elfreda.Andrel@gmail.com,police officer
125,Rori,Daniele,Rori.Daniele@yopmail.com,Rori.Daniele@gmail.com,developer
126,Sandie,Rhu,Sandie.Rhu@yopmail.com,Sandie.Rhu@gmail.com,police officer
127,Celene,Francyne,Celene.Francyne@yopmail.com,Celene.Francyne@gmail.com,police officer
128,Rubie,Lymann,Rubie.Lymann@yopmail.com,Rubie.Lymann@gmail.com,police officer
129,Corly,Sisile,Corly.Sisile@yopmail.com,Corly.Sisile@gmail.com,doctor
130,Viki,Grosz,Viki.Grosz@yopmail.com,Viki.Grosz@gmail.com,firefighter
131,Dyann,Standing,Dyann.Standing@yopmail.com,Dyann.Standing@gmail.com,developer
132,Gerrie,Daegal,Gerrie.Daegal@yopmail.com,Gerrie.Daegal@gmail.com,developer
133,Rosanne,Deegan,Rosanne.Deegan@yopmail.com,Rosanne.Deegan@gmail.com,doctor
134,Ira,Mallon,Ira.Mallon@yopmail.com,Ira.Mallon@gmail.com,police officer
135,Nannie,Huggins,Nannie.Huggins@yopmail.com,Nannie.Huggins@gmail.com,police officer
136,Arlena,Eno,Arlena.Eno@yopmail.com,Arlena.Eno@gmail.com,police officer
137,Brandise,Millda,Brandise.Millda@yopmail.com,Brandise.Millda@gmail.com,firefighter
138,Philis,Kevon,Philis.Kevon@yopmail.com,Philis.Kevon@gmail.com,worker
139,Daune,Iiette,Daune.Iiette@yopmail.com,Daune.Iiette@gmail.com,police officer
140,Hope,Paine,Hope.Paine@yopmail.com,Hope.Paine@gmail.com,firefighter
141,Ursulina,Mott,Ursulina.Mott@yopmail.com,Ursulina.Mott@gmail.com,worker
142,Jsandye,Raama,Jsandye.Raama@yopmail.com,Jsandye.Raama@gmail.com,police officer
143,Layla,Melleta,Layla.Melleta@yopmail.com,Layla.Melleta@gmail.com,police officer
144,Tina,Dorine,Tina.Dorine@yopmail.com,Tina.Dorine@gmail.com,doctor
145,Beth,Erich,Beth.Erich@yopmail.com,Beth.Erich@gmail.com,developer
146,Marti,Rosalba,Marti.Rosalba@yopmail.com,Marti.Rosalba@gmail.com,developer
147,Atlanta,Halsey,Atlanta.Halsey@yopmail.com,Atlanta.Halsey@gmail.com,firefighter
148,Nariko,Adlare,Nariko.Adlare@yopmail.com,Nariko.Adlare@gmail.com,police officer
149,Brianna,Waite,Brianna.Waite@yopmail.com,Brianna.Waite@gmail.com,police officer
150,Mireielle,Joni,Mireielle.Joni@yopmail.com,Mireielle.Joni@gmail.com,police officer
151,Marleah,Georgy,Marleah.Georgy@yopmail.com,Marleah.Georgy@gmail.com,developer
152,Randa,Fleeta,Randa.Fleeta@yopmail.com,Randa.Fleeta@gmail.com,worker
153,Alameda,Roxanna,Alameda.Roxanna@yopmail.com,Alameda.Roxanna@gmail.com,developer
154,Arlena,Regan,Arlena.Regan@yopmail.com,Arlena.Regan@gmail.com,worker
155,Arabel,Salvidor,Arabel.Salvidor@yopmail.com,Arabel.Salvidor@gmail.com,worker
156,Linzy,Sibyls,Linzy.Sibyls@yopmail.com,Linzy.Sibyls@gmail.com,developer
157,Babita,Reneta,Babita.Reneta@yopmail.com,Babita.Reneta@gmail.com,police officer
158,Edee,Faso,Edee.Faso@yopmail.com,Edee.Faso@gmail.com,firefighter
159,Brietta,Cath,Brietta.Cath@yopmail.com,Brietta.Cath@gmail.com,firefighter
160,Jean,Belldas,Jean.Belldas@yopmail.com,Jean.Belldas@gmail.com,police officer
161,Delilah,Ader,Delilah.Ader@yopmail.com,Delilah.Ader@gmail.com,worker
162,Magdalena,Lesley,Magdalena.Lesley@yopmail.com,Magdalena.Lesley@gmail.com,firefighter
163,Maisey,Louanna,Maisey.Louanna@yopmail.com,Maisey.Louanna@gmail.com,doctor
164,Aurore,Woodberry,Aurore.Woodberry@yopmail.com,Aurore.Woodberry@gmail.com,doctor
165,Ida,Bendick,Ida.Bendick@yopmail.com,Ida.Bendick@gmail.com,police officer
166,Janenna,Prouty,Janenna.Prouty@yopmail.com,Janenna.Prouty@gmail.com,doctor
167,Celene,Gale,Celene.Gale@yopmail.com,Celene.Gale@gmail.com,police officer
168,Mary,Lesley,Mary.Lesley@yopmail.com,Mary.Lesley@gmail.com,firefighter
169,Bettine,Gert,Bettine.Gert@yopmail.com,Bettine.Gert@gmail.com,firefighter
170,Lory,Wooster,Lory.Wooster@yopmail.com,Lory.Wooster@gmail.com,developer
171,Rori,Oneida,Rori.Oneida@yopmail.com,Rori.Oneida@gmail.com,worker
172,Oralee,Earlie,Oralee.Earlie@yopmail.com,Oralee.Earlie@gmail.com,doctor
173,Desirae,Septima,Desirae.Septima@yopmail.com,Desirae.Septima@gmail.com,firefighter
174,Roberta,Rosalba,Roberta.Rosalba@yopmail.com,Roberta.Rosalba@gmail.com,firefighter
175,Jackie,Persse,Jackie.Persse@yopmail.com,Jackie.Persse@gmail.com,police officer
176,Nataline,Adalbert,Nataline.Adalbert@yopmail.com,Nataline.Adalbert@gmail.com,police officer
177,Blinni,Ralfston,Blinni.Ralfston@yopmail.com,Blinni.Ralfston@gmail.com,developer
178,Starla,Gower,Starla.Gower@yopmail.com,Starla.Gower@gmail.com,worker
179,Liana,Alabaster,Liana.Alabaster@yopmail.com,Liana.Alabaster@gmail.com,doctor
180,Gaylene,Camden,Gaylene.Camden@yopmail.com,Gaylene.Camden@gmail.com,firefighter
181,Angelique,Garek,Angelique.Garek@yopmail.com,Angelique.Garek@gmail.com,police officer
182,Kittie,Anis,Kittie.Anis@yopmail.com,Kittie.Anis@gmail.com,firefighter
183,Britni,Colp,Britni.Colp@yopmail.com,Britni.Colp@gmail.com,police officer
184,Dania,Birdella,Dania.Birdella@yopmail.com,Dania.Birdella@gmail.com,doctor
185,Babita,Hanleigh,Babita.Hanleigh@yopmail.com,Babita.Hanleigh@gmail.com,worker
186,Madelle,Argus,Madelle.Argus@yopmail.com,Madelle.Argus@gmail.com,police officer
187,Magdalena,Briney,Magdalena.Briney@yopmail.com,Magdalena.Briney@gmail.com,developer
188,Vinita,Bartlett,Vinita.Bartlett@yopmail.com,Vinita.Bartlett@gmail.com,police officer
189,Christian,Vale,Christian.Vale@yopmail.com,Christian.Vale@gmail.com,doctor
190,Ardys,Dash,Ardys.Dash@yopmail.com,Ardys.Dash@gmail.com,police officer
191,Maurene,Marcellus,Maurene.Marcellus@yopmail.com,Maurene.Marcellus@gmail.com,developer
192,Mellicent,Hermes,Mellicent.Hermes@yopmail.com,Mellicent.Hermes@gmail.com,firefighter
193,Elise,Plato,Elise.Plato@yopmail.com,Elise.Plato@gmail.com,developer
194,Candy,Pauly,Candy.Pauly@yopmail.com,Candy.Pauly@gmail.com,police officer
195,Annabela,Saunderson,Annabela.Saunderson@yopmail.com,Annabela.Saunderson@gmail.com,worker
196,Amelia,Kristi,Amelia.Kristi@yopmail.com,Amelia.Kristi@gmail.com,doctor
197,Elise,Colyer,Elise.Colyer@yopmail.com,Elise.Colyer@gmail.com,doctor
198,Orelia,Gaulin,Orelia.Gaulin@yopmail.com,Orelia.Gaulin@gmail.com,police officer
199,Alexine,Auberbach,Alexine.Auberbach@yopmail.com,Alexine.Auberbach@gmail.com,developer
200,Frieda,Argus,Frieda.Argus@yopmail.com,Frieda.Argus@gmail.com,doctor
201,Carilyn,Sheedy,Carilyn.Sheedy@yopmail.com,Carilyn.Sheedy@gmail.com,worker
202,Loree,Shaddock,Loree.Shaddock@yopmail.com,Loree.Shaddock@gmail.com,doctor
203,Rosene,Konyn,Rosene.Konyn@yopmail.com,Rosene.Konyn@gmail.com,doctor
204,Beth,Cohdwell,Beth.Cohdwell@yopmail.com,Beth.Cohdwell@gmail.com,firefighter
205,Dorothy,Lilas,Dorothy.Lilas@yopmail.com,Dorothy.Lilas@gmail.com,doctor
206,Henriette,Hillel,Henriette.Hillel@yopmail.com,Henriette.Hillel@gmail.com,worker
207,Roslyn,Thema,Roslyn.Thema@yopmail.com,Roslyn.Thema@gmail.com,doctor
208,Marcelline,Natalia,Marcelline.Natalia@yopmail.com,Marcelline.Natalia@gmail.com,firefighter
209,Jessy,Rozanna,Jessy.Rozanna@yopmail.com,Jessy.Rozanna@gmail.com,firefighter
210,Gabriellia,Lattie,Gabriellia.Lattie@yopmail.com,Gabriellia.Lattie@gmail.com,developer
211,Kamilah,Bury,Kamilah.Bury@yopmail.com,Kamilah.Bury@gmail.com,developer
212,Reeba,Emmy,Reeba.Emmy@yopmail.com,Reeba.Emmy@gmail.com,developer
213,Anica,Schenck,Anica.Schenck@yopmail.com,Anica.Schenck@gmail.com,doctor
214,Chrystel,Poll,Chrystel.Poll@yopmail.com,Chrystel.Poll@gmail.com,developer
215,Amalie,Stefa,Amalie.Stefa@yopmail.com,Amalie.Stefa@gmail.com,worker
216,Ericka,Andrel,Ericka.Andrel@yopmail.com,Ericka.Andrel@gmail.com,firefighter
217,Lenna,Phyllis,Lenna.Phyllis@yopmail.com,Lenna.Phyllis@gmail.com,police officer
218,Monika,Malvino,Monika.Malvino@yopmail.com,Monika.Malvino@gmail.com,police officer
219,Lory,Durante,Lory.Durante@yopmail.com,Lory.Durante@gmail.com,firefighter
220,Olwen,Cordi,Olwen.Cordi@yopmail.com,Olwen.Cordi@gmail.com,doctor
221,Clary,Pyle,Clary.Pyle@yopmail.com,Clary.Pyle@gmail.com,police officer
222,Annora,Havens,Annora.Havens@yopmail.com,Annora.Havens@gmail.com,firefighter
223,Aigneis,Bennie,Aigneis.Bennie@yopmail.com,Aigneis.Bennie@gmail.com,police officer
224,Kary,Leonard,Kary.Leonard@yopmail.com,Kary.Leonard@gmail.com,firefighter
225,Selia,Marden,Selia.Marden@yopmail.com,Selia.Marden@gmail.com,doctor
226,Lesly,Amadas,Lesly.Amadas@yopmail.com,Lesly.Amadas@gmail.com,doctor
227,Minda,Grimbly,Minda.Grimbly@yopmail.com,Minda.Grimbly@gmail.com,developer
228,Misha,Martguerita,Misha.Martguerita@yopmail.com,Misha.Martguerita@gmail.com,worker
229,Cam,Nahum,Cam.Nahum@yopmail.com,Cam.Nahum@gmail.com,police officer
230,Ada,Diann,Ada.Diann@yopmail.com,Ada.Diann@gmail.com,firefighter
231,Diena,Wilkinson,Diena.Wilkinson@yopmail.com,Diena.Wilkinson@gmail.com,developer
232,Ann-Marie,Kiyoshi,Ann-Marie.Kiyoshi@yopmail.com,Ann-Marie.Kiyoshi@gmail.com,firefighter
233,Tierney,Santoro,Tierney.Santoro@yopmail.com,Tierney.Santoro@gmail.com,police officer
234,Wileen,Aprile,Wileen.Aprile@yopmail.com,Wileen.Aprile@gmail.com,police officer
235,Angela,Cosenza,Angela.Cosenza@yopmail.com,Angela.Cosenza@gmail.com,worker
236,Winifred,McCutcheon,Winifred.McCutcheon@yopmail.com,Winifred.McCutcheon@gmail.com,firefighter
237,Darci,Waldron,Darci.Waldron@yopmail.com,Darci.Waldron@gmail.com,worker
238,Maurene,Minetta,Maurene.Minetta@yopmail.com,Maurene.Minetta@gmail.com,developer
239,Mildrid,Matthew,Mildrid.Matthew@yopmail.com,Mildrid.Matthew@gmail.com,doctor
240,Raf,Barney,Raf.Barney@yopmail.com,Raf.Barney@gmail.com,police officer
241,Ebonee,Hunfredo,Ebonee.Hunfredo@yopmail.com,Ebonee.Hunfredo@gmail.com,firefighter
242,Siana,Bendick,Siana.Bendick@yopmail.com,Siana.Bendick@gmail.com,developer
243,Robinia,Euridice,Robinia.Euridice@yopmail.com,Robinia.Euridice@gmail.com,worker
244,Kirstin,Weitman,Kirstin.Weitman@yopmail.com,Kirstin.Weitman@gmail.com,doctor
245,Lorie,Franza,Lorie.Franza@yopmail.com,Lorie.Franza@gmail.com,police officer
246,Aurelie,Bury,Aurelie.Bury@yopmail.com,Aurelie.Bury@gmail.com,police officer
247,Lila,Tremayne,Lila.Tremayne@yopmail.com,Lila.Tremayne@gmail.com,police officer
248,Alisha,Duwalt,Alisha.Duwalt@yopmail.com,Alisha.Duwalt@gmail.com,worker
249,Shannah,Edmund,Shannah.Edmund@yopmail.com,Shannah.Edmund@gmail.com,worker
250,Camile,Rugen,Camile.Rugen@yopmail.com,Camile.Rugen@gmail.com,police officer
251,Nanete,Dorothy,Nanete.Dorothy@yopmail.com,Nanete.Dorothy@gmail.com,firefighter
252,Ardenia,Selway,Ardenia.Selway@yopmail.com,Ardenia.Selway@gmail.com,worker
253,Tomasina,Even,Tomasina.Even@yopmail.com,Tomasina.Even@gmail.com,doctor
254,Aurore,Standing,Aurore.Standing@yopmail.com,Aurore.Standing@gmail.com,police officer
255,Merle,Chabot,Merle.Chabot@yopmail.com,Merle.Chabot@gmail.com,worker
256,Cam,Toffic,Cam.Toffic@yopmail.com,Cam.Toffic@gmail.com,developer
257,Zia,Posner,Zia.Posner@yopmail.com,Zia.Posner@gmail.com,firefighter
258,Briney,Euridice,Briney.Euridice@yopmail.com,Briney.Euridice@gmail.com,police officer
259,Valera,Orpah,Valera.Orpah@yopmail.com,Valera.Orpah@gmail.com,firefighter
260,Abbie,Suzetta,Abbie.Suzetta@yopmail.com,Abbie.Suzetta@gmail.com,developer
261,Tami,O'Carroll,Tami.O'Carroll@yopmail.com,Tami.O'Carroll@gmail.com,worker
262,Jacquetta,Greenwald,Jacquetta.Greenwald@yopmail.com,Jacquetta.Greenwald@gmail.com,doctor
263,Jemie,Friede,Jemie.Friede@yopmail.com,Jemie.Friede@gmail.com,doctor
264,Emmey,Ball,Emmey.Ball@yopmail.com,Emmey.Ball@gmail.com,developer
265,Merrie,Thema,Merrie.Thema@yopmail.com,Merrie.Thema@gmail.com,developer
266,Alex,Whiffen,Alex.Whiffen@yopmail.com,Alex.Whiffen@gmail.com,firefighter
267,Cacilie,Old,Cacilie.Old@yopmail.com,Cacilie.Old@gmail.com,police officer
268,Tera,Robertson,Tera.Robertson@yopmail.com,Tera.Robertson@gmail.com,doctor
269,Anallese,Kirstin,Anallese.Kirstin@yopmail.com,Anallese.Kirstin@gmail.com,firefighter
270,Hettie,Denis,Hettie.Denis@yopmail.com,Hettie.Denis@gmail.com,worker
271,Darci,Elbertina,Darci.Elbertina@yopmail.com,Darci.Elbertina@gmail.com,firefighter
272,Cacilie,Clywd,Cacilie.Clywd@yopmail.com,Cacilie.Clywd@gmail.com,police officer
273,Aurore,Amand,Aurore.Amand@yopmail.com,Aurore.Amand@gmail.com,police officer
274,Courtnay,Ochs,Courtnay.Ochs@yopmail.com,Courtnay.Ochs@gmail.com,police officer
275,Zia,Fosque,Zia.Fosque@yopmail.com,Zia.Fosque@gmail.com,doctor
276,Hannis,Wittie,Hannis.Wittie@yopmail.com,Hannis.Wittie@gmail.com,firefighter
277,Dorthy,Henebry,Dorthy.Henebry@yopmail.com,Dorthy.Henebry@gmail.com,doctor
278,Alisha,Joli,Alisha.Joli@yopmail.com,Alisha.Joli@gmail.com,police officer
279,Reeba,Wildermuth,Reeba.Wildermuth@yopmail.com,Reeba.Wildermuth@gmail.com,developer
280,Karina,Gwenore,Karina.Gwenore@yopmail.com,Karina.Gwenore@gmail.com,developer
281,Jean,Leonard,Jean.Leonard@yopmail.com,Jean.Leonard@gmail.com,doctor
282,Raf,Karl,Raf.Karl@yopmail.com,Raf.Karl@gmail.com,firefighter
283,Dorthy,Fontana,Dorthy.Fontana@yopmail.com,Dorthy.Fontana@gmail.com,firefighter
284,Barbara,Berne,Barbara.Berne@yopmail.com,Barbara.Berne@gmail.com,doctor
285,Tani,Sundin,Tani.Sundin@yopmail.com,Tani.Sundin@gmail.com,doctor
286,Marnia,Hortensia,Marnia.Hortensia@yopmail.com,Marnia.Hortensia@gmail.com,firefighter
287,Doro,Telfer,Doro.Telfer@yopmail.com,Doro.Telfer@gmail.com,developer
288,Leona,Harned,Leona.Harned@yopmail.com,Leona.Harned@gmail.com,worker
289,Ronna,Lay,Ronna.Lay@yopmail.com,Ronna.Lay@gmail.com,developer
290,Sonni,Ummersen,Sonni.Ummersen@yopmail.com,Sonni.Ummersen@gmail.com,police officer
291,Gilligan,Trace,Gilligan.Trace@yopmail.com,Gilligan.Trace@gmail.com,doctor
292,Angelique,Lytton,Angelique.Lytton@yopmail.com,Angelique.Lytton@gmail.com,firefighter
293,Katleen,Tillford,Katleen.Tillford@yopmail.com,Katleen.Tillford@gmail.com,doctor
294,Susette,Meli,Susette.Meli@yopmail.com,Susette.Meli@gmail.com,worker
295,Veda,Wilkinson,Veda.Wilkinson@yopmail.com,Veda.Wilkinson@gmail.com,worker
296,Emilia,Stoller,Emilia.Stoller@yopmail.com,Emilia.Stoller@gmail.com,worker
297,Delilah,Westphal,Delilah.Westphal@yopmail.com,Delilah.Westphal@gmail.com,doctor
298,Annora,Ciapas,Annora.Ciapas@yopmail.com,Annora.Ciapas@gmail.com,doctor
299,Lauryn,Wattenberg,Lauryn.Wattenberg@yopmail.com,Lauryn.Wattenberg@gmail.com,police officer
300,Dale,Fosque,Dale.Fosque@yopmail.com,Dale.Fosque@gmail.com,developer
301,Hannis,Loeb,Hannis.Loeb@yopmail.com,Hannis.Loeb@gmail.com,police officer
302,Caritta,Bonilla,Caritta.Bonilla@yopmail.com,Caritta.Bonilla@gmail.com,developer
303,Dennie,Wilkinson,Dennie.Wilkinson@yopmail.com,Dennie.Wilkinson@gmail.com,developer
304,Kerrin,Kannry,Kerrin.Kannry@yopmail.com,Kerrin.Kannry@gmail.com,developer
305,Tilly,Stelle,Tilly.Stelle@yopmail.com,Tilly.Stelle@gmail.com,firefighter
306,Hallie,Haerr,Hallie.Haerr@yopmail.com,Hallie.Haerr@gmail.com,developer
307,Tami,Cosenza,Tami.Cosenza@yopmail.com,Tami.Cosenza@gmail.com,police officer
308,Andeee,Thomasina,Andeee.Thomasina@yopmail.com,Andeee.Thomasina@gmail.com,doctor
309,Lilith,Greyson,Lilith.Greyson@yopmail.com,Lilith.Greyson@gmail.com,doctor
310,Dennie,Infield,Dennie.Infield@yopmail.com,Dennie.Infield@gmail.com,firefighter
311,Teddie,Borrell,Teddie.Borrell@yopmail.com,Teddie.Borrell@gmail.com,worker
312,Roxane,Adrienne,Roxane.Adrienne@yopmail.com,Roxane.Adrienne@gmail.com,firefighter
313,Vivia,Willie,Vivia.Willie@yopmail.com,Vivia.Willie@gmail.com,firefighter
314,Cherilyn,Cynar,Cherilyn.Cynar@yopmail.com,Cherilyn.Cynar@gmail.com,firefighter
315,Micheline,Melleta,Micheline.Melleta@yopmail.com,Micheline.Melleta@gmail.com,firefighter
316,Gaylene,Edmund,Gaylene.Edmund@yopmail.com,Gaylene.Edmund@gmail.com,worker
317,Fayre,Emanuel,Fayre.Emanuel@yopmail.com,Fayre.Emanuel@gmail.com,firefighter
318,Lulita,Mendez,Lulita.Mendez@yopmail.com,Lulita.Mendez@gmail.com,firefighter
319,Antonietta,Stanwood,Antonietta.Stanwood@yopmail.com,Antonietta.Stanwood@gmail.com,developer
320,Courtnay,Madelene,Courtnay.Madelene@yopmail.com,Courtnay.Madelene@gmail.com,firefighter
321,Vonny,Docilla,Vonny.Docilla@yopmail.com,Vonny.Docilla@gmail.com,worker
322,Claresta,Peonir,Claresta.Peonir@yopmail.com,Claresta.Peonir@gmail.com,developer
323,Jacquetta,Talia,Jacquetta.Talia@yopmail.com,Jacquetta.Talia@gmail.com,police officer
324,Valera,Stover,Valera.Stover@yopmail.com,Valera.Stover@gmail.com,doctor
325,Marita,Candy,Marita.Candy@yopmail.com,Marita.Candy@gmail.com,firefighter
326,Petronia,Rheingold,Petronia.Rheingold@yopmail.com,Petronia.Rheingold@gmail.com,developer
327,Gerianna,Ledah,Gerianna.Ledah@yopmail.com,Gerianna.Ledah@gmail.com,doctor
328,Daphne,Malanie,Daphne.Malanie@yopmail.com,Daphne.Malanie@gmail.com,police officer
329,Olwen,Fitzsimmons,Olwen.Fitzsimmons@yopmail.com,Olwen.Fitzsimmons@gmail.com,police officer
330,Annaliese,Karl,Annaliese.Karl@yopmail.com,Annaliese.Karl@gmail.com,firefighter
331,Vonny,Fabiola,Vonny.Fabiola@yopmail.com,Vonny.Fabiola@gmail.com,doctor
332,Sindee,Leonard,Sindee.Leonard@yopmail.com,Sindee.Leonard@gmail.com,firefighter
333,Bill,Demitria,Bill.Demitria@yopmail.com,Bill.Demitria@gmail.com,doctor
334,Daryl,Suzetta,Daryl.Suzetta@yopmail.com,Daryl.Suzetta@gmail.com,worker
335,Concettina,Sallyann,Concettina.Sallyann@yopmail.com,Concettina.Sallyann@gmail.com,police officer
336,Rani,Sheng,Rani.Sheng@yopmail.com,Rani.Sheng@gmail.com,doctor
337,Alejandra,August,Alejandra.August@yopmail.com,Alejandra.August@gmail.com,worker
338,Edyth,Rese,Edyth.Rese@yopmail.com,Edyth.Rese@gmail.com,worker
339,Larine,Jaylene,Larine.Jaylene@yopmail.com,Larine.Jaylene@gmail.com,police officer
340,Ronna,Stuart,Ronna.Stuart@yopmail.com,Ronna.Stuart@gmail.com,doctor
341,Dede,Behre,Dede.Behre@yopmail.com,Dede.Behre@gmail.com,developer
342,Dulcinea,Edee,Dulcinea.Edee@yopmail.com,Dulcinea.Edee@gmail.com,doctor
343,Marsiella,Chinua,Marsiella.Chinua@yopmail.com,Marsiella.Chinua@gmail.com,worker
344,Sindee,Weide,Sindee.Weide@yopmail.com,Sindee.Weide@gmail.com,doctor
345,Randa,Destinee,Randa.Destinee@yopmail.com,Randa.Destinee@gmail.com,doctor
346,Ulrike,Anyah,Ulrike.Anyah@yopmail.com,Ulrike.Anyah@gmail.com,developer
347,Feliza,Freddi,Feliza.Freddi@yopmail.com,Feliza.Freddi@gmail.com,police officer
348,Brianna,Shirberg,Brianna.Shirberg@yopmail.com,Brianna.Shirberg@gmail.com,developer
349,Annora,Paine,Annora.Paine@yopmail.com,Annora.Paine@gmail.com,worker
350,Lucille,Carlson,Lucille.Carlson@yopmail.com,Lucille.Carlson@gmail.com,worker
351,Hettie,Levey,Hettie.Levey@yopmail.com,Hettie.Levey@gmail.com,firefighter
352,Candi,Pernick,Candi.Pernick@yopmail.com,Candi.Pernick@gmail.com,firefighter
353,Bertine,Carbo,Bertine.Carbo@yopmail.com,Bertine.Carbo@gmail.com,police officer
354,Augustine,Scammon,Augustine.Scammon@yopmail.com,Augustine.Scammon@gmail.com,police officer
355,Gilligan,Gert,Gilligan.Gert@yopmail.com,Gilligan.Gert@gmail.com,doctor
356,Joane,Pillsbury,Joane.Pillsbury@yopmail.com,Joane.Pillsbury@gmail.com,firefighter
357,Sabina,Kristi,Sabina.Kristi@yopmail.com,Sabina.Kristi@gmail.com,worker
358,Tani,Monaco,Tani.Monaco@yopmail.com,Tani.Monaco@gmail.com,firefighter
359,Misha,Liebermann,Misha.Liebermann@yopmail.com,Misha.Liebermann@gmail.com,police officer
360,Lilith,Fairweather,Lilith.Fairweather@yopmail.com,Lilith.Fairweather@gmail.com,doctor
361,Mariele,Christal,Mariele.Christal@yopmail.com,Mariele.Christal@gmail.com,doctor
362,Mureil,Hunfredo,Mureil.Hunfredo@yopmail.com,Mureil.Hunfredo@gmail.com,worker
363,Letizia,Francene,Letizia.Francene@yopmail.com,Letizia.Francene@gmail.com,doctor
364,Damaris,Ogren,Damaris.Ogren@yopmail.com,Damaris.Ogren@gmail.com,doctor
365,Mahalia,Gladstone,Mahalia.Gladstone@yopmail.com,Mahalia.Gladstone@gmail.com,police officer
366,Thalia,Leifeste,Thalia.Leifeste@yopmail.com,Thalia.Leifeste@gmail.com,doctor
367,Christy,Justinn,Christy.Justinn@yopmail.com,Christy.Justinn@gmail.com,worker
368,Fanny,Read,Fanny.Read@yopmail.com,Fanny.Read@gmail.com,doctor
369,Fredericka,Barrus,Fredericka.Barrus@yopmail.com,Fredericka.Barrus@gmail.com,worker
370,Allis,Lanita,Allis.Lanita@yopmail.com,Allis.Lanita@gmail.com,worker
371,Coral,Daniele,Coral.Daniele@yopmail.com,Coral.Daniele@gmail.com,doctor
372,Evita,Camden,Evita.Camden@yopmail.com,Evita.Camden@gmail.com,firefighter
373,Hollie,Friede,Hollie.Friede@yopmail.com,Hollie.Friede@gmail.com,police officer
374,Farrah,Artie,Farrah.Artie@yopmail.com,Farrah.Artie@gmail.com,firefighter
375,Fanchon,Jehu,Fanchon.Jehu@yopmail.com,Fanchon.Jehu@gmail.com,firefighter
376,Maryellen,Sparhawk,Maryellen.Sparhawk@yopmail.com,Maryellen.Sparhawk@gmail.com,worker
377,Stacey,Drus,Stacey.Drus@yopmail.com,Stacey.Drus@gmail.com,police officer
378,Lonnie,Buttaro,Lonnie.Buttaro@yopmail.com,Lonnie.Buttaro@gmail.com,developer
379,Maurene,Silvan,Maurene.Silvan@yopmail.com,Maurene.Silvan@gmail.com,worker
380,Leanna,Nelsen,Leanna.Nelsen@yopmail.com,Leanna.Nelsen@gmail.com,developer
381,Wanda,Iaverne,Wanda.Iaverne@yopmail.com,Wanda.Iaverne@gmail.com,firefighter
382,Edee,Charmine,Edee.Charmine@yopmail.com,Edee.Charmine@gmail.com,developer
383,Joane,Sophronia,Joane.Sophronia@yopmail.com,Joane.Sophronia@gmail.com,firefighter
384,Feliza,Nikaniki,Feliza.Nikaniki@yopmail.com,Feliza.Nikaniki@gmail.com,firefighter
385,Oona,Sandye,Oona.Sandye@yopmail.com,Oona.Sandye@gmail.com,worker
386,Sharlene,Matthew,Sharlene.Matthew@yopmail.com,Sharlene.Matthew@gmail.com,doctor
387,Lisette,Lanita,Lisette.Lanita@yopmail.com,Lisette.Lanita@gmail.com,firefighter
388,Letizia,Pozzy,Letizia.Pozzy@yopmail.com,Letizia.Pozzy@gmail.com,firefighter
389,Elyssa,Podvin,Elyssa.Podvin@yopmail.com,Elyssa.Podvin@gmail.com,doctor
390,Annabela,Ax,Annabela.Ax@yopmail.com,Annabela.Ax@gmail.com,police officer
391,Ivett,Whiffen,Ivett.Whiffen@yopmail.com,Ivett.Whiffen@gmail.com,doctor
392,Tami,Strephon,Tami.Strephon@yopmail.com,Tami.Strephon@gmail.com,police officer
393,Lorne,Socha,Lorne.Socha@yopmail.com,Lorne.Socha@gmail.com,worker
394,Stephanie,Skurnik,Stephanie.Skurnik@yopmail.com,Stephanie.Skurnik@gmail.com,worker
395,Fanny,Woodberry,Fanny.Woodberry@yopmail.com,Fanny.Woodberry@gmail.com,doctor
396,Alyssa,Lory,Alyssa.Lory@yopmail.com,Alyssa.Lory@gmail.com,doctor
397,Judy,Amadas,Judy.Amadas@yopmail.com,Judy.Amadas@gmail.com,developer
398,Edyth,Janene,Edyth.Janene@yopmail.com,Edyth.Janene@gmail.com,doctor
399,Basia,Vernier,Basia.Vernier@yopmail.com,Basia.Vernier@gmail.com,developer
400,Gloria,Azeria,Gloria.Azeria@yopmail.com,Gloria.Azeria@gmail.com,doctor
401,Rani,Bonucci,Rani.Bonucci@yopmail.com,Rani.Bonucci@gmail.com,doctor
402,Hildegaard,Roche,Hildegaard.Roche@yopmail.com,Hildegaard.Roche@gmail.com,police officer
403,Goldie,Regan,Goldie.Regan@yopmail.com,Goldie.Regan@gmail.com,firefighter
404,Gilligan,Sacken,Gilligan.Sacken@yopmail.com,Gilligan.Sacken@gmail.com,doctor
405,Estell,Atonsah,Estell.Atonsah@yopmail.com,Estell.Atonsah@gmail.com,worker
406,Celene,Pandolfi,Celene.Pandolfi@yopmail.com,Celene.Pandolfi@gmail.com,worker
407,Marjie,Gordon,Marjie.Gordon@yopmail.com,Marjie.Gordon@gmail.com,worker
408,Leia,Seligman,Leia.Seligman@yopmail.com,Leia.Seligman@gmail.com,police officer
409,Silvana,Devlen,Silvana.Devlen@yopmail.com,Silvana.Devlen@gmail.com,developer
410,Brooks,Alisia,Brooks.Alisia@yopmail.com,Brooks.Alisia@gmail.com,developer
411,Cathie,Aurelio,Cathie.Aurelio@yopmail.com,Cathie.Aurelio@gmail.com,firefighter
412,Tomasina,Chick,Tomasina.Chick@yopmail.com,Tomasina.Chick@gmail.com,doctor
413,Hermione,Lemuela,Hermione.Lemuela@yopmail.com,Hermione.Lemuela@gmail.com,worker
414,Kaia,Tarrant,Kaia.Tarrant@yopmail.com,Kaia.Tarrant@gmail.com,doctor
415,Gaylene,Dawkins,Gaylene.Dawkins@yopmail.com,Gaylene.Dawkins@gmail.com,doctor
416,Gianina,Firmin,Gianina.Firmin@yopmail.com,Gianina.Firmin@gmail.com,developer
417,Bill,Magdalen,Bill.Magdalen@yopmail.com,Bill.Magdalen@gmail.com,developer
418,Lory,Roumell,Lory.Roumell@yopmail.com,Lory.Roumell@gmail.com,developer
419,Tani,Ortrude,Tani.Ortrude@yopmail.com,Tani.Ortrude@gmail.com,worker
420,Ernesta,Trey,Ernesta.Trey@yopmail.com,Ernesta.Trey@gmail.com,developer
421,Lolita,Nance,Lolita.Nance@yopmail.com,Lolita.Nance@gmail.com,worker
422,Myrtice,Ailyn,Myrtice.Ailyn@yopmail.com,Myrtice.Ailyn@gmail.com,doctor
423,Violet,Ruvolo,Violet.Ruvolo@yopmail.com,Violet.Ruvolo@gmail.com,worker
424,Mariann,Burnside,Mariann.Burnside@yopmail.com,Mariann.Burnside@gmail.com,developer
425,Benita,Parette,Benita.Parette@yopmail.com,Benita.Parette@gmail.com,doctor
426,Donetta,Sperling,Donetta.Sperling@yopmail.com,Donetta.Sperling@gmail.com,firefighter
427,Harmonia,Klemperer,Harmonia.Klemperer@yopmail.com,Harmonia.Klemperer@gmail.com,firefighter
428,Cyb,Raimondo,Cyb.Raimondo@yopmail.com,Cyb.Raimondo@gmail.com,developer
429,Meg,Estella,Meg.Estella@yopmail.com,Meg.Estella@gmail.com,firefighter
430,Amara,Voletta,Amara.Voletta@yopmail.com,Amara.Voletta@gmail.com,worker
431,Gabi,Greyson,Gabi.Greyson@yopmail.com,Gabi.Greyson@gmail.com,firefighter
432,Georgetta,Andrel,Georgetta.Andrel@yopmail.com,Georgetta.Andrel@gmail.com,developer
433,Roxane,Loleta,Roxane.Loleta@yopmail.com,Roxane.Loleta@gmail.com,police officer
434,Shaylyn,Eliathas,Shaylyn.Eliathas@yopmail.com,Shaylyn.Eliathas@gmail.com,worker
435,Arlena,Mozelle,Arlena.Mozelle@yopmail.com,Arlena.Mozelle@gmail.com,developer
436,Ernesta,Wilona,Ernesta.Wilona@yopmail.com,Ernesta.Wilona@gmail.com,doctor
437,Ardys,Philoo,Ardys.Philoo@yopmail.com,Ardys.Philoo@gmail.com,doctor
438,Dulce,Franza,Dulce.Franza@yopmail.com,Dulce.Franza@gmail.com,developer
439,Felice,Dermott,Felice.Dermott@yopmail.com,Felice.Dermott@gmail.com,police officer
440,Teriann,Fairweather,Teriann.Fairweather@yopmail.com,Teriann.Fairweather@gmail.com,developer
441,Sybille,Wareing,Sybille.Wareing@yopmail.com,Sybille.Wareing@gmail.com,doctor
442,Charlena,Ahab,Charlena.Ahab@yopmail.com,Charlena.Ahab@gmail.com,developer
443,Roberta,Sophronia,Roberta.Sophronia@yopmail.com,Roberta.Sophronia@gmail.com,developer
444,Carolina,Fosque,Carolina.Fosque@yopmail.com,Carolina.Fosque@gmail.com,police officer
445,Ursulina,Rogerio,Ursulina.Rogerio@yopmail.com,Ursulina.Rogerio@gmail.com,police officer
446,Corina,Ade,Corina.Ade@yopmail.com,Corina.Ade@gmail.com,worker
447,Shaine,Swanhildas,Shaine.Swanhildas@yopmail.com,Shaine.Swanhildas@gmail.com,worker
448,June,Brodench,June.Brodench@yopmail.com,June.Brodench@gmail.com,worker
449,Ann-Marie,Wittie,Ann-Marie.Wittie@yopmail.com,Ann-Marie.Wittie@gmail.com,worker
450,Josephine,Screens,Josephine.Screens@yopmail.com,Josephine.Screens@gmail.com,developer
451,Gloria,Chrystel,Gloria.Chrystel@yopmail.com,Gloria.Chrystel@gmail.com,developer
452,Clary,Aurelio,Clary.Aurelio@yopmail.com,Clary.Aurelio@gmail.com,worker
453,Jenda,Ailyn,Jenda.Ailyn@yopmail.com,Jenda.Ailyn@gmail.com,doctor
454,Gabi,Glovsky,Gabi.Glovsky@yopmail.com,Gabi.Glovsky@gmail.com,worker
455,Rori,Daniele,Rori.Daniele@yopmail.com,Rori.Daniele@gmail.com,firefighter
456,Isa,Bendick,Isa.Bendick@yopmail.com,Isa.Bendick@gmail.com,doctor
457,Elsie,Aida,Elsie.Aida@yopmail.com,Elsie.Aida@gmail.com,doctor
458,Tomasina,Erich,Tomasina.Erich@yopmail.com,Tomasina.Erich@gmail.com,police officer
459,Allis,Kendrick,Allis.Kendrick@yopmail.com,Allis.Kendrick@gmail.com,firefighter
460,Sophia,Adamsen,Sophia.Adamsen@yopmail.com,Sophia.Adamsen@gmail.com,police officer
461,June,Goldina,June.Goldina@yopmail.com,June.Goldina@gmail.com,doctor
462,Aimil,Curren,Aimil.Curren@yopmail.com,Aimil.Curren@gmail.com,police officer
463,Joane,Toni,Joane.Toni@yopmail.com,Joane.Toni@gmail.com,police officer
464,Cherilyn,Noam,Cherilyn.Noam@yopmail.com,Cherilyn.Noam@gmail.com,developer
465,Darci,Trinetta,Darci.Trinetta@yopmail.com,Darci.Trinetta@gmail.com,worker
466,Sadie,Kellby,Sadie.Kellby@yopmail.com,Sadie.Kellby@gmail.com,police officer
467,Hettie,Malina,Hettie.Malina@yopmail.com,Hettie.Malina@gmail.com,doctor
468,Chrystel,Terencio,Chrystel.Terencio@yopmail.com,Chrystel.Terencio@gmail.com,worker
469,Caryl,Willie,Caryl.Willie@yopmail.com,Caryl.Willie@gmail.com,developer
470,Molli,Longfellow,Molli.Longfellow@yopmail.com,Molli.Longfellow@gmail.com,firefighter
471,Calla,Poll,Calla.Poll@yopmail.com,Calla.Poll@gmail.com,doctor
472,Sharlene,Keelia,Sharlene.Keelia@yopmail.com,Sharlene.Keelia@gmail.com,police officer
473,Lulita,Ursulette,Lulita.Ursulette@yopmail.com,Lulita.Ursulette@gmail.com,worker
474,Susan,Dorine,Susan.Dorine@yopmail.com,Susan.Dorine@gmail.com,firefighter
475,Imojean,Juliet,Imojean.Juliet@yopmail.com,Imojean.Juliet@gmail.com,firefighter
476,Carmela,Destinee,Carmela.Destinee@yopmail.com,Carmela.Destinee@gmail.com,doctor
477,Grier,Mandler,Grier.Mandler@yopmail.com,Grier.Mandler@gmail.com,police officer
478,Myrtice,Kendrick,Myrtice.Kendrick@yopmail.com,Myrtice.Kendrick@gmail.com,worker
479,Lolita,Dash,Lolita.Dash@yopmail.com,Lolita.Dash@gmail.com,worker
480,Dennie,Berriman,Dennie.Berriman@yopmail.com,Dennie.Berriman@gmail.com,doctor
481,Darci,Buttaro,Darci.Buttaro@yopmail.com,Darci.Buttaro@gmail.com,doctor
482,Kristina,Kirstin,Kristina.Kirstin@yopmail.com,Kristina.Kirstin@gmail.com,worker
483,Jeanna,Johnsson,Jeanna.Johnsson@yopmail.com,Jeanna.Johnsson@gmail.com,police officer
484,Talya,Fredi,Talya.Fredi@yopmail.com,Talya.Fredi@gmail.com,worker
485,Priscilla,Thilda,Priscilla.Thilda@yopmail.com,Priscilla.Thilda@gmail.com,police officer
486,Farrah,Ogren,Farrah.Ogren@yopmail.com,Farrah.Ogren@gmail.com,developer
487,Goldie,Olnee,Goldie.Olnee@yopmail.com,Goldie.Olnee@gmail.com,developer
488,Ira,Friede,Ira.Friede@yopmail.com,Ira.Friede@gmail.com,developer
489,Gianina,Tamar,Gianina.Tamar@yopmail.com,Gianina.Tamar@gmail.com,police officer
490,Rivalee,Kirbee,Rivalee.Kirbee@yopmail.com,Rivalee.Kirbee@gmail.com,police officer
491,Quintina,Pattin,Quintina.Pattin@yopmail.com,Quintina.Pattin@gmail.com,developer
492,Agathe,Quent,Agathe.Quent@yopmail.com,Agathe.Quent@gmail.com,police officer
493,Bibby,Honoria,Bibby.Honoria@yopmail.com,Bibby.Honoria@gmail.com,firefighter
494,Lauryn,Fleeta,Lauryn.Fleeta@yopmail.com,Lauryn.Fleeta@gmail.com,firefighter
495,Ariela,Arne,Ariela.Arne@yopmail.com,Ariela.Arne@gmail.com,worker
496,Moyna,Cleavland,Moyna.Cleavland@yopmail.com,Moyna.Cleavland@gmail.com,developer
497,Aeriela,Borrell,Aeriela.Borrell@yopmail.com,Aeriela.Borrell@gmail.com,firefighter
498,Katharina,Zrike,Katharina.Zrike@yopmail.com,Katharina.Zrike@gmail.com,developer
499,Ernesta,LaRue,Ernesta.LaRue@yopmail.com,Ernesta.LaRue@gmail.com,worker
500,Deirdre,Marisa,Deirdre.Marisa@yopmail.com,Deirdre.Marisa@gmail.com,worker
501,Carree,Adalbert,Carree.Adalbert@yopmail.com,Carree.Adalbert@gmail.com,doctor
502,Janeczka,Zamora,Janeczka.Zamora@yopmail.com,Janeczka.Zamora@gmail.com,doctor
503,Anestassia,Urania,Anestassia.Urania@yopmail.com,Anestassia.Urania@gmail.com,worker
504,Lynde,Daniele,Lynde.Daniele@yopmail.com,Lynde.Daniele@gmail.com,police officer
505,Tina,Ilka,Tina.Ilka@yopmail.com,Tina.Ilka@gmail.com,police officer
506,Cathie,Allys,Cathie.Allys@yopmail.com,Cathie.Allys@gmail.com,firefighter
507,Yolane,Othilia,Yolane.Othilia@yopmail.com,Yolane.Othilia@gmail.com,developer
508,Minne,Ader,Minne.Ader@yopmail.com,Minne.Ader@gmail.com,police officer
509,Lulita,Barrus,Lulita.Barrus@yopmail.com,Lulita.Barrus@gmail.com,doctor
510,Deane,Ciapas,Deane.Ciapas@yopmail.com,Deane.Ciapas@gmail.com,developer
511,Brooks,Sallyann,Brooks.Sallyann@yopmail.com,Brooks.Sallyann@gmail.com,police officer
512,Pollyanna,Brittani,Pollyanna.Brittani@yopmail.com,Pollyanna.Brittani@gmail.com,firefighter
513,Georgetta,Cimbura,Georgetta.Cimbura@yopmail.com,Georgetta.Cimbura@gmail.com,police officer
514,Camile,Frendel,Camile.Frendel@yopmail.com,Camile.Frendel@gmail.com,doctor
515,Aubrie,Callista,Aubrie.Callista@yopmail.com,Aubrie.Callista@gmail.com,doctor
516,Nariko,Rad,Nariko.Rad@yopmail.com,Nariko.Rad@gmail.com,doctor
517,Leeanne,Myrilla,Leeanne.Myrilla@yopmail.com,Leeanne.Myrilla@gmail.com,police officer
518,Ulrike,Lacombe,Ulrike.Lacombe@yopmail.com,Ulrike.Lacombe@gmail.com,developer
519,Merry,Travax,Merry.Travax@yopmail.com,Merry.Travax@gmail.com,doctor
520,Gabriellia,Smitt,Gabriellia.Smitt@yopmail.com,Gabriellia.Smitt@gmail.com,developer
521,Joeann,Aprile,Joeann.Aprile@yopmail.com,Joeann.Aprile@gmail.com,doctor
522,Giustina,Westphal,Giustina.Westphal@yopmail.com,Giustina.Westphal@gmail.com,police officer
523,Glynnis,Gamaliel,Glynnis.Gamaliel@yopmail.com,Glynnis.Gamaliel@gmail.com,firefighter
524,Clary,Noelyn,Clary.Noelyn@yopmail.com,Clary.Noelyn@gmail.com,police officer
525,Quintina,Natalia,Quintina.Natalia@yopmail.com,Quintina.Natalia@gmail.com,worker
526,Raf,Skurnik,Raf.Skurnik@yopmail.com,Raf.Skurnik@gmail.com,police officer
527,Tamqrah,Thomasina,Tamqrah.Thomasina@yopmail.com,Tamqrah.Thomasina@gmail.com,worker
528,Kaja,Cutlerr,Kaja.Cutlerr@yopmail.com,Kaja.Cutlerr@gmail.com,worker
529,Rani,Naashom,Rani.Naashom@yopmail.com,Rani.Naashom@gmail.com,police officer
530,Trixi,Bartlett,Trixi.Bartlett@yopmail.com,Trixi.Bartlett@gmail.com,worker
531,Beverley,Ambrosia,Beverley.Ambrosia@yopmail.com,Beverley.Ambrosia@gmail.com,worker
532,Margette,Wyn,Margette.Wyn@yopmail.com,Margette.Wyn@gmail.com,firefighter
533,Marsiella,Croix,Marsiella.Croix@yopmail.com,Marsiella.Croix@gmail.com,worker
534,Mildrid,Dosia,Mildrid.Dosia@yopmail.com,Mildrid.Dosia@gmail.com,worker
535,Imojean,Pattin,Imojean.Pattin@yopmail.com,Imojean.Pattin@gmail.com,worker
536,Miquela,Presber,Miquela.Presber@yopmail.com,Miquela.Presber@gmail.com,firefighter
537,Brena,Nance,Brena.Nance@yopmail.com,Brena.Nance@gmail.com,police officer
538,Celestyna,Emerson,Celestyna.Emerson@yopmail.com,Celestyna.Emerson@gmail.com,police officer
539,Evaleen,Woodberry,Evaleen.Woodberry@yopmail.com,Evaleen.Woodberry@gmail.com,police officer
540,Melanie,Dahlia,Melanie.Dahlia@yopmail.com,Melanie.Dahlia@gmail.com,doctor
541,Leona,Junie,Leona.Junie@yopmail.com,Leona.Junie@gmail.com,doctor
542,Cassandra,Lauraine,Cassandra.Lauraine@yopmail.com,Cassandra.Lauraine@gmail.com,worker
543,Maye,Mich,Maye.Mich@yopmail.com,Maye.Mich@gmail.com,developer
544,Elise,Reinke,Elise.Reinke@yopmail.com,Elise.Reinke@gmail.com,worker
545,Vita,Hirsch,Vita.Hirsch@yopmail.com,Vita.Hirsch@gmail.com,worker
546,Madelle,Tufts,Madelle.Tufts@yopmail.com,Madelle.Tufts@gmail.com,firefighter
547,Danny,Juan,Danny.Juan@yopmail.com,Danny.Juan@gmail.com,doctor
548,Flo,Lutero,Flo.Lutero@yopmail.com,Flo.Lutero@gmail.com,worker
549,Sashenka,Llovera,Sashenka.Llovera@yopmail.com,Sashenka.Llovera@gmail.com,doctor
550,Ada,Shelba,Ada.Shelba@yopmail.com,Ada.Shelba@gmail.com,firefighter
551,Frances,Lowry,Frances.Lowry@yopmail.com,Frances.Lowry@gmail.com,doctor
552,Rubie,Alrich,Rubie.Alrich@yopmail.com,Rubie.Alrich@gmail.com,developer
553,Hildegaard,Solitta,Hildegaard.Solitta@yopmail.com,Hildegaard.Solitta@gmail.com,worker
554,Gui,Lubin,Gui.Lubin@yopmail.com,Gui.Lubin@gmail.com,doctor
555,Keelia,Gavrila,Keelia.Gavrila@yopmail.com,Keelia.Gavrila@gmail.com,police officer
556,Teriann,Noelyn,Teriann.Noelyn@yopmail.com,Teriann.Noelyn@gmail.com,firefighter
557,Ottilie,Amasa,Ottilie.Amasa@yopmail.com,Ottilie.Amasa@gmail.com,police officer
558,Kimberley,Margret,Kimberley.Margret@yopmail.com,Kimberley.Margret@gmail.com,firefighter
559,Concettina,Edison,Concettina.Edison@yopmail.com,Concettina.Edison@gmail.com,doctor
560,Leontine,Bouchard,Leontine.Bouchard@yopmail.com,Leontine.Bouchard@gmail.com,developer
561,Dacia,Shields,Dacia.Shields@yopmail.com,Dacia.Shields@gmail.com,police officer
562,Melodie,Rozanna,Melodie.Rozanna@yopmail.com,Melodie.Rozanna@gmail.com,firefighter
563,Darci,Buffum,Darci.Buffum@yopmail.com,Darci.Buffum@gmail.com,police officer
564,Kerrin,Tyson,Kerrin.Tyson@yopmail.com,Kerrin.Tyson@gmail.com,developer
565,Elfreda,Pyle,Elfreda.Pyle@yopmail.com,Elfreda.Pyle@gmail.com,worker
566,Dorice,Diogenes,Dorice.Diogenes@yopmail.com,Dorice.Diogenes@gmail.com,developer
567,Viviene,Teryn,Viviene.Teryn@yopmail.com,Viviene.Teryn@gmail.com,developer
568,Vonny,Ilka,Vonny.Ilka@yopmail.com,Vonny.Ilka@gmail.com,doctor
569,Sean,Rosette,Sean.Rosette@yopmail.com,Sean.Rosette@gmail.com,firefighter
570,Feliza,Ardeha,Feliza.Ardeha@yopmail.com,Feliza.Ardeha@gmail.com,police officer
571,Ketti,Dowski,Ketti.Dowski@yopmail.com,Ketti.Dowski@gmail.com,doctor
572,Marika,Ashely,Marika.Ashely@yopmail.com,Marika.Ashely@gmail.com,firefighter
573,Cassondra,Fennessy,Cassondra.Fennessy@yopmail.com,Cassondra.Fennessy@gmail.com,worker
574,Gabi,Levey,Gabi.Levey@yopmail.com,Gabi.Levey@gmail.com,police officer
575,Lyssa,Aldric,Lyssa.Aldric@yopmail.com,Lyssa.Aldric@gmail.com,firefighter
576,Merci,Colleen,Merci.Colleen@yopmail.com,Merci.Colleen@gmail.com,worker
577,Orelia,Aldric,Orelia.Aldric@yopmail.com,Orelia.Aldric@gmail.com,worker
578,Adelle,Adrienne,Adelle.Adrienne@yopmail.com,Adelle.Adrienne@gmail.com,firefighter
579,Claresta,Dom,Claresta.Dom@yopmail.com,Claresta.Dom@gmail.com,firefighter
580,Ilse,Jacobah,Ilse.Jacobah@yopmail.com,Ilse.Jacobah@gmail.com,firefighter
581,Roxane,Gillan,Roxane.Gillan@yopmail.com,Roxane.Gillan@gmail.com,police officer
582,Adele,Garbe,Adele.Garbe@yopmail.com,Adele.Garbe@gmail.com,police officer
583,Clary,Gaulin,Clary.Gaulin@yopmail.com,Clary.Gaulin@gmail.com,worker
584,Olivette,Holtz,Olivette.Holtz@yopmail.com,Olivette.Holtz@gmail.com,doctor
585,Dione,Sherfield,Dione.Sherfield@yopmail.com,Dione.Sherfield@gmail.com,doctor
586,Modestia,Lory,Modestia.Lory@yopmail.com,Modestia.Lory@gmail.com,developer
587,Wanda,Tarrant,Wanda.Tarrant@yopmail.com,Wanda.Tarrant@gmail.com,developer
588,Jsandye,Shama,Jsandye.Shama@yopmail.com,Jsandye.Shama@gmail.com,police officer
589,Hettie,Raseda,Hettie.Raseda@yopmail.com,Hettie.Raseda@gmail.com,worker
590,Steffane,Sancho,Steffane.Sancho@yopmail.com,Steffane.Sancho@gmail.com,developer
591,Dorthy,Gibbeon,Dorthy.Gibbeon@yopmail.com,Dorthy.Gibbeon@gmail.com,doctor
592,Modestia,Janith,Modestia.Janith@yopmail.com,Modestia.Janith@gmail.com,police officer
593,Sharlene,Hutchison,Sharlene.Hutchison@yopmail.com,Sharlene.Hutchison@gmail.com,firefighter
594,Steffane,Delacourt,Steffane.Delacourt@yopmail.com,Steffane.Delacourt@gmail.com,firefighter
595,Lory,Calhoun,Lory.Calhoun@yopmail.com,Lory.Calhoun@gmail.com,police officer
596,Grier,Linskey,Grier.Linskey@yopmail.com,Grier.Linskey@gmail.com,worker
597,Susan,Shelba,Susan.Shelba@yopmail.com,Susan.Shelba@gmail.com,police officer
598,Darci,Ingra,Darci.Ingra@yopmail.com,Darci.Ingra@gmail.com,firefighter
599,Carilyn,Creamer,Carilyn.Creamer@yopmail.com,Carilyn.Creamer@gmail.com,firefighter
600,Kary,Irmine,Kary.Irmine@yopmail.com,Kary.Irmine@gmail.com,police officer
601,Brietta,Love,Brietta.Love@yopmail.com,Brietta.Love@gmail.com,doctor
602,Joceline,Kussell,Joceline.Kussell@yopmail.com,Joceline.Kussell@gmail.com,firefighter
603,Mahalia,Abernon,Mahalia.Abernon@yopmail.com,Mahalia.Abernon@gmail.com,police officer
604,Tabbatha,Cecile,Tabbatha.Cecile@yopmail.com,Tabbatha.Cecile@gmail.com,firefighter
605,Livvyy,Pitt,Livvyy.Pitt@yopmail.com,Livvyy.Pitt@gmail.com,firefighter
606,Corene,Gabrielli,Corene.Gabrielli@yopmail.com,Corene.Gabrielli@gmail.com,developer
607,Eve,Halla,Eve.Halla@yopmail.com,Eve.Halla@gmail.com,police officer
608,Jaime,Marden,Jaime.Marden@yopmail.com,Jaime.Marden@gmail.com,doctor
609,Marcy,Destinee,Marcy.Destinee@yopmail.com,Marcy.Destinee@gmail.com,doctor
610,Randa,Love,Randa.Love@yopmail.com,Randa.Love@gmail.com,police officer
611,Carilyn,Oriana,Carilyn.Oriana@yopmail.com,Carilyn.Oriana@gmail.com,police officer
612,Raina,Justinn,Raina.Justinn@yopmail.com,Raina.Justinn@gmail.com,firefighter
613,Rori,Stelle,Rori.Stelle@yopmail.com,Rori.Stelle@gmail.com,doctor
614,Nataline,Pozzy,Nataline.Pozzy@yopmail.com,Nataline.Pozzy@gmail.com,developer
615,Nannie,Georgy,Nannie.Georgy@yopmail.com,Nannie.Georgy@gmail.com,doctor
616,Christal,Goerke,Christal.Goerke@yopmail.com,Christal.Goerke@gmail.com,firefighter
617,Latisha,Peonir,Latisha.Peonir@yopmail.com,Latisha.Peonir@gmail.com,police officer
618,Angela,Peonir,Angela.Peonir@yopmail.com,Angela.Peonir@gmail.com,firefighter
619,Lisette,Behre,Lisette.Behre@yopmail.com,Lisette.Behre@gmail.com,firefighter
620,Amara,Garrison,Amara.Garrison@yopmail.com,Amara.Garrison@gmail.com,police officer
621,Gui,Niccolo,Gui.Niccolo@yopmail.com,Gui.Niccolo@gmail.com,firefighter
622,Teriann,Burkle,Teriann.Burkle@yopmail.com,Teriann.Burkle@gmail.com,worker
623,Cassondra,Evvie,Cassondra.Evvie@yopmail.com,Cassondra.Evvie@gmail.com,worker
624,Sallie,Grimbly,Sallie.Grimbly@yopmail.com,Sallie.Grimbly@gmail.com,developer
625,Rhea,Cyrie,Rhea.Cyrie@yopmail.com,Rhea.Cyrie@gmail.com,worker
626,Kirstin,Natalia,Kirstin.Natalia@yopmail.com,Kirstin.Natalia@gmail.com,police officer
627,Hildegaard,Roumell,Hildegaard.Roumell@yopmail.com,Hildegaard.Roumell@gmail.com,developer
628,Ninnetta,Carmena,Ninnetta.Carmena@yopmail.com,Ninnetta.Carmena@gmail.com,developer
629,Ayn,Prouty,Ayn.Prouty@yopmail.com,Ayn.Prouty@gmail.com,firefighter
630,Ileana,Bivins,Ileana.Bivins@yopmail.com,Ileana.Bivins@gmail.com,police officer
631,Alie,Pyle,Alie.Pyle@yopmail.com,Alie.Pyle@gmail.com,developer
632,Lita,Edvard,Lita.Edvard@yopmail.com,Lita.Edvard@gmail.com,firefighter
633,Eugine,Hartnett,Eugine.Hartnett@yopmail.com,Eugine.Hartnett@gmail.com,developer
634,Yvonne,Hirsch,Yvonne.Hirsch@yopmail.com,Yvonne.Hirsch@gmail.com,doctor
635,Nyssa,Kendrick,Nyssa.Kendrick@yopmail.com,Nyssa.Kendrick@gmail.com,developer
636,Rosanne,Suanne,Rosanne.Suanne@yopmail.com,Rosanne.Suanne@gmail.com,developer
637,Paule,Belldas,Paule.Belldas@yopmail.com,Paule.Belldas@gmail.com,developer
638,Kara-Lynn,Gaulin,Kara-Lynn.Gaulin@yopmail.com,Kara-Lynn.Gaulin@gmail.com,worker
639,Sharlene,Ivens,Sharlene.Ivens@yopmail.com,Sharlene.Ivens@gmail.com,doctor
640,Alyssa,Maurine,Alyssa.Maurine@yopmail.com,Alyssa.Maurine@gmail.com,worker
641,Chickie,Elisha,Chickie.Elisha@yopmail.com,Chickie.Elisha@gmail.com,doctor
642,Althea,Graig,Althea.Graig@yopmail.com,Althea.Graig@gmail.com,police officer
643,Judy,Niccolo,Judy.Niccolo@yopmail.com,Judy.Niccolo@gmail.com,firefighter
644,Lacie,Atcliffe,Lacie.Atcliffe@yopmail.com,Lacie.Atcliffe@gmail.com,worker
645,Carlie,Melony,Carlie.Melony@yopmail.com,Carlie.Melony@gmail.com,worker
646,Doralynne,Emerson,Doralynne.Emerson@yopmail.com,Doralynne.Emerson@gmail.com,developer
647,Carly,Moina,Carly.Moina@yopmail.com,Carly.Moina@gmail.com,doctor
648,Wileen,Sandye,Wileen.Sandye@yopmail.com,Wileen.Sandye@gmail.com,developer
649,Maurene,Gunn,Maurene.Gunn@yopmail.com,Maurene.Gunn@gmail.com,worker
650,Paola,Kare,Paola.Kare@yopmail.com,Paola.Kare@gmail.com,doctor
651,Glynnis,Blake,Glynnis.Blake@yopmail.com,Glynnis.Blake@gmail.com,firefighter
652,Doro,Bakerman,Doro.Bakerman@yopmail.com,Doro.Bakerman@gmail.com,firefighter
653,Jennica,Nadia,Jennica.Nadia@yopmail.com,Jennica.Nadia@gmail.com,worker
654,Jackie,Berl,Jackie.Berl@yopmail.com,Jackie.Berl@gmail.com,doctor
655,Stacey,Gino,Stacey.Gino@yopmail.com,Stacey.Gino@gmail.com,worker
656,Shirlee,Tufts,Shirlee.Tufts@yopmail.com,Shirlee.Tufts@gmail.com,police officer
657,Veda,Reidar,Veda.Reidar@yopmail.com,Veda.Reidar@gmail.com,police officer
658,Lindie,Charity,Lindie.Charity@yopmail.com,Lindie.Charity@gmail.com,police officer
659,Liana,Roche,Liana.Roche@yopmail.com,Liana.Roche@gmail.com,doctor
660,Thalia,Phaidra,Thalia.Phaidra@yopmail.com,Thalia.Phaidra@gmail.com,worker
661,Winny,Stevy,Winny.Stevy@yopmail.com,Winny.Stevy@gmail.com,doctor
662,Janis,Lindemann,Janis.Lindemann@yopmail.com,Janis.Lindemann@gmail.com,worker
663,Sallie,Timon,Sallie.Timon@yopmail.com,Sallie.Timon@gmail.com,firefighter
664,Fredericka,Federica,Fredericka.Federica@yopmail.com,Fredericka.Federica@gmail.com,developer
665,Kimmy,Laurianne,Kimmy.Laurianne@yopmail.com,Kimmy.Laurianne@gmail.com,firefighter
666,Elmira,Rese,Elmira.Rese@yopmail.com,Elmira.Rese@gmail.com,firefighter
667,Inga,Waldron,Inga.Waldron@yopmail.com,Inga.Waldron@gmail.com,developer
668,Sarette,Winthorpe,Sarette.Winthorpe@yopmail.com,Sarette.Winthorpe@gmail.com,firefighter
669,Gratia,Roarke,Gratia.Roarke@yopmail.com,Gratia.Roarke@gmail.com,doctor
670,Joeann,Gherardo,Joeann.Gherardo@yopmail.com,Joeann.Gherardo@gmail.com,firefighter
671,Alia,Bonucci,Alia.Bonucci@yopmail.com,Alia.Bonucci@gmail.com,developer
672,Latisha,Holbrook,Latisha.Holbrook@yopmail.com,Latisha.Holbrook@gmail.com,firefighter
673,Tori,Hilbert,Tori.Hilbert@yopmail.com,Tori.Hilbert@gmail.com,doctor
674,Renie,Noman,Renie.Noman@yopmail.com,Renie.Noman@gmail.com,police officer
675,Alejandra,Fiester,Alejandra.Fiester@yopmail.com,Alejandra.Fiester@gmail.com,firefighter
676,Emylee,Nadia,Emylee.Nadia@yopmail.com,Emylee.Nadia@gmail.com,developer
677,Paulita,Bennie,Paulita.Bennie@yopmail.com,Paulita.Bennie@gmail.com,firefighter
678,Valli,Rosette,Valli.Rosette@yopmail.com,Valli.Rosette@gmail.com,developer
679,Ebonee,Karylin,Ebonee.Karylin@yopmail.com,Ebonee.Karylin@gmail.com,police officer
680,Ellette,Tound,Ellette.Tound@yopmail.com,Ellette.Tound@gmail.com,firefighter
681,Elie,Birdella,Elie.Birdella@yopmail.com,Elie.Birdella@gmail.com,doctor
682,Gaylene,Mauer,Gaylene.Mauer@yopmail.com,Gaylene.Mauer@gmail.com,worker
683,Binny,Chick,Binny.Chick@yopmail.com,Binny.Chick@gmail.com,police officer
684,Ayn,Gwenore,Ayn.Gwenore@yopmail.com,Ayn.Gwenore@gmail.com,worker
685,Shauna,Boehike,Shauna.Boehike@yopmail.com,Shauna.Boehike@gmail.com,firefighter
686,Eve,Olympium,Eve.Olympium@yopmail.com,Eve.Olympium@gmail.com,developer
687,Clarice,Sandye,Clarice.Sandye@yopmail.com,Clarice.Sandye@gmail.com,firefighter
688,Amara,Bow,Amara.Bow@yopmail.com,Amara.Bow@gmail.com,worker
689,Magdalena,Myrilla,Magdalena.Myrilla@yopmail.com,Magdalena.Myrilla@gmail.com,worker
690,Ilse,McCutcheon,Ilse.McCutcheon@yopmail.com,Ilse.McCutcheon@gmail.com,doctor
691,Candi,Astra,Candi.Astra@yopmail.com,Candi.Astra@gmail.com,firefighter
692,Nollie,Daveta,Nollie.Daveta@yopmail.com,Nollie.Daveta@gmail.com,developer
693,Suzette,Felizio,Suzette.Felizio@yopmail.com,Suzette.Felizio@gmail.com,doctor
694,Jasmina,Gwenore,Jasmina.Gwenore@yopmail.com,Jasmina.Gwenore@gmail.com,firefighter
695,Debee,Dorothy,Debee.Dorothy@yopmail.com,Debee.Dorothy@gmail.com,worker
696,Concettina,Durware,Concettina.Durware@yopmail.com,Concettina.Durware@gmail.com,developer
697,Elise,Socha,Elise.Socha@yopmail.com,Elise.Socha@gmail.com,developer
698,Allyce,Rolf,Allyce.Rolf@yopmail.com,Allyce.Rolf@gmail.com,police officer
699,Briney,Ochs,Briney.Ochs@yopmail.com,Briney.Ochs@gmail.com,firefighter
700,Celene,Lauraine,Celene.Lauraine@yopmail.com,Celene.Lauraine@gmail.com,doctor
701,Carmela,Mozelle,Carmela.Mozelle@yopmail.com,Carmela.Mozelle@gmail.com,police officer
702,Lizzie,Connelly,Lizzie.Connelly@yopmail.com,Lizzie.Connelly@gmail.com,police officer
703,Ivett,Justinn,Ivett.Justinn@yopmail.com,Ivett.Justinn@gmail.com,police officer
704,Beatriz,Kussell,Beatriz.Kussell@yopmail.com,Beatriz.Kussell@gmail.com,firefighter
705,Fina,Markman,Fina.Markman@yopmail.com,Fina.Markman@gmail.com,doctor
706,Lolita,Niccolo,Lolita.Niccolo@yopmail.com,Lolita.Niccolo@gmail.com,worker
707,Annaliese,Melony,Annaliese.Melony@yopmail.com,Annaliese.Melony@gmail.com,worker
708,Georgina,Whiffen,Georgina.Whiffen@yopmail.com,Georgina.Whiffen@gmail.com,worker
709,Anallese,Tacye,Anallese.Tacye@yopmail.com,Anallese.Tacye@gmail.com,firefighter
710,Jinny,Yusuk,Jinny.Yusuk@yopmail.com,Jinny.Yusuk@gmail.com,doctor
711,Rebeca,Franza,Rebeca.Franza@yopmail.com,Rebeca.Franza@gmail.com,worker
712,Nonnah,Pond,Nonnah.Pond@yopmail.com,Nonnah.Pond@gmail.com,doctor
713,Sybille,Muriel,Sybille.Muriel@yopmail.com,Sybille.Muriel@gmail.com,developer
714,Wendi,Ferino,Wendi.Ferino@yopmail.com,Wendi.Ferino@gmail.com,police officer
715,Karlee,Westphal,Karlee.Westphal@yopmail.com,Karlee.Westphal@gmail.com,police officer
716,Beatriz,Hieronymus,Beatriz.Hieronymus@yopmail.com,Beatriz.Hieronymus@gmail.com,doctor
717,Meg,Poll,Meg.Poll@yopmail.com,Meg.Poll@gmail.com,doctor
718,Leontine,Tamsky,Leontine.Tamsky@yopmail.com,Leontine.Tamsky@gmail.com,firefighter
719,Ursulina,Drisko,Ursulina.Drisko@yopmail.com,Ursulina.Drisko@gmail.com,worker
720,Ira,Pearse,Ira.Pearse@yopmail.com,Ira.Pearse@gmail.com,developer
721,Audrie,Lauraine,Audrie.Lauraine@yopmail.com,Audrie.Lauraine@gmail.com,doctor
722,Viviene,Cullin,Viviene.Cullin@yopmail.com,Viviene.Cullin@gmail.com,police officer
723,Blondelle,Roarke,Blondelle.Roarke@yopmail.com,Blondelle.Roarke@gmail.com,police officer
724,Sheelagh,Allare,Sheelagh.Allare@yopmail.com,Sheelagh.Allare@gmail.com,worker
725,Augustine,Tremayne,Augustine.Tremayne@yopmail.com,Augustine.Tremayne@gmail.com,developer
726,Atlanta,Corilla,Atlanta.Corilla@yopmail.com,Atlanta.Corilla@gmail.com,developer
727,Jacenta,Silvan,Jacenta.Silvan@yopmail.com,Jacenta.Silvan@gmail.com,worker
728,Rebeca,Amadas,Rebeca.Amadas@yopmail.com,Rebeca.Amadas@gmail.com,developer
729,Di,Egbert,Di.Egbert@yopmail.com,Di.Egbert@gmail.com,developer
730,Albertina,Peg,Albertina.Peg@yopmail.com,Albertina.Peg@gmail.com,developer
731,Consuela,Clywd,Consuela.Clywd@yopmail.com,Consuela.Clywd@gmail.com,police officer
732,Calla,Aprile,Calla.Aprile@yopmail.com,Calla.Aprile@gmail.com,firefighter
733,Ethel,Durante,Ethel.Durante@yopmail.com,Ethel.Durante@gmail.com,firefighter
734,Theodora,Estella,Theodora.Estella@yopmail.com,Theodora.Estella@gmail.com,worker
735,Lulita,Goth,Lulita.Goth@yopmail.com,Lulita.Goth@gmail.com,developer
736,Yolane,Phaidra,Yolane.Phaidra@yopmail.com,Yolane.Phaidra@gmail.com,firefighter
737,Shaine,Margarete,Shaine.Margarete@yopmail.com,Shaine.Margarete@gmail.com,firefighter
738,Shauna,Sidonius,Shauna.Sidonius@yopmail.com,Shauna.Sidonius@gmail.com,doctor
739,Lynnea,Bevin,Lynnea.Bevin@yopmail.com,Lynnea.Bevin@gmail.com,developer
740,Tersina,Lorenz,Tersina.Lorenz@yopmail.com,Tersina.Lorenz@gmail.com,doctor
741,Desirae,Ricarda,Desirae.Ricarda@yopmail.com,Desirae.Ricarda@gmail.com,doctor
742,Jessamyn,Vacuva,Jessamyn.Vacuva@yopmail.com,Jessamyn.Vacuva@gmail.com,firefighter
743,Alie,Iphlgenia,Alie.Iphlgenia@yopmail.com,Alie.Iphlgenia@gmail.com,developer
744,Darci,Honoria,Darci.Honoria@yopmail.com,Darci.Honoria@gmail.com,developer
745,Dari,Hourigan,Dari.Hourigan@yopmail.com,Dari.Hourigan@gmail.com,developer
746,Gusty,Joeann,Gusty.Joeann@yopmail.com,Gusty.Joeann@gmail.com,developer
747,Brynna,Girardo,Brynna.Girardo@yopmail.com,Brynna.Girardo@gmail.com,developer
748,Annora,Mike,Annora.Mike@yopmail.com,Annora.Mike@gmail.com,firefighter
749,Ericka,Cutlerr,Ericka.Cutlerr@yopmail.com,Ericka.Cutlerr@gmail.com,firefighter
750,Adele,Astra,Adele.Astra@yopmail.com,Adele.Astra@gmail.com,developer
751,Adore,Thema,Adore.Thema@yopmail.com,Adore.Thema@gmail.com,police officer
752,Cacilie,Konyn,Cacilie.Konyn@yopmail.com,Cacilie.Konyn@gmail.com,firefighter
753,Nyssa,Caitlin,Nyssa.Caitlin@yopmail.com,Nyssa.Caitlin@gmail.com,worker
754,Lenna,Nance,Lenna.Nance@yopmail.com,Lenna.Nance@gmail.com,police officer
755,Oralee,O'Rourke,Oralee.O'Rourke@yopmail.com,Oralee.O'Rourke@gmail.com,doctor
756,Ivett,Dermott,Ivett.Dermott@yopmail.com,Ivett.Dermott@gmail.com,developer
757,Annora,Wind,Annora.Wind@yopmail.com,Annora.Wind@gmail.com,developer
758,Tressa,Travax,Tressa.Travax@yopmail.com,Tressa.Travax@gmail.com,doctor
759,Roseline,Cullin,Roseline.Cullin@yopmail.com,Roseline.Cullin@gmail.com,worker
760,Aeriela,Center,Aeriela.Center@yopmail.com,Aeriela.Center@gmail.com,firefighter
761,Ardys,Paine,Ardys.Paine@yopmail.com,Ardys.Paine@gmail.com,police officer
762,Gwyneth,Chapland,Gwyneth.Chapland@yopmail.com,Gwyneth.Chapland@gmail.com,worker
763,Gwenneth,Sawtelle,Gwenneth.Sawtelle@yopmail.com,Gwenneth.Sawtelle@gmail.com,firefighter
764,Ninnetta,Koehler,Ninnetta.Koehler@yopmail.com,Ninnetta.Koehler@gmail.com,worker
765,Deloria,Joseph,Deloria.Joseph@yopmail.com,Deloria.Joseph@gmail.com,police officer
766,Cherilyn,Martguerita,Cherilyn.Martguerita@yopmail.com,Cherilyn.Martguerita@gmail.com,doctor
767,Perry,Tillford,Perry.Tillford@yopmail.com,Perry.Tillford@gmail.com,police officer
768,Glynnis,Jagir,Glynnis.Jagir@yopmail.com,Glynnis.Jagir@gmail.com,firefighter
769,Lauryn,Justinn,Lauryn.Justinn@yopmail.com,Lauryn.Justinn@gmail.com,police officer
770,Ana,Tatianas,Ana.Tatianas@yopmail.com,Ana.Tatianas@gmail.com,firefighter
771,Jessy,Narton,Jessy.Narton@yopmail.com,Jessy.Narton@gmail.com,firefighter
772,Elora,Durante,Elora.Durante@yopmail.com,Elora.Durante@gmail.com,developer
773,Cyb,Autrey,Cyb.Autrey@yopmail.com,Cyb.Autrey@gmail.com,developer
774,Wanda,Lenny,Wanda.Lenny@yopmail.com,Wanda.Lenny@gmail.com,worker
775,Cyndie,Gordon,Cyndie.Gordon@yopmail.com,Cyndie.Gordon@gmail.com,firefighter
776,Cassondra,Justinn,Cassondra.Justinn@yopmail.com,Cassondra.Justinn@gmail.com,doctor
777,Millie,Ranjiv,Millie.Ranjiv@yopmail.com,Millie.Ranjiv@gmail.com,firefighter
778,Pamella,Nester,Pamella.Nester@yopmail.com,Pamella.Nester@gmail.com,police officer
779,Alejandra,Ursulette,Alejandra.Ursulette@yopmail.com,Alejandra.Ursulette@gmail.com,firefighter
780,Ofilia,Carleen,Ofilia.Carleen@yopmail.com,Ofilia.Carleen@gmail.com,doctor
781,Jorry,Bow,Jorry.Bow@yopmail.com,Jorry.Bow@gmail.com,doctor
782,Gusty,Susannah,Gusty.Susannah@yopmail.com,Gusty.Susannah@gmail.com,police officer
783,Kalina,Frendel,Kalina.Frendel@yopmail.com,Kalina.Frendel@gmail.com,worker
784,Chloris,Neva,Chloris.Neva@yopmail.com,Chloris.Neva@gmail.com,doctor
785,Silvana,Elvyn,Silvana.Elvyn@yopmail.com,Silvana.Elvyn@gmail.com,firefighter
786,Daphne,Clara,Daphne.Clara@yopmail.com,Daphne.Clara@gmail.com,police officer
787,Albertina,Dorothy,Albertina.Dorothy@yopmail.com,Albertina.Dorothy@gmail.com,firefighter
788,Alie,Ricarda,Alie.Ricarda@yopmail.com,Alie.Ricarda@gmail.com,police officer
789,Barbi,Stoller,Barbi.Stoller@yopmail.com,Barbi.Stoller@gmail.com,doctor
790,Alexine,Talia,Alexine.Talia@yopmail.com,Alexine.Talia@gmail.com,police officer
791,Hallie,Abram,Hallie.Abram@yopmail.com,Hallie.Abram@gmail.com,firefighter
792,Reeba,Selway,Reeba.Selway@yopmail.com,Reeba.Selway@gmail.com,police officer
793,Asia,Hepsibah,Asia.Hepsibah@yopmail.com,Asia.Hepsibah@gmail.com,police officer
794,Michaelina,Havens,Michaelina.Havens@yopmail.com,Michaelina.Havens@gmail.com,firefighter
795,Shel,Annabella,Shel.Annabella@yopmail.com,Shel.Annabella@gmail.com,worker
796,Corene,Neva,Corene.Neva@yopmail.com,Corene.Neva@gmail.com,firefighter
797,Tani,Curren,Tani.Curren@yopmail.com,Tani.Curren@gmail.com,police officer
798,Corry,Wyn,Corry.Wyn@yopmail.com,Corry.Wyn@gmail.com,doctor
799,Gerianna,Cecile,Gerianna.Cecile@yopmail.com,Gerianna.Cecile@gmail.com,firefighter
800,Linzy,Nerita,Linzy.Nerita@yopmail.com,Linzy.Nerita@gmail.com,doctor
801,Eve,Trace,Eve.Trace@yopmail.com,Eve.Trace@gmail.com,firefighter
802,Elyssa,Izaak,Elyssa.Izaak@yopmail.com,Elyssa.Izaak@gmail.com,worker
803,Genovera,Neva,Genovera.Neva@yopmail.com,Genovera.Neva@gmail.com,developer
804,Gavrielle,Desai,Gavrielle.Desai@yopmail.com,Gavrielle.Desai@gmail.com,firefighter
805,Carlie,Riordan,Carlie.Riordan@yopmail.com,Carlie.Riordan@gmail.com,worker
806,Kial,Darian,Kial.Darian@yopmail.com,Kial.Darian@gmail.com,developer
807,Sharai,Robertson,Sharai.Robertson@yopmail.com,Sharai.Robertson@gmail.com,police officer
808,Nanete,Vharat,Nanete.Vharat@yopmail.com,Nanete.Vharat@gmail.com,firefighter
809,Althea,Shirberg,Althea.Shirberg@yopmail.com,Althea.Shirberg@gmail.com,police officer
810,Corry,Belanger,Corry.Belanger@yopmail.com,Corry.Belanger@gmail.com,firefighter
811,Marguerite,Ader,Marguerite.Ader@yopmail.com,Marguerite.Ader@gmail.com,developer
812,Anestassia,Schonfeld,Anestassia.Schonfeld@yopmail.com,Anestassia.Schonfeld@gmail.com,firefighter
813,Georgina,Brian,Georgina.Brian@yopmail.com,Georgina.Brian@gmail.com,firefighter
814,Chastity,Fillbert,Chastity.Fillbert@yopmail.com,Chastity.Fillbert@gmail.com,worker
815,Pollyanna,Nadia,Pollyanna.Nadia@yopmail.com,Pollyanna.Nadia@gmail.com,firefighter
816,Janeczka,Eckblad,Janeczka.Eckblad@yopmail.com,Janeczka.Eckblad@gmail.com,firefighter
817,Ekaterina,Urania,Ekaterina.Urania@yopmail.com,Ekaterina.Urania@gmail.com,developer
818,Joleen,Laurianne,Joleen.Laurianne@yopmail.com,Joleen.Laurianne@gmail.com,police officer
819,Helena,Selway,Helena.Selway@yopmail.com,Helena.Selway@gmail.com,doctor
820,Susan,Geffner,Susan.Geffner@yopmail.com,Susan.Geffner@gmail.com,worker
821,Siana,Yusuk,Siana.Yusuk@yopmail.com,Siana.Yusuk@gmail.com,worker
822,Constance,Morrill,Constance.Morrill@yopmail.com,Constance.Morrill@gmail.com,developer
823,Helena,Adrienne,Helena.Adrienne@yopmail.com,Helena.Adrienne@gmail.com,doctor
824,Madeleine,Grobe,Madeleine.Grobe@yopmail.com,Madeleine.Grobe@gmail.com,developer
825,Janis,Georgy,Janis.Georgy@yopmail.com,Janis.Georgy@gmail.com,worker
826,Tabbatha,Charmine,Tabbatha.Charmine@yopmail.com,Tabbatha.Charmine@gmail.com,doctor
827,Sallie,Ludewig,Sallie.Ludewig@yopmail.com,Sallie.Ludewig@gmail.com,worker
828,Helsa,Amasa,Helsa.Amasa@yopmail.com,Helsa.Amasa@gmail.com,doctor
829,Gilda,Lewes,Gilda.Lewes@yopmail.com,Gilda.Lewes@gmail.com,developer
830,Riannon,Hunfredo,Riannon.Hunfredo@yopmail.com,Riannon.Hunfredo@gmail.com,firefighter
831,Kimmy,Dahlia,Kimmy.Dahlia@yopmail.com,Kimmy.Dahlia@gmail.com,worker
832,Andree,Colleen,Andree.Colleen@yopmail.com,Andree.Colleen@gmail.com,worker
833,Harmonia,Francyne,Harmonia.Francyne@yopmail.com,Harmonia.Francyne@gmail.com,firefighter
834,Merle,Elsinore,Merle.Elsinore@yopmail.com,Merle.Elsinore@gmail.com,worker
835,Olivette,Ovid,Olivette.Ovid@yopmail.com,Olivette.Ovid@gmail.com,worker
836,Mady,Stevy,Mady.Stevy@yopmail.com,Mady.Stevy@gmail.com,doctor
837,Karlee,Eno,Karlee.Eno@yopmail.com,Karlee.Eno@gmail.com,worker
838,Dode,Hoban,Dode.Hoban@yopmail.com,Dode.Hoban@gmail.com,worker
839,Leia,Billye,Leia.Billye@yopmail.com,Leia.Billye@gmail.com,worker
840,Rori,Brackely,Rori.Brackely@yopmail.com,Rori.Brackely@gmail.com,firefighter
841,Karly,Vorster,Karly.Vorster@yopmail.com,Karly.Vorster@gmail.com,firefighter
842,Rosanne,Curren,Rosanne.Curren@yopmail.com,Rosanne.Curren@gmail.com,doctor
843,Elvira,Natalia,Elvira.Natalia@yopmail.com,Elvira.Natalia@gmail.com,firefighter
844,Theodora,Hubert,Theodora.Hubert@yopmail.com,Theodora.Hubert@gmail.com,worker
845,Maye,Bartlett,Maye.Bartlett@yopmail.com,Maye.Bartlett@gmail.com,doctor
846,Aurelie,Aaberg,Aurelie.Aaberg@yopmail.com,Aurelie.Aaberg@gmail.com,worker
847,Viviene,Chinua,Viviene.Chinua@yopmail.com,Viviene.Chinua@gmail.com,doctor
848,Albertina,Jorgan,Albertina.Jorgan@yopmail.com,Albertina.Jorgan@gmail.com,developer
849,Michaelina,Radu,Michaelina.Radu@yopmail.com,Michaelina.Radu@gmail.com,police officer
850,Winny,Wind,Winny.Wind@yopmail.com,Winny.Wind@gmail.com,developer
851,Roberta,Silvan,Roberta.Silvan@yopmail.com,Roberta.Silvan@gmail.com,police officer
852,Beatriz,Crudden,Beatriz.Crudden@yopmail.com,Beatriz.Crudden@gmail.com,firefighter
853,Lizzie,Lacombe,Lizzie.Lacombe@yopmail.com,Lizzie.Lacombe@gmail.com,worker
854,Elena,Fax,Elena.Fax@yopmail.com,Elena.Fax@gmail.com,developer
855,Stephanie,Dawkins,Stephanie.Dawkins@yopmail.com,Stephanie.Dawkins@gmail.com,doctor
856,Bernie,Toni,Bernie.Toni@yopmail.com,Bernie.Toni@gmail.com,doctor
857,Ebonee,Bultman,Ebonee.Bultman@yopmail.com,Ebonee.Bultman@gmail.com,worker
858,Liana,Carleen,Liana.Carleen@yopmail.com,Liana.Carleen@gmail.com,doctor
859,Tilly,Sabella,Tilly.Sabella@yopmail.com,Tilly.Sabella@gmail.com,firefighter
860,Dione,Constancy,Dione.Constancy@yopmail.com,Dione.Constancy@gmail.com,firefighter
861,Anestassia,Neils,Anestassia.Neils@yopmail.com,Anestassia.Neils@gmail.com,worker
862,Shirlee,Longfellow,Shirlee.Longfellow@yopmail.com,Shirlee.Longfellow@gmail.com,worker
863,Karly,Chandler,Karly.Chandler@yopmail.com,Karly.Chandler@gmail.com,police officer
864,Nessie,Allare,Nessie.Allare@yopmail.com,Nessie.Allare@gmail.com,worker
865,Sidoney,Sundin,Sidoney.Sundin@yopmail.com,Sidoney.Sundin@gmail.com,firefighter
866,Zsa Zsa,Jary,Zsa Zsa.Jary@yopmail.com,Zsa Zsa.Jary@gmail.com,doctor
867,Mureil,Morgun,Mureil.Morgun@yopmail.com,Mureil.Morgun@gmail.com,worker
868,Blondelle,Albertine,Blondelle.Albertine@yopmail.com,Blondelle.Albertine@gmail.com,doctor
869,Sean,Hubert,Sean.Hubert@yopmail.com,Sean.Hubert@gmail.com,developer
870,Sean,Skell,Sean.Skell@yopmail.com,Sean.Skell@gmail.com,doctor
871,Demetris,Kannry,Demetris.Kannry@yopmail.com,Demetris.Kannry@gmail.com,police officer
872,Winifred,Ricarda,Winifred.Ricarda@yopmail.com,Winifred.Ricarda@gmail.com,worker
873,Emylee,Philoo,Emylee.Philoo@yopmail.com,Emylee.Philoo@gmail.com,police officer
874,Leia,Aprile,Leia.Aprile@yopmail.com,Leia.Aprile@gmail.com,firefighter
875,Veda,Jotham,Veda.Jotham@yopmail.com,Veda.Jotham@gmail.com,worker
876,Binny,Thad,Binny.Thad@yopmail.com,Binny.Thad@gmail.com,doctor
877,Gisela,Brandice,Gisela.Brandice@yopmail.com,Gisela.Brandice@gmail.com,developer
878,Judy,Jacinda,Judy.Jacinda@yopmail.com,Judy.Jacinda@gmail.com,firefighter
879,Gwyneth,Tippets,Gwyneth.Tippets@yopmail.com,Gwyneth.Tippets@gmail.com,worker
880,Jacquetta,Emmy,Jacquetta.Emmy@yopmail.com,Jacquetta.Emmy@gmail.com,developer
881,Marylou,Seagraves,Marylou.Seagraves@yopmail.com,Marylou.Seagraves@gmail.com,firefighter
882,Selia,Rudolph,Selia.Rudolph@yopmail.com,Selia.Rudolph@gmail.com,doctor
883,Raf,Vharat,Raf.Vharat@yopmail.com,Raf.Vharat@gmail.com,developer
884,Carol-Jean,Gino,Carol-Jean.Gino@yopmail.com,Carol-Jean.Gino@gmail.com,police officer
885,Libbie,Carleen,Libbie.Carleen@yopmail.com,Libbie.Carleen@gmail.com,developer
886,Dotty,Tamsky,Dotty.Tamsky@yopmail.com,Dotty.Tamsky@gmail.com,developer
887,Dorice,Zola,Dorice.Zola@yopmail.com,Dorice.Zola@gmail.com,firefighter
888,Courtnay,Thilda,Courtnay.Thilda@yopmail.com,Courtnay.Thilda@gmail.com,doctor
889,Lisette,Madox,Lisette.Madox@yopmail.com,Lisette.Madox@gmail.com,firefighter
890,Wilma,Georas,Wilma.Georas@yopmail.com,Wilma.Georas@gmail.com,firefighter
891,Tracey,Reinke,Tracey.Reinke@yopmail.com,Tracey.Reinke@gmail.com,police officer
892,Joane,Gaynor,Joane.Gaynor@yopmail.com,Joane.Gaynor@gmail.com,firefighter
893,Magdalena,Bertold,Magdalena.Bertold@yopmail.com,Magdalena.Bertold@gmail.com,developer
894,Fred,Urania,Fred.Urania@yopmail.com,Fred.Urania@gmail.com,worker
895,Lilith,Ailyn,Lilith.Ailyn@yopmail.com,Lilith.Ailyn@gmail.com,doctor
896,Leia,Ambrosia,Leia.Ambrosia@yopmail.com,Leia.Ambrosia@gmail.com,doctor
897,Sue,Mandler,Sue.Mandler@yopmail.com,Sue.Mandler@gmail.com,worker
898,Kaia,Roarke,Kaia.Roarke@yopmail.com,Kaia.Roarke@gmail.com,worker
899,Etta,Sparhawk,Etta.Sparhawk@yopmail.com,Etta.Sparhawk@gmail.com,developer
900,Imojean,Bow,Imojean.Bow@yopmail.com,Imojean.Bow@gmail.com,doctor
901,June,Socha,June.Socha@yopmail.com,June.Socha@gmail.com,police officer
902,Jaclyn,Sadowski,Jaclyn.Sadowski@yopmail.com,Jaclyn.Sadowski@gmail.com,worker
903,Lusa,Delila,Lusa.Delila@yopmail.com,Lusa.Delila@gmail.com,worker
904,Alejandra,Virgin,Alejandra.Virgin@yopmail.com,Alejandra.Virgin@gmail.com,developer
905,Paola,Douglass,Paola.Douglass@yopmail.com,Paola.Douglass@gmail.com,worker
906,Marinna,Fennessy,Marinna.Fennessy@yopmail.com,Marinna.Fennessy@gmail.com,developer
907,Audrie,Fontana,Audrie.Fontana@yopmail.com,Audrie.Fontana@gmail.com,worker
908,Concettina,Faro,Concettina.Faro@yopmail.com,Concettina.Faro@gmail.com,doctor
909,Ericka,Stanwood,Ericka.Stanwood@yopmail.com,Ericka.Stanwood@gmail.com,worker
910,Edyth,Rozanna,Edyth.Rozanna@yopmail.com,Edyth.Rozanna@gmail.com,developer
911,Kathi,Bonucci,Kathi.Bonucci@yopmail.com,Kathi.Bonucci@gmail.com,police officer
912,Orelia,Dorothy,Orelia.Dorothy@yopmail.com,Orelia.Dorothy@gmail.com,developer
913,Charlena,Tamar,Charlena.Tamar@yopmail.com,Charlena.Tamar@gmail.com,doctor
914,Myrtice,Winthorpe,Myrtice.Winthorpe@yopmail.com,Myrtice.Winthorpe@gmail.com,police officer
915,Anica,Judye,Anica.Judye@yopmail.com,Anica.Judye@gmail.com,police officer
916,Diena,Gaynor,Diena.Gaynor@yopmail.com,Diena.Gaynor@gmail.com,developer
917,Maye,Seagraves,Maye.Seagraves@yopmail.com,Maye.Seagraves@gmail.com,worker
918,Theodora,Yam,Theodora.Yam@yopmail.com,Theodora.Yam@gmail.com,doctor
919,Phedra,Gibbeon,Phedra.Gibbeon@yopmail.com,Phedra.Gibbeon@gmail.com,worker
920,Jacenta,Janith,Jacenta.Janith@yopmail.com,Jacenta.Janith@gmail.com,developer
921,Shell,Poll,Shell.Poll@yopmail.com,Shell.Poll@gmail.com,police officer
922,Katleen,Turne,Katleen.Turne@yopmail.com,Katleen.Turne@gmail.com,firefighter
923,Adele,Lytton,Adele.Lytton@yopmail.com,Adele.Lytton@gmail.com,doctor
924,Shandie,Faust,Shandie.Faust@yopmail.com,Shandie.Faust@gmail.com,developer
925,Marnia,Anastatius,Marnia.Anastatius@yopmail.com,Marnia.Anastatius@gmail.com,developer
926,Bernardine,Eben,Bernardine.Eben@yopmail.com,Bernardine.Eben@gmail.com,worker
927,Sabina,Tice,Sabina.Tice@yopmail.com,Sabina.Tice@gmail.com,worker
928,Lanae,Rooney,Lanae.Rooney@yopmail.com,Lanae.Rooney@gmail.com,firefighter
929,Fayre,Noman,Fayre.Noman@yopmail.com,Fayre.Noman@gmail.com,firefighter
930,Ardys,Gilmour,Ardys.Gilmour@yopmail.com,Ardys.Gilmour@gmail.com,worker
931,Dawn,Kenney,Dawn.Kenney@yopmail.com,Dawn.Kenney@gmail.com,developer
932,Konstance,Oneida,Konstance.Oneida@yopmail.com,Konstance.Oneida@gmail.com,police officer
933,Josephine,Anderea,Josephine.Anderea@yopmail.com,Josephine.Anderea@gmail.com,doctor
934,Kamilah,Newell,Kamilah.Newell@yopmail.com,Kamilah.Newell@gmail.com,firefighter
935,Layla,Vivle,Layla.Vivle@yopmail.com,Layla.Vivle@gmail.com,doctor
936,Hildegaard,Clarissa,Hildegaard.Clarissa@yopmail.com,Hildegaard.Clarissa@gmail.com,firefighter
937,Lexine,Monaco,Lexine.Monaco@yopmail.com,Lexine.Monaco@gmail.com,worker
938,Veda,Clie,Veda.Clie@yopmail.com,Veda.Clie@gmail.com,police officer
939,Dominga,Diogenes,Dominga.Diogenes@yopmail.com,Dominga.Diogenes@gmail.com,developer
940,Bobbi,Euridice,Bobbi.Euridice@yopmail.com,Bobbi.Euridice@gmail.com,police officer
941,Gaylene,Chobot,Gaylene.Chobot@yopmail.com,Gaylene.Chobot@gmail.com,developer
942,Sophia,Berne,Sophia.Berne@yopmail.com,Sophia.Berne@gmail.com,police officer
943,Queenie,Graig,Queenie.Graig@yopmail.com,Queenie.Graig@gmail.com,worker
944,Taffy,Frodi,Taffy.Frodi@yopmail.com,Taffy.Frodi@gmail.com,firefighter
945,Henriette,Sinegold,Henriette.Sinegold@yopmail.com,Henriette.Sinegold@gmail.com,developer
946,Demetris,Diogenes,Demetris.Diogenes@yopmail.com,Demetris.Diogenes@gmail.com,worker
947,Fawne,Romelda,Fawne.Romelda@yopmail.com,Fawne.Romelda@gmail.com,worker
948,Bobinette,Philipp,Bobinette.Philipp@yopmail.com,Bobinette.Philipp@gmail.com,firefighter
949,Corry,Nadia,Corry.Nadia@yopmail.com,Corry.Nadia@gmail.com,worker
950,Nonnah,Israeli,Nonnah.Israeli@yopmail.com,Nonnah.Israeli@gmail.com,worker
951,Clarice,Kirstin,Clarice.Kirstin@yopmail.com,Clarice.Kirstin@gmail.com,firefighter
952,Vita,Bartlett,Vita.Bartlett@yopmail.com,Vita.Bartlett@gmail.com,firefighter
953,Sallie,Nelsen,Sallie.Nelsen@yopmail.com,Sallie.Nelsen@gmail.com,doctor
954,Layla,Mozelle,Layla.Mozelle@yopmail.com,Layla.Mozelle@gmail.com,worker
955,Teddie,Japeth,Teddie.Japeth@yopmail.com,Teddie.Japeth@gmail.com,doctor
956,Lucy,Cherianne,Lucy.Cherianne@yopmail.com,Lucy.Cherianne@gmail.com,developer
957,Meghann,Willie,Meghann.Willie@yopmail.com,Meghann.Willie@gmail.com,firefighter
958,Farrah,Loeb,Farrah.Loeb@yopmail.com,Farrah.Loeb@gmail.com,worker
959,Jacquetta,Willie,Jacquetta.Willie@yopmail.com,Jacquetta.Willie@gmail.com,doctor
960,Caryl,Rheingold,Caryl.Rheingold@yopmail.com,Caryl.Rheingold@gmail.com,developer
961,Annabela,Sholley,Annabela.Sholley@yopmail.com,Annabela.Sholley@gmail.com,worker
962,Karly,Raseda,Karly.Raseda@yopmail.com,Karly.Raseda@gmail.com,firefighter
963,Donetta,Ezar,Donetta.Ezar@yopmail.com,Donetta.Ezar@gmail.com,developer
964,Christian,Hurley,Christian.Hurley@yopmail.com,Christian.Hurley@gmail.com,developer
965,Laure,Anestassia,Laure.Anestassia@yopmail.com,Laure.Anestassia@gmail.com,firefighter
966,Shannah,Baptlsta,Shannah.Baptlsta@yopmail.com,Shannah.Baptlsta@gmail.com,police officer
967,Paola,Keelia,Paola.Keelia@yopmail.com,Paola.Keelia@gmail.com,worker
968,Aubrie,Weaks,Aubrie.Weaks@yopmail.com,Aubrie.Weaks@gmail.com,firefighter
969,Emylee,Sabella,Emylee.Sabella@yopmail.com,Emylee.Sabella@gmail.com,police officer
970,Quintina,Dannye,Quintina.Dannye@yopmail.com,Quintina.Dannye@gmail.com,police officer
971,Lyssa,Ahab,Lyssa.Ahab@yopmail.com,Lyssa.Ahab@gmail.com,worker
972,Kylynn,Azeria,Kylynn.Azeria@yopmail.com,Kylynn.Azeria@gmail.com,police officer
973,Mariann,Couture,Mariann.Couture@yopmail.com,Mariann.Couture@gmail.com,developer
974,Jean,Flyn,Jean.Flyn@yopmail.com,Jean.Flyn@gmail.com,firefighter
975,Xylina,Hollingsworth,Xylina.Hollingsworth@yopmail.com,Xylina.Hollingsworth@gmail.com,police officer
976,Dawn,Chinua,Dawn.Chinua@yopmail.com,Dawn.Chinua@gmail.com,firefighter
977,Carolina,Elephus,Carolina.Elephus@yopmail.com,Carolina.Elephus@gmail.com,firefighter
978,Bettine,Anastatius,Bettine.Anastatius@yopmail.com,Bettine.Anastatius@gmail.com,developer
979,Margarette,Vharat,Margarette.Vharat@yopmail.com,Margarette.Vharat@gmail.com,firefighter
980,Sibella,Kelula,Sibella.Kelula@yopmail.com,Sibella.Kelula@gmail.com,doctor
981,Drucie,Killigrew,Drucie.Killigrew@yopmail.com,Drucie.Killigrew@gmail.com,doctor
982,Sam,Cherianne,Sam.Cherianne@yopmail.com,Sam.Cherianne@gmail.com,developer
983,Meghann,Israeli,Meghann.Israeli@yopmail.com,Meghann.Israeli@gmail.com,firefighter
984,Aimil,Lumbard,Aimil.Lumbard@yopmail.com,Aimil.Lumbard@gmail.com,doctor
985,Maridel,Stav,Maridel.Stav@yopmail.com,Maridel.Stav@gmail.com,developer
986,Marjie,Kalinda,Marjie.Kalinda@yopmail.com,Marjie.Kalinda@gmail.com,developer
987,Hildegaard,O'Rourke,Hildegaard.O'Rourke@yopmail.com,Hildegaard.O'Rourke@gmail.com,worker
988,Albertina,Nicoline,Albertina.Nicoline@yopmail.com,Albertina.Nicoline@gmail.com,police officer
989,Allis,Lindemann,Allis.Lindemann@yopmail.com,Allis.Lindemann@gmail.com,police officer
990,Mathilda,Berl,Mathilda.Berl@yopmail.com,Mathilda.Berl@gmail.com,doctor
991,Lolita,Stanwood,Lolita.Stanwood@yopmail.com,Lolita.Stanwood@gmail.com,firefighter
992,Blondelle,Sprage,Blondelle.Sprage@yopmail.com,Blondelle.Sprage@gmail.com,firefighter
993,Kathy,Eliathas,Kathy.Eliathas@yopmail.com,Kathy.Eliathas@gmail.com,police officer
994,Kalina,Yuille,Kalina.Yuille@yopmail.com,Kalina.Yuille@gmail.com,police officer
995,Brena,Irmine,Brena.Irmine@yopmail.com,Brena.Irmine@gmail.com,doctor
996,Imojean,Wesle,Imojean.Wesle@yopmail.com,Imojean.Wesle@gmail.com,doctor
997,Frank,Socha,Frank.Socha@yopmail.com,Frank.Socha@gmail.com,firefighter
998,Brandise,Joni,Brandise.Joni@yopmail.com,Brandise.Joni@gmail.com,developer
999,Alleen,Cassius,Alleen.Cassius@yopmail.com,Alleen.Cassius@gmail.com,doctor
1000,Sherrie,Brenn,Sherrie.Brenn@yopmail.com,Sherrie.Brenn@gmail.com,doctor
1001,Isa,Kelula,Isa.Kelula@yopmail.com,Isa.Kelula@gmail.com,worker
1002,Ketti,Weide,Ketti.Weide@yopmail.com,Ketti.Weide@gmail.com,developer
1003,Rozele,Arquit,Rozele.Arquit@yopmail.com,Rozele.Arquit@gmail.com,developer
1004,Deloria,Buckler,Deloria.Buckler@yopmail.com,Deloria.Buckler@gmail.com,doctor
1005,Philis,Damarra,Philis.Damarra@yopmail.com,Philis.Damarra@gmail.com,worker
1006,Devina,Eachern,Devina.Eachern@yopmail.com,Devina.Eachern@gmail.com,doctor
1007,Coral,Callista,Coral.Callista@yopmail.com,Coral.Callista@gmail.com,police officer
1008,Maye,Adlare,Maye.Adlare@yopmail.com,Maye.Adlare@gmail.com,police officer
1009,Cecile,Kosey,Cecile.Kosey@yopmail.com,Cecile.Kosey@gmail.com,doctor
1010,Rivalee,Regan,Rivalee.Regan@yopmail.com,Rivalee.Regan@gmail.com,doctor
1011,Lilith,Rhu,Lilith.Rhu@yopmail.com,Lilith.Rhu@gmail.com,developer
1012,Carlie,Eiser,Carlie.Eiser@yopmail.com,Carlie.Eiser@gmail.com,police officer
1013,Marylou,Maroney,Marylou.Maroney@yopmail.com,Marylou.Maroney@gmail.com,firefighter
1014,Liana,Edee,Liana.Edee@yopmail.com,Liana.Edee@gmail.com,police officer
1015,Maurene,Virgin,Maurene.Virgin@yopmail.com,Maurene.Virgin@gmail.com,firefighter
1016,Nickie,Auberbach,Nickie.Auberbach@yopmail.com,Nickie.Auberbach@gmail.com,firefighter
1017,Tomasina,Emmaline,Tomasina.Emmaline@yopmail.com,Tomasina.Emmaline@gmail.com,firefighter
1018,Cristabel,Lory,Cristabel.Lory@yopmail.com,Cristabel.Lory@gmail.com,developer
1019,Lily,Tatianas,Lily.Tatianas@yopmail.com,Lily.Tatianas@gmail.com,doctor
1020,Gilda,Arley,Gilda.Arley@yopmail.com,Gilda.Arley@gmail.com,firefighter
1021,Nita,Greyson,Nita.Greyson@yopmail.com,Nita.Greyson@gmail.com,developer
1022,Rayna,Silvan,Rayna.Silvan@yopmail.com,Rayna.Silvan@gmail.com,worker
1023,Jordan,Jarib,Jordan.Jarib@yopmail.com,Jordan.Jarib@gmail.com,worker
1024,Jennica,Pyle,Jennica.Pyle@yopmail.com,Jennica.Pyle@gmail.com,police officer
1025,Binny,Gualtiero,Binny.Gualtiero@yopmail.com,Binny.Gualtiero@gmail.com,police officer
1026,Basia,Cohdwell,Basia.Cohdwell@yopmail.com,Basia.Cohdwell@gmail.com,worker
1027,Dulce,Elisha,Dulce.Elisha@yopmail.com,Dulce.Elisha@gmail.com,police officer
1028,Codie,Cohdwell,Codie.Cohdwell@yopmail.com,Codie.Cohdwell@gmail.com,doctor
1029,Georgina,Ellord,Georgina.Ellord@yopmail.com,Georgina.Ellord@gmail.com,developer
1030,Audrie,Brian,Audrie.Brian@yopmail.com,Audrie.Brian@gmail.com,doctor
1031,Carly,Rubie,Carly.Rubie@yopmail.com,Carly.Rubie@gmail.com,firefighter
1032,Fidelia,Center,Fidelia.Center@yopmail.com,Fidelia.Center@gmail.com,worker
1033,Nonnah,Fry,Nonnah.Fry@yopmail.com,Nonnah.Fry@gmail.com,firefighter
1034,Chastity,Sharl,Chastity.Sharl@yopmail.com,Chastity.Sharl@gmail.com,firefighter
1035,Luci,Keily,Luci.Keily@yopmail.com,Luci.Keily@gmail.com,worker
1036,Codie,Dahlia,Codie.Dahlia@yopmail.com,Codie.Dahlia@gmail.com,doctor
1037,Sheelagh,Hutchison,Sheelagh.Hutchison@yopmail.com,Sheelagh.Hutchison@gmail.com,police officer
1038,Siana,Lorenz,Siana.Lorenz@yopmail.com,Siana.Lorenz@gmail.com,firefighter
1039,Brana,Daegal,Brana.Daegal@yopmail.com,Brana.Daegal@gmail.com,developer
1040,Eve,Revkah,Eve.Revkah@yopmail.com,Eve.Revkah@gmail.com,police officer
1041,Vevay,Naor,Vevay.Naor@yopmail.com,Vevay.Naor@gmail.com,police officer
1042,Kittie,Anderea,Kittie.Anderea@yopmail.com,Kittie.Anderea@gmail.com,doctor
1043,Clementine,Helfand,Clementine.Helfand@yopmail.com,Clementine.Helfand@gmail.com,doctor
1044,Robbi,Posner,Robbi.Posner@yopmail.com,Robbi.Posner@gmail.com,worker
1045,Nadine,Tippets,Nadine.Tippets@yopmail.com,Nadine.Tippets@gmail.com,worker
1046,Aimil,Urania,Aimil.Urania@yopmail.com,Aimil.Urania@gmail.com,firefighter
1047,Ronna,Linehan,Ronna.Linehan@yopmail.com,Ronna.Linehan@gmail.com,doctor
1048,Bill,Mandler,Bill.Mandler@yopmail.com,Bill.Mandler@gmail.com,firefighter
1049,Britni,Percy,Britni.Percy@yopmail.com,Britni.Percy@gmail.com,police officer
1050,Tera,Japeth,Tera.Japeth@yopmail.com,Tera.Japeth@gmail.com,police officer
1051,Vivia,Burch,Vivia.Burch@yopmail.com,Vivia.Burch@gmail.com,worker
1052,Lucy,Naashom,Lucy.Naashom@yopmail.com,Lucy.Naashom@gmail.com,firefighter
1053,Goldie,Sparhawk,Goldie.Sparhawk@yopmail.com,Goldie.Sparhawk@gmail.com,firefighter
1054,Pearline,Emmy,Pearline.Emmy@yopmail.com,Pearline.Emmy@gmail.com,doctor
1055,Kellen,Suzetta,Kellen.Suzetta@yopmail.com,Kellen.Suzetta@gmail.com,worker
1056,Larine,Bonucci,Larine.Bonucci@yopmail.com,Larine.Bonucci@gmail.com,developer
1057,Frieda,Jacobah,Frieda.Jacobah@yopmail.com,Frieda.Jacobah@gmail.com,developer
1058,Melina,Rocray,Melina.Rocray@yopmail.com,Melina.Rocray@gmail.com,doctor
1059,Rhea,Niles,Rhea.Niles@yopmail.com,Rhea.Niles@gmail.com,firefighter
1060,Glenda,Goode,Glenda.Goode@yopmail.com,Glenda.Goode@gmail.com,developer
1061,Aryn,Margarete,Aryn.Margarete@yopmail.com,Aryn.Margarete@gmail.com,worker
1062,Maud,Gilmour,Maud.Gilmour@yopmail.com,Maud.Gilmour@gmail.com,worker
1063,Riannon,Donell,Riannon.Donell@yopmail.com,Riannon.Donell@gmail.com,firefighter
1064,Sidoney,Sparhawk,Sidoney.Sparhawk@yopmail.com,Sidoney.Sparhawk@gmail.com,developer
1065,Celestyna,Gemini,Celestyna.Gemini@yopmail.com,Celestyna.Gemini@gmail.com,police officer
1066,Bertine,Marsden,Bertine.Marsden@yopmail.com,Bertine.Marsden@gmail.com,developer
1067,Alisha,Linehan,Alisha.Linehan@yopmail.com,Alisha.Linehan@gmail.com,developer
1068,Malina,Beebe,Malina.Beebe@yopmail.com,Malina.Beebe@gmail.com,doctor
1069,Rori,Havens,Rori.Havens@yopmail.com,Rori.Havens@gmail.com,firefighter
1070,Nikki,Goth,Nikki.Goth@yopmail.com,Nikki.Goth@gmail.com,doctor
1071,Alex,Yorick,Alex.Yorick@yopmail.com,Alex.Yorick@gmail.com,developer
1072,Karlee,Ephrem,Karlee.Ephrem@yopmail.com,Karlee.Ephrem@gmail.com,doctor
1073,Dacia,Warthman,Dacia.Warthman@yopmail.com,Dacia.Warthman@gmail.com,firefighter
1074,Mildrid,Blase,Mildrid.Blase@yopmail.com,Mildrid.Blase@gmail.com,firefighter
1075,Tilly,Ovid,Tilly.Ovid@yopmail.com,Tilly.Ovid@gmail.com,doctor
1076,Antonietta,Wooster,Antonietta.Wooster@yopmail.com,Antonietta.Wooster@gmail.com,firefighter
1077,Mara,Goddard,Mara.Goddard@yopmail.com,Mara.Goddard@gmail.com,worker
1078,Jeanna,Joni,Jeanna.Joni@yopmail.com,Jeanna.Joni@gmail.com,firefighter
1079,Jackie,Leler,Jackie.Leler@yopmail.com,Jackie.Leler@gmail.com,doctor
1080,Zaria,Anton,Zaria.Anton@yopmail.com,Zaria.Anton@gmail.com,police officer
1081,Aurelie,Ailyn,Aurelie.Ailyn@yopmail.com,Aurelie.Ailyn@gmail.com,doctor
1082,Meg,Anestassia,Meg.Anestassia@yopmail.com,Meg.Anestassia@gmail.com,doctor
1083,Ezmeralda,Lane,Ezmeralda.Lane@yopmail.com,Ezmeralda.Lane@gmail.com,doctor
1084,Odessa,Tybald,Odessa.Tybald@yopmail.com,Odessa.Tybald@gmail.com,developer
1085,Teddie,Bord,Teddie.Bord@yopmail.com,Teddie.Bord@gmail.com,worker
1086,Rozele,Jarib,Rozele.Jarib@yopmail.com,Rozele.Jarib@gmail.com,firefighter
1087,Paola,Laverne,Paola.Laverne@yopmail.com,Paola.Laverne@gmail.com,firefighter
1088,Dacia,Fleeta,Dacia.Fleeta@yopmail.com,Dacia.Fleeta@gmail.com,developer
1089,Yolane,Killigrew,Yolane.Killigrew@yopmail.com,Yolane.Killigrew@gmail.com,developer
1090,Randa,Haymes,Randa.Haymes@yopmail.com,Randa.Haymes@gmail.com,police officer
1091,Emilia,Gavrila,Emilia.Gavrila@yopmail.com,Emilia.Gavrila@gmail.com,doctor
1092,Paule,Jotham,Paule.Jotham@yopmail.com,Paule.Jotham@gmail.com,worker
1093,Dione,Rubie,Dione.Rubie@yopmail.com,Dione.Rubie@gmail.com,developer
1094,Sissy,Trinetta,Sissy.Trinetta@yopmail.com,Sissy.Trinetta@gmail.com,doctor
1095,Vonny,Hubert,Vonny.Hubert@yopmail.com,Vonny.Hubert@gmail.com,doctor
1096,Valera,Hourigan,Valera.Hourigan@yopmail.com,Valera.Hourigan@gmail.com,police officer
1097,Ginnie,Chobot,Ginnie.Chobot@yopmail.com,Ginnie.Chobot@gmail.com,developer
1098,Berta,Dorine,Berta.Dorine@yopmail.com,Berta.Dorine@gmail.com,firefighter
1099,Priscilla,Linskey,Priscilla.Linskey@yopmail.com,Priscilla.Linskey@gmail.com,doctor