id,firstname,lastname,email,email2,profession
100,Gabriellia,Madelene,Gabriellia.Madelene@yopmail.com,Gabriellia.Madelene@gmail.com,firefighter
101,Averyl,Chabot,Averyl.Chabot@yopmail.com,Averyl.Chabot@gmail.com,worker
102,Sallie,Longfellow,Sallie.Longfellow@yopmail.com,Sallie.Longfellow@gmail.com,doctor
103,Kimberley,Seumas,Kimberley.Seumas@yopmail.com,Kimberley.Seumas@gmail.com,worker
104,Lauryn,Pip,Lauryn.Pip@yopmail.com,Lauryn.Pip@gmail.com,doctor
105,Cissiee,Cressida,Cissiee.Cressida@yopmail.com,Cissiee.Cressida@gmail.com,worker
106,Frieda,Papageno,Frieda.Papageno@yopmail.com,Frieda.Papageno@gmail.com,developer
107,Amii,Dermott,Amii.Dermott@yopmail.com,Amii.Dermott@gmail.com,worker
108,Amelia,Lucienne,Amelia.Lucienne@yopmail.com,Amelia.Lucienne@gmail.com,developer
109,Doralynne,Bobbee,Doralynne.Bobbee@yopmail.com,Doralynne.Bobbee@gmail.com,worker
110,Randa,Freddi,Randa.Freddi@yopmail.com,Randa.Freddi@gmail.com,developer
111,Kate,Mullane,Kate.Mullane@yopmail.com,Kate.Mullane@gmail.com,worker
112,Jacenta,Arquit,Jacenta.Arquit@yopmail.com,Jacenta.Arquit@gmail.com,firefighter
113,Perry,Jefferey,Perry.Jefferey@yopmail.com,Perry.Jefferey@gmail.com,doctor
114,Kathi,Lynn,Kathi.Lynn@yopmail.com,Kathi.Lynn@gmail.com,doctor
115,Pearline,Dahlia,Pearline.Dahlia@yopmail.com,Pearline.Dahlia@gmail.com,doctor
116,Tatiania,Corilla,Tatiania.Corilla@yopmail.com,Tatiania.Corilla@gmail.com,firefighter
117,Alexine,Han,Alexine.Han@yopmail.com,Alexine.Han@gmail.com,developer
118,Ileana,Weitman,Ileana.Weitman@yopmail.com,Ileana.Weitman@gmail.com,worker
119,Hettie,Lissi,Hettie.Lissi@yopmail.com,Hettie.Lissi@gmail.com,police officer
120,Charlena,Longfellow,Charlena.Longfellow@yopmail.com,Charlena.Longfellow@gmail.com,police officer
121,Mamie,Hertzfeld,Mamie.Hertzfeld@yopmail.com,Mamie.Hertzfeld@gmail.com,worker
122,Helsa,Sancho,Helsa.Sancho@yopmail.com,Helsa.Sancho@gmail.com,doctor
123,Ivett,Loring,Ivett.Loring@yopmail.com,Ivett.Loring@gmail.com,doctor
124,Lanna,Germann,Lanna.Germann@yopmail.com,Lanna.Germann@gmail.com,worker
125,Carlie,McClimans,Carlie.McClimans@yopmail.com,Carlie.McClimans@gmail.com,developer
126,Bobbi,Wilkinson,Bobbi.Wilkinson@yopmail.com,Bobbi.Wilkinson@gmail.com,police officer
127,Debee,Lail,Debee.Lail@yopmail.com,Debee.Lail@gmail.com,worker
128,Shandie,Fabiola,Shandie.Fabiola@yopmail.com,Shandie.Fabiola@gmail.com,police officer
129,Adriana,Tybald,Adriana.Tybald@yopmail.com,Adriana.Tybald@gmail.com,worker
130,Lynea,Marcellus,Lynea.Marcellus@yopmail.com,Lynea.Marcellus@gmail.com,firefighter
131,Gilda,Boycey,Gilda.Boycey@yopmail.com,Gilda.Boycey@gmail.com,doctor
132,Kylynn,Podvin,Kylynn.Podvin@yopmail.com,Kylynn.Podvin@gmail.com,worker
133,Lorne,Skell,Lorne.Skell@yopmail.com,Lorne.Skell@gmail.com,developer
134,Jasmina,Harriman,Jasmina.Harriman@yopmail.com,Jasmina.Harriman@gmail.com,worker
135,Devina,Tice,Devina.Tice@yopmail.com,Devina.Tice@gmail.com,doctor
136,Jeanna,Isacco,Jeanna.Isacco@yopmail.com,Jeanna.Isacco@gmail.com,doctor
137,Ariela,Destinee,Ariela.Destinee@yopmail.com,Ariela.Destinee@gmail.com,worker
138,Jacquetta,Pernick,Jacquetta.Pernick@yopmail.com,Jacquetta.Pernick@gmail.com,doctor
139,Evaleen,Natalia,Evaleen.Natalia@yopmail.com,Evaleen.Natalia@gmail.com,developer
140,Alleen,Mozelle,Alleen.Mozelle@yopmail.com,Alleen.Mozelle@gmail.com,police officer
141,Gavrielle,Giule,Gavrielle.Giule@yopmail.com,Gavrielle.Giule@gmail.com,worker
142,Brynna,Stelle,Brynna.Stelle@yopmail.com,Brynna.Stelle@gmail.com,doctor
143,Vevay,Drus,Vevay.Drus@yopmail.com,Vevay.Drus@gmail.com,worker
144,Aryn,Ferino,Aryn.Ferino@yopmail.com,Aryn.Ferino@gmail.com,worker
145,Miquela,Blase,Miquela.Blase@yopmail.com,Miquela.Blase@gmail.com,police officer
146,Britni,Euridice,Britni.Euridice@yopmail.com,Britni.Euridice@gmail.com,doctor
147,Sam,Swigart,Sam.Swigart@yopmail.com,Sam.Swigart@gmail.com,worker
148,Albertina,Ietta,Albertina.Ietta@yopmail.com,Albertina.Ietta@gmail.com,developer
149,Carree,Constancy,Carree.Constancy@yopmail.com,Carree.Constancy@gmail.com,developer
150,Helsa,Franza,Helsa.Franza@yopmail.com,Helsa.Franza@gmail.com,worker
151,Mamie,Marlie,Mamie.Marlie@yopmail.com,Mamie.Marlie@gmail.com,police officer
152,Helena,Cavan,Helena.Cavan@yopmail.com,Helena.Cavan@gmail.com,developer
153,Brena,Norrie,Brena.Norrie@yopmail.com,Brena.Norrie@gmail.com,firefighter
154,Anallese,Joachim,Anallese.Joachim@yopmail.com,Anallese.Joachim@gmail.com,developer
155,Daune,Leler,Daune.Leler@yopmail.com,Daune.Leler@gmail.com,police officer
156,Aigneis,Rosette,Aigneis.Rosette@yopmail.com,Aigneis.Rosette@gmail.com,developer
157,Orelia,Ursulette,Orelia.Ursulette@yopmail.com,Orelia.Ursulette@gmail.com,worker
158,Fred,Hunfredo,Fred.Hunfredo@yopmail.com,Fred.Hunfredo@gmail.com,firefighter
159,Siana,Drus,Siana.Drus@yopmail.com,Siana.Drus@gmail.com,police officer
160,Kathy,Rebecka,Kathy.Rebecka@yopmail.com,Kathy.Rebecka@gmail.com,doctor
161,Jillayne,Ahab,Jillayne.Ahab@yopmail.com,Jillayne.Ahab@gmail.com,doctor
162,Nannie,Parette,Nannie.Parette@yopmail.com,Nannie.Parette@gmail.com,firefighter
163,Candy,Gower,Candy.Gower@yopmail.com,Candy.Gower@gmail.com,doctor
164,Kary,Othilia,Kary.Othilia@yopmail.com,Kary.Othilia@gmail.com,developer
165,Ayn,Harday,Ayn.Harday@yopmail.com,Ayn.Harday@gmail.com,police officer
166,Tiffie,Knowling,Tiffie.Knowling@yopmail.com,Tiffie.Knowling@gmail.com,doctor
167,Flory,Agle,Flory.Agle@yopmail.com,Flory.Agle@gmail.com,developer
168,Jany,Gert,Jany.Gert@yopmail.com,Jany.Gert@gmail.com,worker
169,Melisent,Nahum,Melisent.Nahum@yopmail.com,Melisent.Nahum@gmail.com,police officer
170,Roseline,Yoko,Roseline.Yoko@yopmail.com,Roseline.Yoko@gmail.com,developer
171,Lesly,Kristi,Lesly.Kristi@yopmail.com,Lesly.Kristi@gmail.com,worker
172,Gerianna,Oscar,Gerianna.Oscar@yopmail.com,Gerianna.Oscar@gmail.com,firefighter
173,Nickie,Fredi,Nickie.Fredi@yopmail.com,Nickie.Fredi@gmail.com,worker
174,Lanna,Roche,Lanna.Roche@yopmail.com,Lanna.Roche@gmail.com,doctor
175,Hallie,Raffo,Hallie.Raffo@yopmail.com,Hallie.Raffo@gmail.com,developer
176,Sara-Ann,Quinn,Sara-Ann.Quinn@yopmail.com,Sara-Ann.Quinn@gmail.com,firefighter
177,Tarra,Tarrant,Tarra.Tarrant@yopmail.com,Tarra.Tarrant@gmail.com,worker
178,Catharine,Cath,Catharine.Cath@yopmail.com,Catharine.Cath@gmail.com,developer
179,Margalo,Claudine,Margalo.Claudine@yopmail.com,Margalo.Claudine@gmail.com,police officer
180,Joelly,Markman,Joelly.Markman@yopmail.com,Joelly.Markman@gmail.com,developer
181,Carlie,Aida,Carlie.Aida@yopmail.com,Carlie.Aida@gmail.com,firefighter
182,Dari,Alisia,Dari.Alisia@yopmail.com,Dari.Alisia@gmail.com,doctor
183,Jackie,McCutcheon,Jackie.McCutcheon@yopmail.com,Jackie.McCutcheon@gmail.com,developer
184,Paule,Stevy,Paule.Stevy@yopmail.com,Paule.Stevy@gmail.com,developer
185,Lila,Wyn,Lila.Wyn@yopmail.com,Lila.Wyn@gmail.com,firefighter
186,Goldie,Eliathas,Goldie.Eliathas@yopmail.com,Goldie.Eliathas@gmail.com,developer
187,Livvyy,Jacinda,Livvyy.Jacinda@yopmail.com,Livvyy.Jacinda@gmail.com,police officer
188,Philis,Sothena,Philis.Sothena@yopmail.com,Philis.Sothena@gmail.com,developer
189,Roslyn,Euridice,Roslyn.Euridice@yopmail.com,Roslyn.Euridice@gmail.com,developer
190,Fernande,Merriott,Fernande.Merriott@yopmail.com,Fernande.Merriott@gmail.com,developer
191,Joy,Aprile,Joy.Aprile@yopmail.com,Joy.Aprile@gmail.com,firefighter
192,Nicoli,Saunderson,Nicoli.Saunderson@yopmail.com,Nicoli.Saunderson@gmail.com,developer
193,Joelly,Karylin,Joelly.Karylin@yopmail.com,Joelly.Karylin@gmail.com,firefighter
194,Hannis,Doig,Hannis.Doig@yopmail.com,Hannis.Doig@gmail.com,police officer
195,Cherrita,Camden,Cherrita.Camden@yopmail.com,Cherrita.Camden@gmail.com,developer
196,Wanda,Burch,Wanda.Burch@yopmail.com,Wanda.Burch@gmail.com,doctor
197,Marti,Allare,Marti.Allare@yopmail.com,Marti.Allare@gmail.com,police officer
198,Elfreda,Valoniah,Elfreda.Valoniah@yopmail.com,Elfreda.Valoniah@gmail.com,developer
199,Althea,Gaulin,Althea.Gaulin@yopmail.com,Althea.Gaulin@gmail.com,firefighter
200,Belinda,Drisko,Belinda.Drisko@yopmail.com,Belinda.Drisko@gmail.com,doctor
201,Courtnay,Ardeha,Courtnay.Ardeha@yopmail.com,Courtnay.Ardeha@gmail.com,developer
202,Valeda,Olin,Valeda.Olin@yopmail.com,Valeda.Olin@gmail.com,police officer
203,Tarra,Standing,Tarra.Standing@yopmail.com,Tarra.Standing@gmail.com,firefighter
204,Cindelyn,Gaspard,Cindelyn.Gaspard@yopmail.com,Cindelyn.Gaspard@gmail.com,worker
205,Theodora,Weide,Theodora.Weide@yopmail.com,Theodora.Weide@gmail.com,police officer
206,Henriette,Niles,Henriette.Niles@yopmail.com,Henriette.Niles@gmail.com,worker
207,Hermione,Carvey,Hermione.Carvey@yopmail.com,Hermione.Carvey@gmail.com,developer
208,Cristabel,Paine,Cristabel.Paine@yopmail.com,Cristabel.Paine@gmail.com,police officer
209,Romona,Dreda,Romona.Dreda@yopmail.com,Romona.Dreda@gmail.com,doctor
210,Priscilla,Eckblad,Priscilla.Eckblad@yopmail.com,Priscilla.Eckblad@gmail.com,doctor
211,Pamella,Rossner,Pamella.Rossner@yopmail.com,Pamella.Rossner@gmail.com,worker
212,Sarette,Kazimir,Sarette.Kazimir@yopmail.com,Sarette.Kazimir@gmail.com,developer
213,Karolina,Irmine,Karolina.Irmine@yopmail.com,Karolina.Irmine@gmail.com,doctor
214,Kristan,Monaco,Kristan.Monaco@yopmail.com,Kristan.Monaco@gmail.com,police officer
215,Joeann,Viddah,Joeann.Viddah@yopmail.com,Joeann.Viddah@gmail.com,police officer
216,Tilly,Lane,Tilly.Lane@yopmail.com,Tilly.Lane@gmail.com,firefighter
217,Vivia,Frodi,Vivia.Frodi@yopmail.com,Vivia.Frodi@gmail.com,firefighter
218,Glynnis,Henrie,Glynnis.Henrie@yopmail.com,Glynnis.Henrie@gmail.com,police officer
219,Vonny,Maroney,Vonny.Maroney@yopmail.com,Vonny.Maroney@gmail.com,doctor
220,Lolita,Trinetta,Lolita.Trinetta@yopmail.com,Lolita.Trinetta@gmail.com,developer
221,Caryl,Anestassia,Caryl.Anestassia@yopmail.com,Caryl.Anestassia@gmail.com,worker
222,Chloris,Alisia,Chloris.Alisia@yopmail.com,Chloris.Alisia@gmail.com,doctor
223,Lolita,Dowski,Lolita.Dowski@yopmail.com,Lolita.Dowski@gmail.com,worker
224,Nelle,Guildroy,Nelle.Guildroy@yopmail.com,Nelle.Guildroy@gmail.com,police officer
225,Gilligan,Karna,Gilligan.Karna@yopmail.com,Gilligan.Karna@gmail.com,firefighter
226,Tori,Standing,Tori.Standing@yopmail.com,Tori.Standing@gmail.com,doctor
227,Sherrie,Marisa,Sherrie.Marisa@yopmail.com,Sherrie.Marisa@gmail.com,developer
228,Donetta,Fadiman,Donetta.Fadiman@yopmail.com,Donetta.Fadiman@gmail.com,developer
229,Margarette,Hoban,Margarette.Hoban@yopmail.com,Margarette.Hoban@gmail.com,firefighter
230,Josephine,Durware,Josephine.Durware@yopmail.com,Josephine.Durware@gmail.com,police officer
231,Cathie,Genna,Cathie.Genna@yopmail.com,Cathie.Genna@gmail.com,doctor
232,Demetris,Goode,Demetris.Goode@yopmail.com,Demetris.Goode@gmail.com,developer
233,Brooks,Linehan,Brooks.Linehan@yopmail.com,Brooks.Linehan@gmail.com,police officer
234,Marjie,Stover,Marjie.Stover@yopmail.com,Marjie.Stover@gmail.com,doctor
235,Maye,Guildroy,Maye.Guildroy@yopmail.com,Maye.Guildroy@gmail.com,firefighter
236,Esmeralda,Jacinda,Esmeralda.Jacinda@yopmail.com,Esmeralda.Jacinda@gmail.com,firefighter
237,Madelle,Hanleigh,Madelle.Hanleigh@yopmail.com,Madelle.Hanleigh@gmail.com,developer
238,Sarette,Ilka,Sarette.Ilka@yopmail.com,Sarette.Ilka@gmail.com,doctor
239,Celestyna,Barney,Celestyna.Barney@yopmail.com,Celestyna.Barney@gmail.com,developer
240,Ellette,Zrike,Ellette.Zrike@yopmail.com,Ellette.Zrike@gmail.com,police officer
241,Catharine,Jacinda,Catharine.Jacinda@yopmail.com,Catharine.Jacinda@gmail.com,police officer
242,Norine,Wesle,Norine.Wesle@yopmail.com,Norine.Wesle@gmail.com,doctor
243,Jenilee,Junie,Jenilee.Junie@yopmail.com,Jenilee.Junie@gmail.com,firefighter
244,Jaime,Ioab,Jaime.Ioab@yopmail.com,Jaime.Ioab@gmail.com,developer
245,Carol-Jean,Hurley,Carol-Jean.Hurley@yopmail.com,Carol-Jean.Hurley@gmail.com,doctor
246,Dawn,Burnside,Dawn.Burnside@yopmail.com,Dawn.Burnside@gmail.com,firefighter
247,Cherilyn,Avi,Cherilyn.Avi@yopmail.com,Cherilyn.Avi@gmail.com,firefighter
248,Babita,Cohdwell,Babita.Cohdwell@yopmail.com,Babita.Cohdwell@gmail.com,doctor
249,Gaylene,Sharl,Gaylene.Sharl@yopmail.com,Gaylene.Sharl@gmail.com,worker
250,Ekaterina,Judye,Ekaterina.Judye@yopmail.com,Ekaterina.Judye@gmail.com,firefighter
251,Jacquetta,Ingra,Jacquetta.Ingra@yopmail.com,Jacquetta.Ingra@gmail.com,doctor
252,Agnese,Brandice,Agnese.Brandice@yopmail.com,Agnese.Brandice@gmail.com,firefighter
253,Minda,Sidonius,Minda.Sidonius@yopmail.com,Minda.Sidonius@gmail.com,firefighter
254,Tarra,Erb,Tarra.Erb@yopmail.com,Tarra.Erb@gmail.com,doctor
255,Jenda,Kathie,Jenda.Kathie@yopmail.com,Jenda.Kathie@gmail.com,worker
256,Ursulina,Leary,Ursulina.Leary@yopmail.com,Ursulina.Leary@gmail.com,worker
257,Beth,Janith,Beth.Janith@yopmail.com,Beth.Janith@gmail.com,police officer
258,Vonny,Hillel,Vonny.Hillel@yopmail.com,Vonny.Hillel@gmail.com,firefighter
259,Rozele,Ralfston,Rozele.Ralfston@yopmail.com,Rozele.Ralfston@gmail.com,doctor
260,Barbara,Lunsford,Barbara.Lunsford@yopmail.com,Barbara.Lunsford@gmail.com,worker
261,Hettie,Krystle,Hettie.Krystle@yopmail.com,Hettie.Krystle@gmail.com,firefighter
262,Lita,Amasa,Lita.Amasa@yopmail.com,Lita.Amasa@gmail.com,police officer
263,Pierette,Lacombe,Pierette.Lacombe@yopmail.com,Pierette.Lacombe@gmail.com,developer
264,Vere,Dorine,Vere.Dorine@yopmail.com,Vere.Dorine@gmail.com,doctor
265,Stephanie,Whittaker,Stephanie.Whittaker@yopmail.com,Stephanie.Whittaker@gmail.com,firefighter
266,Sonni,Ahab,Sonni.Ahab@yopmail.com,Sonni.Ahab@gmail.com,developer
267,Rosene,Rheingold,Rosene.Rheingold@yopmail.com,Rosene.Rheingold@gmail.com,firefighter
268,Norine,Hewitt,Norine.Hewitt@yopmail.com,Norine.Hewitt@gmail.com,firefighter
269,Bill,Maryanne,Bill.Maryanne@yopmail.com,Bill.Maryanne@gmail.com,doctor
270,Justinn,Bettine,Justinn.Bettine@yopmail.com,Justinn.Bettine@gmail.com,developer
271,Gui,Jalbert,Gui.Jalbert@yopmail.com,Gui.Jalbert@gmail.com,police officer
272,Kial,Klotz,Kial.Klotz@yopmail.com,Kial.Klotz@gmail.com,developer
273,Max,Sinegold,Max.Sinegold@yopmail.com,Max.Sinegold@gmail.com,police officer
274,Frances,Zola,Frances.Zola@yopmail.com,Frances.Zola@gmail.com,firefighter
275,Carol-Jean,Baptlsta,Carol-Jean.Baptlsta@yopmail.com,Carol-Jean.Baptlsta@gmail.com,police officer
276,Iseabal,Emerson,Iseabal.Emerson@yopmail.com,Iseabal.Emerson@gmail.com,firefighter
277,Bobbi,Hepsibah,Bobbi.Hepsibah@yopmail.com,Bobbi.Hepsibah@gmail.com,worker
278,Adore,Yerkovich,Adore.Yerkovich@yopmail.com,Adore.Yerkovich@gmail.com,worker
279,Zia,Kathie,Zia.Kathie@yopmail.com,Zia.Kathie@gmail.com,firefighter
280,Inga,Ethban,Inga.Ethban@yopmail.com,Inga.Ethban@gmail.com,developer
281,Nataline,Vary,Nataline.Vary@yopmail.com,Nataline.Vary@gmail.com,firefighter
282,Dede,Sundin,Dede.Sundin@yopmail.com,Dede.Sundin@gmail.com,doctor
283,Kaia,Etom,Kaia.Etom@yopmail.com,Kaia.Etom@gmail.com,doctor
284,Henriette,Seessel,Henriette.Seessel@yopmail.com,Henriette.Seessel@gmail.com,doctor
285,Taffy,Toffic,Taffy.Toffic@yopmail.com,Taffy.Toffic@gmail.com,worker
286,Nickie,Douglass,Nickie.Douglass@yopmail.com,Nickie.Douglass@gmail.com,firefighter
287,Jennica,Oscar,Jennica.Oscar@yopmail.com,Jennica.Oscar@gmail.com,firefighter
288,Sam,Peonir,Sam.Peonir@yopmail.com,Sam.Peonir@gmail.com,doctor
289,Renae,Candy,Renae.Candy@yopmail.com,Renae.Candy@gmail.com,doctor
290,Silvana,Clarissa,Silvana.Clarissa@yopmail.com,Silvana.Clarissa@gmail.com,doctor
291,Cordi,Naor,Cordi.Naor@yopmail.com,Cordi.Naor@gmail.com,police officer
292,Trudie,Wu,Trudie.Wu@yopmail.com,Trudie.Wu@gmail.com,worker
293,Lorne,Bennie,Lorne.Bennie@yopmail.com,Lorne.Bennie@gmail.com,doctor
294,Kaja,Hessler,Kaja.Hessler@yopmail.com,Kaja.Hessler@gmail.com,police officer
295,Lorne,Kosey,Lorne.Kosey@yopmail.com,Lorne.Kosey@gmail.com,police officer
296,Jolyn,Drus,Jolyn.Drus@yopmail.com,Jolyn.Drus@gmail.com,developer
297,Raquela,Gaynor,Raquela.Gaynor@yopmail.com,Raquela.Gaynor@gmail.com,doctor
298,Marika,Ambrosia,Marika.Ambrosia@yopmail.com,Marika.Ambrosia@gmail.com,worker
299,Tarra,Blase,Tarra.Blase@yopmail.com,Tarra.Blase@gmail.com,police officer
300,Rosabelle,Sherfield,Rosabelle.Sherfield@yopmail.com,Rosabelle.Sherfield@gmail.com,firefighter
301,Ayn,Carri,Ayn.Carri@yopmail.com,Ayn.Carri@gmail.com,firefighter
302,Viki,Ortrude,Viki.Ortrude@yopmail.com,Viki.Ortrude@gmail.com,developer
303,Dode,Lucienne,Dode.Lucienne@yopmail.com,Dode.Lucienne@gmail.com,police officer
304,Zaria,Weaks,Zaria.Weaks@yopmail.com,Zaria.Weaks@gmail.com,police officer
305,Elka,Tannie,Elka.Tannie@yopmail.com,Elka.Tannie@gmail.com,police officer
306,Carmela,Gino,Carmela.Gino@yopmail.com,Carmela.Gino@gmail.com,worker
307,Claudina,Belldas,Claudina.Belldas@yopmail.com,Claudina.Belldas@gmail.com,police officer
308,Robbi,Kaete,Robbi.Kaete@yopmail.com,Robbi.Kaete@gmail.com,police officer
309,Jan,Naashom,Jan.Naashom@yopmail.com,Jan.Naashom@gmail.com,firefighter
310,Hermione,Kimmie,Hermione.Kimmie@yopmail.com,Hermione.Kimmie@gmail.com,developer
311,Heddie,Meter,Heddie.Meter@yopmail.com,Heddie.Meter@gmail.com,firefighter
312,Gwenneth,Fancie,Gwenneth.Fancie@yopmail.com,Gwenneth.Fancie@gmail.com,worker
313,Tami,Cecile,Tami.Cecile@yopmail.com,Tami.Cecile@gmail.com,firefighter
314,Linet,Ummersen,Linet.Ummersen@yopmail.com,Linet.Ummersen@gmail.com,police officer
315,Aurelie,Dash,Aurelie.Dash@yopmail.com,Aurelie.Dash@gmail.com,police officer
316,Andree,Abram,Andree.Abram@yopmail.com,Andree.Abram@gmail.com,police officer
317,Korrie,Konyn,Korrie.Konyn@yopmail.com,Korrie.Konyn@gmail.com,police officer
318,Dode,Sheedy,Dode.Sheedy@yopmail.com,Dode.Sheedy@gmail.com,developer
319,Alyda,Lytton,Alyda.Lytton@yopmail.com,Alyda.Lytton@gmail.com,firefighter
320,Briney,Kaete,Briney.Kaete@yopmail.com,Briney.Kaete@gmail.com,firefighter
321,Fawne,Luhe,Fawne.Luhe@yopmail.com,Fawne.Luhe@gmail.com,firefighter
322,Robinia,Medrek,Robinia.Medrek@yopmail.com,Robinia.Medrek@gmail.com,police officer
323,Noelle,Toffic,Noelle.Toffic@yopmail.com,Noelle.Toffic@gmail.com,worker
324,Sharai,Han,Sharai.Han@yopmail.com,Sharai.Han@gmail.com,firefighter
325,Petronia,Carmena,Petronia.Carmena@yopmail.com,Petronia.Carmena@gmail.com,police officer
326,Renie,Nester,Renie.Nester@yopmail.com,Renie.Nester@gmail.com,police officer
327,Karolina,Gaulin,Karolina.Gaulin@yopmail.com,Karolina.Gaulin@gmail.com,developer
328,Tatiania,Wenoa,Tatiania.Wenoa@yopmail.com,Tatiania.Wenoa@gmail.com,doctor
329,Florie,Felizio,Florie.Felizio@yopmail.com,Florie.Felizio@gmail.com,doctor
330,Dari,Dichy,Dari.Dichy@yopmail.com,Dari.Dichy@gmail.com,police officer
331,Regina,Weinreb,Regina.Weinreb@yopmail.com,Regina.Weinreb@gmail.com,worker
332,Madelle,Weitman,Madelle.Weitman@yopmail.com,Madelle.Weitman@gmail.com,worker
333,Trixi,Eldrid,Trixi.Eldrid@yopmail.com,Trixi.Eldrid@gmail.com,police officer
334,Regina,Edvard,Regina.Edvard@yopmail.com,Regina.Edvard@gmail.com,firefighter
335,Damaris,Vanni,Damaris.Vanni@yopmail.com,Damaris.Vanni@gmail.com,developer
336,Catrina,Velick,Catrina.Velick@yopmail.com,Catrina.Velick@gmail.com,worker
337,Shaine,Lymann,Shaine.Lymann@yopmail.com,Shaine.Lymann@gmail.com,developer
338,Dyann,Milson,Dyann.Milson@yopmail.com,Dyann.Milson@gmail.com,worker
339,Celene,Stacy,Celene.Stacy@yopmail.com,Celene.Stacy@gmail.com,firefighter
340,Inga,Chesna,Inga.Chesna@yopmail.com,Inga.Chesna@gmail.com,police officer
341,Harrietta,Dudley,Harrietta.Dudley@yopmail.com,Harrietta.Dudley@gmail.com,doctor
342,Candi,Eiser,Candi.Eiser@yopmail.com,Candi.Eiser@gmail.com,firefighter
343,Sharai,Khorma,Sharai.Khorma@yopmail.com,Sharai.Khorma@gmail.com,doctor
344,Fanny,Pillsbury,Fanny.Pillsbury@yopmail.com,Fanny.Pillsbury@gmail.com,police officer
345,Chickie,Whittaker,Chickie.Whittaker@yopmail.com,Chickie.Whittaker@gmail.com,doctor
346,Alyssa,Alice,Alyssa.Alice@yopmail.com,Alyssa.Alice@gmail.com,worker
347,Lorne,Korey,Lorne.Korey@yopmail.com,Lorne.Korey@gmail.com,worker
348,Gabi,Louanna,Gabi.Louanna@yopmail.com,Gabi.Louanna@gmail.com,worker
349,Justinn,Juan,Justinn.Juan@yopmail.com,Justinn.Juan@gmail.com,doctor
350,Viki,Maples,Viki.Maples@yopmail.com,Viki.Maples@gmail.com,police officer
351,Nariko,Connelly,Nariko.Connelly@yopmail.com,Nariko.Connelly@gmail.com,firefighter
352,Agnese,Ailyn,Agnese.Ailyn@yopmail.com,Agnese.Ailyn@gmail.com,worker
353,Kellen,Love,Kellen.Love@yopmail.com,Kellen.Love@gmail.com,firefighter
354,Liana,Poll,Liana.Poll@yopmail.com,Liana.Poll@gmail.com,police officer
355,Clo,Kenney,Clo.Kenney@yopmail.com,Clo.Kenney@gmail.com,police officer
356,Jinny,Wareing,Jinny.Wareing@yopmail.com,Jinny.Wareing@gmail.com,firefighter
357,Dede,Rheingold,Dede.Rheingold@yopmail.com,Dede.Rheingold@gmail.com,worker
358,Ingrid,Philipp,Ingrid.Philipp@yopmail.com,Ingrid.Philipp@gmail.com,doctor
359,Addia,Lia,Addia.Lia@yopmail.com,Addia.Lia@gmail.com,firefighter
360,Melina,Izaak,Melina.Izaak@yopmail.com,Melina.Izaak@gmail.com,police officer
361,Georgetta,Fancie,Georgetta.Fancie@yopmail.com,Georgetta.Fancie@gmail.com,developer
362,Lanna,Felecia,Lanna.Felecia@yopmail.com,Lanna.Felecia@gmail.com,firefighter
363,Ursulina,Olin,Ursulina.Olin@yopmail.com,Ursulina.Olin@gmail.com,developer
364,Sarette,Schwejda,Sarette.Schwejda@yopmail.com,Sarette.Schwejda@gmail.com,doctor
365,Aubrie,Toni,Aubrie.Toni@yopmail.com,Aubrie.Toni@gmail.com,police officer
366,Netty,Anyah,Netty.Anyah@yopmail.com,Netty.Anyah@gmail.com,developer
367,Dorene,Kenwood,Dorene.Kenwood@yopmail.com,Dorene.Kenwood@gmail.com,firefighter
368,Vita,Malina,Vita.Malina@yopmail.com,Vita.Malina@gmail.com,worker
369,Berget,Virgin,Berget.Virgin@yopmail.com,Berget.Virgin@gmail.com,doctor
370,Corry,Atonsah,Corry.Atonsah@yopmail.com,Corry.Atonsah@gmail.com,police officer
371,Brana,Lynn,Brana.Lynn@yopmail.com,Brana.Lynn@gmail.com,firefighter
372,Charmaine,Pitt,Charmaine.Pitt@yopmail.com,Charmaine.Pitt@gmail.com,worker
373,Aurore,Chaing,Aurore.Chaing@yopmail.com,Aurore.Chaing@gmail.com,developer
374,Wendi,Capello,Wendi.Capello@yopmail.com,Wendi.Capello@gmail.com,police officer
375,Mireielle,Radu,Mireielle.Radu@yopmail.com,Mireielle.Radu@gmail.com,police officer
376,Doro,Drisko,Doro.Drisko@yopmail.com,Doro.Drisko@gmail.com,developer
377,Edyth,Wooster,Edyth.Wooster@yopmail.com,Edyth.Wooster@gmail.com,worker
378,Minne,Halla,Minne.Halla@yopmail.com,Minne.Halla@gmail.com,firefighter
379,Lolita,Mendez,Lolita.Mendez@yopmail.com,Lolita.Mendez@gmail.com,firefighter
380,Ottilie,Wittie,Ottilie.Wittie@yopmail.com,Ottilie.Wittie@gmail.com,firefighter
381,Drucie,Cordi,Drucie.Cordi@yopmail.com,Drucie.Cordi@gmail.com,firefighter
382,Bertine,Deegan,Bertine.Deegan@yopmail.com,Bertine.Deegan@gmail.com,police officer
383,Hyacinthe,Rustice,Hyacinthe.Rustice@yopmail.com,Hyacinthe.Rustice@gmail.com,police officer
384,Fernande,Maiah,Fernande.Maiah@yopmail.com,Fernande.Maiah@gmail.com,developer
385,Malina,Belanger,Malina.Belanger@yopmail.com,Malina.Belanger@gmail.com,developer
386,Renie,Heidt,Renie.Heidt@yopmail.com,Renie.Heidt@gmail.com,doctor
387,Monika,Carlson,Monika.Carlson@yopmail.com,Monika.Carlson@gmail.com,worker
388,Krystle,Drus,Krystle.Drus@yopmail.com,Krystle.Drus@gmail.com,police officer
389,Layla,Caitlin,Layla.Caitlin@yopmail.com,Layla.Caitlin@gmail.com,developer
390,Julieta,Carey,Julieta.Carey@yopmail.com,Julieta.Carey@gmail.com,firefighter
391,Nonnah,Damarra,Nonnah.Damarra@yopmail.com,Nonnah.Damarra@gmail.com,police officer
392,Ashlee,Wildermuth,Ashlee.Wildermuth@yopmail.com,Ashlee.Wildermuth@gmail.com,doctor
393,Moyna,Kermit,Moyna.Kermit@yopmail.com,Moyna.Kermit@gmail.com,worker
394,Mallory,Wareing,Mallory.Wareing@yopmail.com,Mallory.Wareing@gmail.com,police officer
395,Gretal,Loring,Gretal.Loring@yopmail.com,Gretal.Loring@gmail.com,firefighter
396,Belva,Stelle,Belva.Stelle@yopmail.com,Belva.Stelle@gmail.com,doctor
397,Ernesta,Cleo,Ernesta.Cleo@yopmail.com,Ernesta.Cleo@gmail.com,worker
398,Leanna,Liva,Leanna.Liva@yopmail.com,Leanna.Liva@gmail.com,doctor
399,Amii,Gale,Amii.Gale@yopmail.com,Amii.Gale@gmail.com,worker
400,Carolina,Keily,Carolina.Keily@yopmail.com,Carolina.Keily@gmail.com,doctor
401,Annaliese,Parette,Annaliese.Parette@yopmail.com,Annaliese.Parette@gmail.com,firefighter
402,Dulcinea,Salchunas,Dulcinea.Salchunas@yopmail.com,Dulcinea.Salchunas@gmail.com,doctor
403,Alejandra,Libna,Alejandra.Libna@yopmail.com,Alejandra.Libna@gmail.com,doctor
404,Minda,Evangelia,Minda.Evangelia@yopmail.com,Minda.Evangelia@gmail.com,developer
405,Genovera,Narton,Genovera.Narton@yopmail.com,Genovera.Narton@gmail.com,developer
406,Melanie,Loeb,Melanie.Loeb@yopmail.com,Melanie.Loeb@gmail.com,firefighter
407,Wynne,Henrie,Wynne.Henrie@yopmail.com,Wynne.Henrie@gmail.com,developer
408,Sonni,Halla,Sonni.Halla@yopmail.com,Sonni.Halla@gmail.com,firefighter
409,Stacey,Carey,Stacey.Carey@yopmail.com,Stacey.Carey@gmail.com,developer
410,Sidoney,Ries,Sidoney.Ries@yopmail.com,Sidoney.Ries@gmail.com,doctor
411,Steffane,Hieronymus,Steffane.Hieronymus@yopmail.com,Steffane.Hieronymus@gmail.com,developer
412,Agathe,Standing,Agathe.Standing@yopmail.com,Agathe.Standing@gmail.com,developer
413,Leona,Zola,Leona.Zola@yopmail.com,Leona.Zola@gmail.com,firefighter
414,Joelly,Burkle,Joelly.Burkle@yopmail.com,Joelly.Burkle@gmail.com,firefighter
415,Nickie,Suzetta,Nickie.Suzetta@yopmail.com,Nickie.Suzetta@gmail.com,police officer
416,Brana,Baudin,Brana.Baudin@yopmail.com,Brana.Baudin@gmail.com,worker
417,Darci,Fillbert,Darci.Fillbert@yopmail.com,Darci.Fillbert@gmail.com,doctor
418,Dulcinea,Rudolph,Dulcinea.Rudolph@yopmail.com,Dulcinea.Rudolph@gmail.com,worker
419,Gaylene,Lesley,Gaylene.Lesley@yopmail.com,Gaylene.Lesley@gmail.com,developer
420,Ardeen,Keily,Ardeen.Keily@yopmail.com,Ardeen.Keily@gmail.com,developer
421,Caressa,Dunkin,Caressa.Dunkin@yopmail.com,Caressa.Dunkin@gmail.com,firefighter
422,Lacie,Valerio,Lacie.Valerio@yopmail.com,Lacie.Valerio@gmail.com,developer
423,Shaine,Bonucci,Shaine.Bonucci@yopmail.com,Shaine.Bonucci@gmail.com,worker
424,Evaleen,Avi,Evaleen.Avi@yopmail.com,Evaleen.Avi@gmail.com,police officer
425,Lynde,Radu,Lynde.Radu@yopmail.com,Lynde.Radu@gmail.com,developer
426,Violet,Stelle,Violet.Stelle@yopmail.com,Violet.Stelle@gmail.com,police officer
427,Gerrie,Valerio,Gerrie.Valerio@yopmail.com,Gerrie.Valerio@gmail.com,worker
428,Miquela,Quinn,Miquela.Quinn@yopmail.com,Miquela.Quinn@gmail.com,developer
429,Agnese,Westphal,Agnese.Westphal@yopmail.com,Agnese.Westphal@gmail.com,police officer
430,Elise,Concha,Elise.Concha@yopmail.com,Elise.Concha@gmail.com,firefighter
431,Cacilie,Reidar,Cacilie.Reidar@yopmail.com,Cacilie.Reidar@gmail.com,doctor
432,Madalyn,Goode,Madalyn.Goode@yopmail.com,Madalyn.Goode@gmail.com,worker
433,Ottilie,Diogenes,Ottilie.Diogenes@yopmail.com,Ottilie.Diogenes@gmail.com,firefighter
434,Krystle,Merna,Krystle.Merna@yopmail.com,Krystle.Merna@gmail.com,developer
435,Sissy,Iiette,Sissy.Iiette@yopmail.com,Sissy.Iiette@gmail.com,doctor
436,Tracey,Blake,Tracey.Blake@yopmail.com,Tracey.Blake@gmail.com,police officer
437,Paola,Afton,Paola.Afton@yopmail.com,Paola.Afton@gmail.com,police officer
438,Olwen,Sadowski,Olwen.Sadowski@yopmail.com,Olwen.Sadowski@gmail.com,police officer
439,Eolanda,Schlosser,Eolanda.Schlosser@yopmail.com,Eolanda.Schlosser@gmail.com,worker
440,Yetty,Merriott,Yetty.Merriott@yopmail.com,Yetty.Merriott@gmail.com,developer
441,Chere,Teddman,Chere.Teddman@yopmail.com,Chere.Teddman@gmail.com,developer
442,Elka,Diann,Elka.Diann@yopmail.com,Elka.Diann@gmail.com,police officer
443,Tatiania,Paton,Tatiania.Paton@yopmail.com,Tatiania.Paton@gmail.com,developer
444,Gloria,Alisia,Gloria.Alisia@yopmail.com,Gloria.Alisia@gmail.com,firefighter
445,Eadie,Daegal,Eadie.Daegal@yopmail.com,Eadie.Daegal@gmail.com,police officer
446,Ada,Cyrie,Ada.Cyrie@yopmail.com,Ada.Cyrie@gmail.com,worker
447,Bernardine,Rozanna,Bernardine.Rozanna@yopmail.com,Bernardine.Rozanna@gmail.com,doctor
448,Felice,Angelis,Felice.Angelis@yopmail.com,Felice.Angelis@gmail.com,police officer
449,Patricia,Jotham,Patricia.Jotham@yopmail.com,Patricia.Jotham@gmail.com,worker
450,Eve,Chobot,Eve.Chobot@yopmail.com,Eve.Chobot@gmail.com,firefighter
451,Vita,Rolf,Vita.Rolf@yopmail.com,Vita.Rolf@gmail.com,firefighter
452,Amelia,Riva,Amelia.Riva@yopmail.com,Amelia.Riva@gmail.com,worker
453,Clary,Leary,Clary.Leary@yopmail.com,Clary.Leary@gmail.com,police officer
454,Wendi,Terrence,Wendi.Terrence@yopmail.com,Wendi.Terrence@gmail.com,developer
455,Elyssa,Shelba,Elyssa.Shelba@yopmail.com,Elyssa.Shelba@gmail.com,firefighter
456,Peri,Maryanne,Peri.Maryanne@yopmail.com,Peri.Maryanne@gmail.com,police officer
457,Lilith,Buttaro,Lilith.Buttaro@yopmail.com,Lilith.Buttaro@gmail.com,police officer
458,Gilligan,Zina,Gilligan.Zina@yopmail.com,Gilligan.Zina@gmail.com,doctor
459,Ayn,Vale,Ayn.Vale@yopmail.com,Ayn.Vale@gmail.com,worker
460,Caressa,Erich,Caressa.Erich@yopmail.com,Caressa.Erich@gmail.com,police officer
461,Micheline,Nea,Micheline.Nea@yopmail.com,Micheline.Nea@gmail.com,developer
462,Rosaline,Edison,Rosaline.Edison@yopmail.com,Rosaline.Edison@gmail.com,doctor
463,Elka,Hessler,Elka.Hessler@yopmail.com,Elka.Hessler@gmail.com,police officer
464,Lanae,Carleen,Lanae.Carleen@yopmail.com,Lanae.Carleen@gmail.com,police officer
465,Josephine,Junie,Josephine.Junie@yopmail.com,Josephine.Junie@gmail.com,firefighter
466,Latisha,Modie,Latisha.Modie@yopmail.com,Latisha.Modie@gmail.com,police officer
467,Xylina,Lissi,Xylina.Lissi@yopmail.com,Xylina.Lissi@gmail.com,doctor
468,Camile,Sadowski,Camile.Sadowski@yopmail.com,Camile.Sadowski@gmail.com,police officer
469,Celisse,Goddard,Celisse.Goddard@yopmail.com,Celisse.Goddard@gmail.com,doctor
470,Jessy,Gaspard,Jessy.Gaspard@yopmail.com,Jessy.Gaspard@gmail.com,police officer
471,Mildrid,Lewes,Mildrid.Lewes@yopmail.com,Mildrid.Lewes@gmail.com,developer
472,Joelly,Bohlin,Joelly.Bohlin@yopmail.com,Joelly.Bohlin@gmail.com,police officer
473,Nyssa,Gabrielli,Nyssa.Gabrielli@yopmail.com,Nyssa.Gabrielli@gmail.com,police officer
474,Marinna,Burkle,Marinna.Burkle@yopmail.com,Marinna.Burkle@gmail.com,worker
475,Olivette,Sherfield,Olivette.Sherfield@yopmail.com,Olivette.Sherfield@gmail.com,developer
476,Kathi,Liebermann,Kathi.Liebermann@yopmail.com,Kathi.Liebermann@gmail.com,police officer
477,Gavrielle,Erskine,Gavrielle.Erskine@yopmail.com,Gavrielle.Erskine@gmail.com,doctor
478,Chloris,Erlandson,Chloris.Erlandson@yopmail.com,Chloris.Erlandson@gmail.com,police officer
479,Caryl,Milde,Caryl.Milde@yopmail.com,Caryl.Milde@gmail.com,worker
480,Cherrita,Ambrosia,Cherrita.Ambrosia@yopmail.com,Cherrita.Ambrosia@gmail.com,doctor
481,Livvyy,Papageno,Livvyy.Papageno@yopmail.com,Livvyy.Papageno@gmail.com,police officer
482,Delilah,Alfons,Delilah.Alfons@yopmail.com,Delilah.Alfons@gmail.com,police officer
483,Nickie,Jacinda,Nickie.Jacinda@yopmail.com,Nickie.Jacinda@gmail.com,doctor
484,Heddie,Sheng,Heddie.Sheng@yopmail.com,Heddie.Sheng@gmail.com,firefighter
485,Ronna,Obed,Ronna.Obed@yopmail.com,Ronna.Obed@gmail.com,doctor
486,Vivia,Zitvaa,Vivia.Zitvaa@yopmail.com,Vivia.Zitvaa@gmail.com,developer
487,Lita,Hoban,Lita.Hoban@yopmail.com,Lita.Hoban@gmail.com,police officer
488,Danika,Liebermann,Danika.Liebermann@yopmail.com,Danika.Liebermann@gmail.com,police officer
489,Wendi,Lattie,Wendi.Lattie@yopmail.com,Wendi.Lattie@gmail.com,developer
490,Ricky,Norvol,Ricky.Norvol@yopmail.com,Ricky.Norvol@gmail.com,police officer
491,Talya,Wallis,Talya.Wallis@yopmail.com,Talya.Wallis@gmail.com,worker
492,Josephine,Malanie,Josephine.Malanie@yopmail.com,Josephine.Malanie@gmail.com,developer
493,Diena,Malina,Diena.Malina@yopmail.com,Diena.Malina@gmail.com,developer
494,Renae,Annice,Renae.Annice@yopmail.com,Renae.Annice@gmail.com,doctor
495,Katuscha,Vale,Katuscha.Vale@yopmail.com,Katuscha.Vale@gmail.com,doctor
496,Doralynne,Concha,Doralynne.Concha@yopmail.com,Doralynne.Concha@gmail.com,firefighter
497,Pierette,Grosz,Pierette.Grosz@yopmail.com,Pierette.Grosz@gmail.com,doctor
498,Tiffie,Chick,Tiffie.Chick@yopmail.com,Tiffie.Chick@gmail.com,doctor
499,Ericka,Roscoe,Ericka.Roscoe@yopmail.com,Ericka.Roscoe@gmail.com,developer
500,Selma,Frodi,Selma.Frodi@yopmail.com,Selma.Frodi@gmail.com,police officer
501,Flo,Freddi,Flo.Freddi@yopmail.com,Flo.Freddi@gmail.com,developer
502,Dacia,Lauraine,Dacia.Lauraine@yopmail.com,Dacia.Lauraine@gmail.com,developer
503,Sherrie,Bluh,Sherrie.Bluh@yopmail.com,Sherrie.Bluh@gmail.com,worker
504,Letizia,Toor,Letizia.Toor@yopmail.com,Letizia.Toor@gmail.com,doctor
505,Caryl,Madaih,Caryl.Madaih@yopmail.com,Caryl.Madaih@gmail.com,worker
506,Rhea,Garlinda,Rhea.Garlinda@yopmail.com,Rhea.Garlinda@gmail.com,worker
507,Imojean,Vharat,Imojean.Vharat@yopmail.com,Imojean.Vharat@gmail.com,firefighter
508,Danny,Hutchison,Danny.Hutchison@yopmail.com,Danny.Hutchison@gmail.com,firefighter
509,Valera,Cullin,Valera.Cullin@yopmail.com,Valera.Cullin@gmail.com,worker
510,Jacenta,Laurianne,Jacenta.Laurianne@yopmail.com,Jacenta.Laurianne@gmail.com,police officer
511,Alleen,Devlen,Alleen.Devlen@yopmail.com,Alleen.Devlen@gmail.com,developer
512,Dotty,Gavrila,Dotty.Gavrila@yopmail.com,Dotty.Gavrila@gmail.com,police officer
513,Dode,Rossner,Dode.Rossner@yopmail.com,Dode.Rossner@gmail.com,developer
514,Elise,Hertzfeld,Elise.Hertzfeld@yopmail.com,Elise.Hertzfeld@gmail.com,worker
515,Queenie,Goode,Queenie.Goode@yopmail.com,Queenie.Goode@gmail.com,worker
516,Raina,Pulsifer,Raina.Pulsifer@yopmail.com,Raina.Pulsifer@gmail.com,worker
517,Esmeralda,Rossner,Esmeralda.Rossner@yopmail.com,Esmeralda.Rossner@gmail.com,firefighter
518,Konstance,Schonfeld,Konstance.Schonfeld@yopmail.com,Konstance.Schonfeld@gmail.com,police officer
519,Philis,Johanna,Philis.Johanna@yopmail.com,Philis.Johanna@gmail.com,firefighter
520,Karina,Mauer,Karina.Mauer@yopmail.com,Karina.Mauer@gmail.com,police officer
521,Augustine,Ovid,Augustine.Ovid@yopmail.com,Augustine.Ovid@gmail.com,doctor
522,Perry,Haymes,Perry.Haymes@yopmail.com,Perry.Haymes@gmail.com,police officer
523,Helsa,Jethro,Helsa.Jethro@yopmail.com,Helsa.Jethro@gmail.com,developer
524,Nollie,Voletta,Nollie.Voletta@yopmail.com,Nollie.Voletta@gmail.com,developer
525,Riannon,Ackerley,Riannon.Ackerley@yopmail.com,Riannon.Ackerley@gmail.com,police officer
526,Katuscha,Eldrid,Katuscha.Eldrid@yopmail.com,Katuscha.Eldrid@gmail.com,doctor
527,Tressa,Jarib,Tressa.Jarib@yopmail.com,Tressa.Jarib@gmail.com,developer
528,Nonnah,Pattin,Nonnah.Pattin@yopmail.com,Nonnah.Pattin@gmail.com,doctor
529,Emilia,Vacuva,Emilia.Vacuva@yopmail.com,Emilia.Vacuva@gmail.com,worker
530,Fredericka,Grimbly,Fredericka.Grimbly@yopmail.com,Fredericka.Grimbly@gmail.com,police officer
531,Corina,Shirberg,Corina.Shirberg@yopmail.com,Corina.Shirberg@gmail.com,doctor
532,Katharina,Erich,Katharina.Erich@yopmail.com,Katharina.Erich@gmail.com,police officer
533,Janeczka,Wareing,Janeczka.Wareing@yopmail.com,Janeczka.Wareing@gmail.com,doctor
534,Danny,Pitt,Danny.Pitt@yopmail.com,Danny.Pitt@gmail.com,doctor
535,Margarette,Halla,Margarette.Halla@yopmail.com,Margarette.Halla@gmail.com,developer
536,Anthia,Ricarda,Anthia.Ricarda@yopmail.com,Anthia.Ricarda@gmail.com,worker
537,Blinni,Alejoa,Blinni.Alejoa@yopmail.com,Blinni.Alejoa@gmail.com,worker
538,Kassey,Isacco,Kassey.Isacco@yopmail.com,Kassey.Isacco@gmail.com,developer
539,Emelina,Decato,Emelina.Decato@yopmail.com,Emelina.Decato@gmail.com,police officer
540,Sarette,Jerald,Sarette.Jerald@yopmail.com,Sarette.Jerald@gmail.com,doctor
541,Oona,Nerita,Oona.Nerita@yopmail.com,Oona.Nerita@gmail.com,doctor
542,Emylee,Ezar,Emylee.Ezar@yopmail.com,Emylee.Ezar@gmail.com,worker
543,Flo,Erlandson,Flo.Erlandson@yopmail.com,Flo.Erlandson@gmail.com,worker
544,Hallie,Milson,Hallie.Milson@yopmail.com,Hallie.Milson@gmail.com,doctor
545,Tersina,Hortensia,Tersina.Hortensia@yopmail.com,Tersina.Hortensia@gmail.com,firefighter
546,Quintina,Trace,Quintina.Trace@yopmail.com,Quintina.Trace@gmail.com,firefighter
547,Hyacinthe,Goth,Hyacinthe.Goth@yopmail.com,Hyacinthe.Goth@gmail.com,doctor
548,Meg,Khorma,Meg.Khorma@yopmail.com,Meg.Khorma@gmail.com,firefighter
549,Rivalee,Serilda,Rivalee.Serilda@yopmail.com,Rivalee.Serilda@gmail.com,doctor
550,Marnia,Danby,Marnia.Danby@yopmail.com,Marnia.Danby@gmail.com,doctor
551,Winifred,Rozanna,Winifred.Rozanna@yopmail.com,Winifred.Rozanna@gmail.com,developer
552,Tersina,Isacco,Tersina.Isacco@yopmail.com,Tersina.Isacco@gmail.com,worker
553,Frances,Himelman,Frances.Himelman@yopmail.com,Frances.Himelman@gmail.com,doctor
554,Anestassia,Bluh,Anestassia.Bluh@yopmail.com,Anestassia.Bluh@gmail.com,developer
555,Feliza,Read,Feliza.Read@yopmail.com,Feliza.Read@gmail.com,police officer
556,Dione,Goode,Dione.Goode@yopmail.com,Dione.Goode@gmail.com,developer
557,Melina,Germann,Melina.Germann@yopmail.com,Melina.Germann@gmail.com,developer
558,Rochette,Malina,Rochette.Malina@yopmail.com,Rochette.Malina@gmail.com,doctor
559,Caryl,Seligman,Caryl.Seligman@yopmail.com,Caryl.Seligman@gmail.com,police officer
560,Bee,Corilla,Bee.Corilla@yopmail.com,Bee.Corilla@gmail.com,firefighter
561,Danny,Jefferey,Danny.Jefferey@yopmail.com,Danny.Jefferey@gmail.com,developer
562,Mireielle,Vilma,Mireielle.Vilma@yopmail.com,Mireielle.Vilma@gmail.com,firefighter
563,Tiffie,Tyson,Tiffie.Tyson@yopmail.com,Tiffie.Tyson@gmail.com,doctor
564,Flo,Anselmi,Flo.Anselmi@yopmail.com,Flo.Anselmi@gmail.com,firefighter
565,Shaylyn,Sherfield,Shaylyn.Sherfield@yopmail.com,Shaylyn.Sherfield@gmail.com,worker
566,Pamella,Redmond,Pamella.Redmond@yopmail.com,Pamella.Redmond@gmail.com,doctor
567,Marcy,Pillsbury,Marcy.Pillsbury@yopmail.com,Marcy.Pillsbury@gmail.com,police officer
568,Alia,Suzetta,Alia.Suzetta@yopmail.com,Alia.Suzetta@gmail.com,developer
569,Daryl,Morehouse,Daryl.Morehouse@yopmail.com,Daryl.Morehouse@gmail.com,police officer
570,Deedee,Vivle,Deedee.Vivle@yopmail.com,Deedee.Vivle@gmail.com,police officer
571,Shaine,Cutlerr,Shaine.Cutlerr@yopmail.com,Shaine.Cutlerr@gmail.com,firefighter
572,Annice,Grimbly,Annice.Grimbly@yopmail.com,Annice.Grimbly@gmail.com,worker
573,Annabela,Rad,Annabela.Rad@yopmail.com,Annabela.Rad@gmail.com,police officer
574,Marleah,Kirbee,Marleah.Kirbee@yopmail.com,Marleah.Kirbee@gmail.com,worker
575,Margette,Masao,Margette.Masao@yopmail.com,Margette.Masao@gmail.com,firefighter
576,Camile,Lareena,Camile.Lareena@yopmail.com,Camile.Lareena@gmail.com,police officer
577,Dagmar,Trinetta,Dagmar.Trinetta@yopmail.com,Dagmar.Trinetta@gmail.com,developer
578,Roberta,Franza,Roberta.Franza@yopmail.com,Roberta.Franza@gmail.com,police officer
579,Georgina,Lytton,Georgina.Lytton@yopmail.com,Georgina.Lytton@gmail.com,developer
580,Demetris,Vary,Demetris.Vary@yopmail.com,Demetris.Vary@gmail.com,developer
581,Jaclyn,Thomasina,Jaclyn.Thomasina@yopmail.com,Jaclyn.Thomasina@gmail.com,doctor
582,Ida,Schroth,Ida.Schroth@yopmail.com,Ida.Schroth@gmail.com,firefighter
583,Sean,Grosz,Sean.Grosz@yopmail.com,Sean.Grosz@gmail.com,developer
584,Nonnah,Emmy,Nonnah.Emmy@yopmail.com,Nonnah.Emmy@gmail.com,developer
585,Queenie,Bertold,Queenie.Bertold@yopmail.com,Queenie.Bertold@gmail.com,firefighter
586,Elvira,Georgy,Elvira.Georgy@yopmail.com,Elvira.Georgy@gmail.com,doctor
587,Chastity,Kevon,Chastity.Kevon@yopmail.com,Chastity.Kevon@gmail.com,doctor
588,Lynea,Whiffen,Lynea.Whiffen@yopmail.com,Lynea.Whiffen@gmail.com,developer
589,Oralee,Marisa,Oralee.Marisa@yopmail.com,Oralee.Marisa@gmail.com,developer
590,Sheree,Gahl,Sheree.Gahl@yopmail.com,Sheree.Gahl@gmail.com,doctor
591,Edee,Alrich,Edee.Alrich@yopmail.com,Edee.Alrich@gmail.com,firefighter
592,Basia,Abram,Basia.Abram@yopmail.com,Basia.Abram@gmail.com,police officer
593,Beth,Pernick,Beth.Pernick@yopmail.com,Beth.Pernick@gmail.com,police officer
594,Anica,Gladstone,Anica.Gladstone@yopmail.com,Anica.Gladstone@gmail.com,worker
595,Nikki,Kiersten,Nikki.Kiersten@yopmail.com,Nikki.Kiersten@gmail.com,developer
596,Kalina,LaRue,Kalina.LaRue@yopmail.com,Kalina.LaRue@gmail.com,firefighter
597,Lulita,Karna,Lulita.Karna@yopmail.com,Lulita.Karna@gmail.com,doctor
598,Celisse,Miru,Celisse.Miru@yopmail.com,Celisse.Miru@gmail.com,worker
599,Korrie,Elvyn,Korrie.Elvyn@yopmail.com,Korrie.Elvyn@gmail.com,police officer
600,Raf,Drus,Raf.Drus@yopmail.com,Raf.Drus@gmail.com,worker
601,Elena,Croix,Elena.Croix@yopmail.com,Elena.Croix@gmail.com,worker
602,Eve,Bergman,Eve.Bergman@yopmail.com,Eve.Bergman@gmail.com,worker
603,Melina,Cynar,Melina.Cynar@yopmail.com,Melina.Cynar@gmail.com,developer
604,Edee,Rosette,Edee.Rosette@yopmail.com,Edee.Rosette@gmail.com,developer
605,Aubrie,Delila,Aubrie.Delila@yopmail.com,Aubrie.Delila@gmail.com,police officer
606,Lily,Himelman,Lily.Himelman@yopmail.com,Lily.Himelman@gmail.com,police officer
607,Dania,Lanita,Dania.Lanita@yopmail.com,Dania.Lanita@gmail.com,police officer
608,Anallese,Stuart,Anallese.Stuart@yopmail.com,Anallese.Stuart@gmail.com,police officer
609,Steffane,Campball,Steffane.Campball@yopmail.com,Steffane.Campball@gmail.com,worker
610,Kathy,Sophronia,Kathy.Sophronia@yopmail.com,Kathy.Sophronia@gmail.com,doctor
611,Gerianna,Kamaria,Gerianna.Kamaria@yopmail.com,Gerianna.Kamaria@gmail.com,police officer
612,Rivalee,Berard,Rivalee.Berard@yopmail.com,Rivalee.Berard@gmail.com,doctor
613,Clementine,Willie,Clementine.Willie@yopmail.com,Clementine.Willie@gmail.com,police officer
614,Adelle,Solitta,Adelle.Solitta@yopmail.com,Adelle.Solitta@gmail.com,doctor
615,Ricky,Primalia,Ricky.Primalia@yopmail.com,Ricky.Primalia@gmail.com,police officer
616,Feliza,Emmy,Feliza.Emmy@yopmail.com,Feliza.Emmy@gmail.com,developer
617,Addia,Lesley,Addia.Lesley@yopmail.com,Addia.Lesley@gmail.com,doctor
618,Madalyn,Sabella,Madalyn.Sabella@yopmail.com,Madalyn.Sabella@gmail.com,doctor
619,Joeann,Cristi,Joeann.Cristi@yopmail.com,Joeann.Cristi@gmail.com,developer
620,Katharina,Tristram,Katharina.Tristram@yopmail.com,Katharina.Tristram@gmail.com,doctor
621,Tonia,Caitlin,Tonia.Caitlin@yopmail.com,Tonia.Caitlin@gmail.com,worker
622,Calla,Dituri,Calla.Dituri@yopmail.com,Calla.Dituri@gmail.com,developer
623,Stacey,Nelsen,Stacey.Nelsen@yopmail.com,Stacey.Nelsen@gmail.com,firefighter
624,Codie,Wu,Codie.Wu@yopmail.com,Codie.Wu@gmail.com,police officer
625,Tracey,Rudolph,Tracey.Rudolph@yopmail.com,Tracey.Rudolph@gmail.com,police officer
626,Gwyneth,Zamora,Gwyneth.Zamora@yopmail.com,Gwyneth.Zamora@gmail.com,police officer
627,Juliane,Edmund,Juliane.Edmund@yopmail.com,Juliane.Edmund@gmail.com,firefighter
628,Annaliese,Stover,Annaliese.Stover@yopmail.com,Annaliese.Stover@gmail.com,police officer
629,Luci,Duwalt,Luci.Duwalt@yopmail.com,Luci.Duwalt@gmail.com,worker
630,Mariann,Dawkins,Mariann.Dawkins@yopmail.com,Mariann.Dawkins@gmail.com,worker
631,Sabina,Presber,Sabina.Presber@yopmail.com,Sabina.Presber@gmail.com,doctor
632,Kathy,Oriana,Kathy.Oriana@yopmail.com,Kathy.Oriana@gmail.com,developer
633,Sindee,Tayib,Sindee.Tayib@yopmail.com,Sindee.Tayib@gmail.com,doctor
634,Darlleen,Radu,Darlleen.Radu@yopmail.com,Darlleen.Radu@gmail.com,police officer
635,Wileen,Huggins,Wileen.Huggins@yopmail.com,Wileen.Huggins@gmail.com,firefighter
636,Frieda,Vanni,Frieda.Vanni@yopmail.com,Frieda.Vanni@gmail.com,police officer
637,Luci,Thornburg,Luci.Thornburg@yopmail.com,Luci.Thornburg@gmail.com,firefighter
638,Sandie,Sholley,Sandie.Sholley@yopmail.com,Sandie.Sholley@gmail.com,worker
639,Lorenza,Roumell,Lorenza.Roumell@yopmail.com,Lorenza.Roumell@gmail.com,firefighter
640,Mellicent,Duwalt,Mellicent.Duwalt@yopmail.com,Mellicent.Duwalt@gmail.com,worker
641,Elbertina,Juliet,Elbertina.Juliet@yopmail.com,Elbertina.Juliet@gmail.com,worker
642,Dorene,Douglass,Dorene.Douglass@yopmail.com,Dorene.Douglass@gmail.com,firefighter
643,Josephine,Rad,Josephine.Rad@yopmail.com,Josephine.Rad@gmail.com,developer
644,Shauna,Callista,Shauna.Callista@yopmail.com,Shauna.Callista@gmail.com,doctor
645,Elmira,Keily,Elmira.Keily@yopmail.com,Elmira.Keily@gmail.com,worker
646,Corly,Anis,Corly.Anis@yopmail.com,Corly.Anis@gmail.com,doctor
647,Marcelline,Haymes,Marcelline.Haymes@yopmail.com,Marcelline.Haymes@gmail.com,developer
648,Xylina,Gilmour,Xylina.Gilmour@yopmail.com,Xylina.Gilmour@gmail.com,developer
649,Devina,Stilwell,Devina.Stilwell@yopmail.com,Devina.Stilwell@gmail.com,developer
650,Dyann,Lissi,Dyann.Lissi@yopmail.com,Dyann.Lissi@gmail.com,firefighter
651,Winifred,Hebner,Winifred.Hebner@yopmail.com,Winifred.Hebner@gmail.com,doctor
652,Devina,Trace,Devina.Trace@yopmail.com,Devina.Trace@gmail.com,police officer
653,Shaine,Millda,Shaine.Millda@yopmail.com,Shaine.Millda@gmail.com,worker
654,Florie,Trinetta,Florie.Trinetta@yopmail.com,Florie.Trinetta@gmail.com,worker
655,Ericka,Campball,Ericka.Campball@yopmail.com,Ericka.Campball@gmail.com,police officer
656,Rhea,Toor,Rhea.Toor@yopmail.com,Rhea.Toor@gmail.com,firefighter
657,Britte,Schalles,Britte.Schalles@yopmail.com,Britte.Schalles@gmail.com,firefighter
658,Ida,Friede,Ida.Friede@yopmail.com,Ida.Friede@gmail.com,worker
659,Rhoda,Smitt,Rhoda.Smitt@yopmail.com,Rhoda.Smitt@gmail.com,doctor
660,Brooks,Leonard,Brooks.Leonard@yopmail.com,Brooks.Leonard@gmail.com,doctor
661,Charmaine,Seessel,Charmaine.Seessel@yopmail.com,Charmaine.Seessel@gmail.com,doctor
662,Rori,Diogenes,Rori.Diogenes@yopmail.com,Rori.Diogenes@gmail.com,doctor
663,Rosanne,Ferino,Rosanne.Ferino@yopmail.com,Rosanne.Ferino@gmail.com,firefighter
664,Leeanne,Bonucci,Leeanne.Bonucci@yopmail.com,Leeanne.Bonucci@gmail.com,police officer
665,Karolina,Anyah,Karolina.Anyah@yopmail.com,Karolina.Anyah@gmail.com,doctor
666,Bee,Roxanna,Bee.Roxanna@yopmail.com,Bee.Roxanna@gmail.com,worker
667,Kellen,Justinn,Kellen.Justinn@yopmail.com,Kellen.Justinn@gmail.com,developer
668,Emilia,Marisa,Emilia.Marisa@yopmail.com,Emilia.Marisa@gmail.com,developer
669,Rosaline,Sundin,Rosaline.Sundin@yopmail.com,Rosaline.Sundin@gmail.com,worker
670,Shirlee,Rooney,Shirlee.Rooney@yopmail.com,Shirlee.Rooney@gmail.com,worker
671,Anthia,Schwejda,Anthia.Schwejda@yopmail.com,Anthia.Schwejda@gmail.com,developer
672,Claudina,Kare,Claudina.Kare@yopmail.com,Claudina.Kare@gmail.com,developer
673,Corly,Shanley,Corly.Shanley@yopmail.com,Corly.Shanley@gmail.com,worker
674,Mara,Avi,Mara.Avi@yopmail.com,Mara.Avi@gmail.com,police officer
675,Tamqrah,Kosey,Tamqrah.Kosey@yopmail.com,Tamqrah.Kosey@gmail.com,firefighter
676,Antonietta,Jillane,Antonietta.Jillane@yopmail.com,Antonietta.Jillane@gmail.com,worker
677,Pierette,Pozzy,Pierette.Pozzy@yopmail.com,Pierette.Pozzy@gmail.com,firefighter
678,Steffane,Seligman,Steffane.Seligman@yopmail.com,Steffane.Seligman@gmail.com,developer
679,Anthia,Sigfrid,Anthia.Sigfrid@yopmail.com,Anthia.Sigfrid@gmail.com,doctor
680,Madelle,Bronk,Madelle.Bronk@yopmail.com,Madelle.Bronk@gmail.com,doctor
681,Veda,Faro,Veda.Faro@yopmail.com,Veda.Faro@gmail.com,doctor
682,Marita,Anselmi,Marita.Anselmi@yopmail.com,Marita.Anselmi@gmail.com,developer
683,Gusty,Zaslow,Gusty.Zaslow@yopmail.com,Gusty.Zaslow@gmail.com,police officer
684,Inga,Robertson,Inga.Robertson@yopmail.com,Inga.Robertson@gmail.com,doctor
685,Ricky,Berriman,Ricky.Berriman@yopmail.com,Ricky.Berriman@gmail.com,doctor
686,Olivette,Urania,Olivette.Urania@yopmail.com,Olivette.Urania@gmail.com,developer
687,Helena,Ardeha,Helena.Ardeha@yopmail.com,Helena.Ardeha@gmail.com,firefighter
688,Raquela,Thomasina,Raquela.Thomasina@yopmail.com,Raquela.Thomasina@gmail.com,firefighter
689,Lorne,Tryck,Lorne.Tryck@yopmail.com,Lorne.Tryck@gmail.com,developer
690,Janis,Payson,Janis.Payson@yopmail.com,Janis.Payson@gmail.com,worker
691,Kara-Lynn,Yuille,Kara-Lynn.Yuille@yopmail.com,Kara-Lynn.Yuille@gmail.com,police officer
692,Clary,Delp,Clary.Delp@yopmail.com,Clary.Delp@gmail.com,police officer
693,Ilse,Pillsbury,Ilse.Pillsbury@yopmail.com,Ilse.Pillsbury@gmail.com,police officer
694,Myrtice,Jeanne,Myrtice.Jeanne@yopmail.com,Myrtice.Jeanne@gmail.com,developer
695,Elsie,Heisel,Elsie.Heisel@yopmail.com,Elsie.Heisel@gmail.com,police officer
696,Jany,Loleta,Jany.Loleta@yopmail.com,Jany.Loleta@gmail.com,police officer
697,Max,Eugenia,Max.Eugenia@yopmail.com,Max.Eugenia@gmail.com,worker
698,Dorothy,Dominy,Dorothy.Dominy@yopmail.com,Dorothy.Dominy@gmail.com,doctor
699,Zaria,Mintz,Zaria.Mintz@yopmail.com,Zaria.Mintz@gmail.com,firefighter
700,Dorene,Tufts,Dorene.Tufts@yopmail.com,Dorene.Tufts@gmail.com,police officer
701,Hettie,Cloris,Hettie.Cloris@yopmail.com,Hettie.Cloris@gmail.com,worker
702,Gwyneth,Ummersen,Gwyneth.Ummersen@yopmail.com,Gwyneth.Ummersen@gmail.com,police officer
703,Elbertina,Wesle,Elbertina.Wesle@yopmail.com,Elbertina.Wesle@gmail.com,worker
704,Katharina,Narton,Katharina.Narton@yopmail.com,Katharina.Narton@gmail.com,worker
705,Arabel,Brandice,Arabel.Brandice@yopmail.com,Arabel.Brandice@gmail.com,developer
706,Lily,Elo,Lily.Elo@yopmail.com,Lily.Elo@gmail.com,doctor
707,Dorice,Bow,Dorice.Bow@yopmail.com,Dorice.Bow@gmail.com,developer
708,Valeda,Fontana,Valeda.Fontana@yopmail.com,Valeda.Fontana@gmail.com,worker
709,Sibella,Kiyoshi,Sibella.Kiyoshi@yopmail.com,Sibella.Kiyoshi@gmail.com,firefighter
710,Tatiania,Janene,Tatiania.Janene@yopmail.com,Tatiania.Janene@gmail.com,doctor
711,Sallie,Arne,Sallie.Arne@yopmail.com,Sallie.Arne@gmail.com,worker
712,Georgina,Taima,Georgina.Taima@yopmail.com,Georgina.Taima@gmail.com,police officer
713,Dione,Saint,Dione.Saint@yopmail.com,Dione.Saint@gmail.com,worker
714,Coral,Skurnik,Coral.Skurnik@yopmail.com,Coral.Skurnik@gmail.com,firefighter
715,Tami,Vernier,Tami.Vernier@yopmail.com,Tami.Vernier@gmail.com,doctor
716,Dawn,Arley,Dawn.Arley@yopmail.com,Dawn.Arley@gmail.com,firefighter
717,Pollyanna,Belldas,Pollyanna.Belldas@yopmail.com,Pollyanna.Belldas@gmail.com,worker
718,Joeann,Bettine,Joeann.Bettine@yopmail.com,Joeann.Bettine@gmail.com,worker
719,Kathy,Chesna,Kathy.Chesna@yopmail.com,Kathy.Chesna@gmail.com,worker
720,Esmeralda,Mozelle,Esmeralda.Mozelle@yopmail.com,Esmeralda.Mozelle@gmail.com,doctor
721,Wileen,Seligman,Wileen.Seligman@yopmail.com,Wileen.Seligman@gmail.com,doctor
722,Rani,Yorick,Rani.Yorick@yopmail.com,Rani.Yorick@gmail.com,firefighter
723,Willetta,Hessler,Willetta.Hessler@yopmail.com,Willetta.Hessler@gmail.com,doctor
724,Dawn,Leonard,Dawn.Leonard@yopmail.com,Dawn.Leonard@gmail.com,worker
725,Rivalee,Maisey,Rivalee.Maisey@yopmail.com,Rivalee.Maisey@gmail.com,police officer
726,Jackie,Wilona,Jackie.Wilona@yopmail.com,Jackie.Wilona@gmail.com,developer
727,Robinia,Durante,Robinia.Durante@yopmail.com,Robinia.Durante@gmail.com,doctor
728,Netty,Dreda,Netty.Dreda@yopmail.com,Netty.Dreda@gmail.com,doctor
729,Fayre,Lymann,Fayre.Lymann@yopmail.com,Fayre.Lymann@gmail.com,police officer
730,Helsa,Colyer,Helsa.Colyer@yopmail.com,Helsa.Colyer@gmail.com,firefighter
731,Britte,Duwalt,Britte.Duwalt@yopmail.com,Britte.Duwalt@gmail.com,firefighter
732,Annaliese,Sperling,Annaliese.Sperling@yopmail.com,Annaliese.Sperling@gmail.com,firefighter
733,Marika,Teryn,Marika.Teryn@yopmail.com,Marika.Teryn@gmail.com,developer
734,Allis,Maxi,Allis.Maxi@yopmail.com,Allis.Maxi@gmail.com,firefighter
735,Thalia,Dom,Thalia.Dom@yopmail.com,Thalia.Dom@gmail.com,developer
736,Queenie,Anderea,Queenie.Anderea@yopmail.com,Queenie.Anderea@gmail.com,worker
737,Deane,Emanuel,Deane.Emanuel@yopmail.com,Deane.Emanuel@gmail.com,firefighter
738,Daphne,Borrell,Daphne.Borrell@yopmail.com,Daphne.Borrell@gmail.com,police officer
739,Jaime,Amasa,Jaime.Amasa@yopmail.com,Jaime.Amasa@gmail.com,firefighter
740,Audrie,Eldrid,Audrie.Eldrid@yopmail.com,Audrie.Eldrid@gmail.com,doctor
741,Modestia,Stilwell,Modestia.Stilwell@yopmail.com,Modestia.Stilwell@gmail.com,firefighter
742,Rozele,Gower,Rozele.Gower@yopmail.com,Rozele.Gower@gmail.com,worker
743,Jennica,Kauppi,Jennica.Kauppi@yopmail.com,Jennica.Kauppi@gmail.com,police officer
744,Shell,Leonard,Shell.Leonard@yopmail.com,Shell.Leonard@gmail.com,doctor
745,Rochette,Christal,Rochette.Christal@yopmail.com,Rochette.Christal@gmail.com,worker
746,Ginnie,Zachary,Ginnie.Zachary@yopmail.com,Ginnie.Zachary@gmail.com,firefighter
747,Marleah,Kevon,Marleah.Kevon@yopmail.com,Marleah.Kevon@gmail.com,police officer
748,Christian,Huggins,Christian.Huggins@yopmail.com,Christian.Huggins@gmail.com,police officer
749,Rozele,Jacobah,Rozele.Jacobah@yopmail.com,Rozele.Jacobah@gmail.com,developer
750,Candi,Winnick,Candi.Winnick@yopmail.com,Candi.Winnick@gmail.com,developer
751,Ofilia,Olympium,Ofilia.Olympium@yopmail.com,Ofilia.Olympium@gmail.com,worker
752,Leanna,Annice,Leanna.Annice@yopmail.com,Leanna.Annice@gmail.com,firefighter
753,Dyann,Lemuela,Dyann.Lemuela@yopmail.com,Dyann.Lemuela@gmail.com,worker
754,Rosaline,Stelle,Rosaline.Stelle@yopmail.com,Rosaline.Stelle@gmail.com,firefighter
755,Cecile,Hunfredo,Cecile.Hunfredo@yopmail.com,Cecile.Hunfredo@gmail.com,police officer
756,Joelly,Marsden,Joelly.Marsden@yopmail.com,Joelly.Marsden@gmail.com,doctor
757,Leontine,Silvan,Leontine.Silvan@yopmail.com,Leontine.Silvan@gmail.com,firefighter
758,Loree,Teddman,Loree.Teddman@yopmail.com,Loree.Teddman@gmail.com,developer
759,Ilse,Annice,Ilse.Annice@yopmail.com,Ilse.Annice@gmail.com,police officer
760,Alia,Fillbert,Alia.Fillbert@yopmail.com,Alia.Fillbert@gmail.com,firefighter
761,Fanny,Alice,Fanny.Alice@yopmail.com,Fanny.Alice@gmail.com,firefighter
762,Paule,Rosette,Paule.Rosette@yopmail.com,Paule.Rosette@gmail.com,doctor
763,Janenna,Hermes,Janenna.Hermes@yopmail.com,Janenna.Hermes@gmail.com,worker
764,Antonietta,Briney,Antonietta.Briney@yopmail.com,Antonietta.Briney@gmail.com,worker
765,Ninnetta,Cookie,Ninnetta.Cookie@yopmail.com,Ninnetta.Cookie@gmail.com,police officer
766,Constance,Hazlett,Constance.Hazlett@yopmail.com,Constance.Hazlett@gmail.com,developer
767,Tybie,Buttaro,Tybie.Buttaro@yopmail.com,Tybie.Buttaro@gmail.com,developer
768,Morganica,Horan,Morganica.Horan@yopmail.com,Morganica.Horan@gmail.com,worker
769,Jillayne,Sidonius,Jillayne.Sidonius@yopmail.com,Jillayne.Sidonius@gmail.com,developer
770,Averyl,Vacuva,Averyl.Vacuva@yopmail.com,Averyl.Vacuva@gmail.com,police officer
771,Emelina,Bord,Emelina.Bord@yopmail.com,Emelina.Bord@gmail.com,police officer
772,Raf,Byrne,Raf.Byrne@yopmail.com,Raf.Byrne@gmail.com,developer
773,Gratia,Jalbert,Gratia.Jalbert@yopmail.com,Gratia.Jalbert@gmail.com,worker
774,Lonnie,Wareing,Lonnie.Wareing@yopmail.com,Lonnie.Wareing@gmail.com,doctor
775,Claresta,Capello,Claresta.Capello@yopmail.com,Claresta.Capello@gmail.com,developer
776,Thalia,Annice,Thalia.Annice@yopmail.com,Thalia.Annice@gmail.com,doctor
777,Christal,Katrine,Christal.Katrine@yopmail.com,Christal.Katrine@gmail.com,worker
778,Hallie,Imelida,Hallie.Imelida@yopmail.com,Hallie.Imelida@gmail.com,doctor
779,Tobe,Rhu,Tobe.Rhu@yopmail.com,Tobe.Rhu@gmail.com,worker
780,Roseline,Clarissa,Roseline.Clarissa@yopmail.com,Roseline.Clarissa@gmail.com,doctor
781,Lila,Gualtiero,Lila.Gualtiero@yopmail.com,Lila.Gualtiero@gmail.com,firefighter
782,Eadie,Khorma,Eadie.Khorma@yopmail.com,Eadie.Khorma@gmail.com,firefighter
783,Daryl,Mitzi,Daryl.Mitzi@yopmail.com,Daryl.Mitzi@gmail.com,worker
784,Heddie,Birdella,Heddie.Birdella@yopmail.com,Heddie.Birdella@gmail.com,firefighter
785,Glenda,Poll,Glenda.Poll@yopmail.com,Glenda.Poll@gmail.com,police officer
786,Lisette,Lynn,Lisette.Lynn@yopmail.com,Lisette.Lynn@gmail.com,firefighter
787,Natka,Gahl,Natka.Gahl@yopmail.com,Natka.Gahl@gmail.com,police officer
788,Shaine,Natica,Shaine.Natica@yopmail.com,Shaine.Natica@gmail.com,doctor
789,Neila,Howlyn,Neila.Howlyn@yopmail.com,Neila.Howlyn@gmail.com,firefighter
790,Chrystel,Simmonds,Chrystel.Simmonds@yopmail.com,Chrystel.Simmonds@gmail.com,developer
791,Marcelline,Fink,Marcelline.Fink@yopmail.com,Marcelline.Fink@gmail.com,firefighter
792,Kristan,Nerita,Kristan.Nerita@yopmail.com,Kristan.Nerita@gmail.com,worker
793,Phedra,Brittani,Phedra.Brittani@yopmail.com,Phedra.Brittani@gmail.com,firefighter
794,Jerry,Cottle,Jerry.Cottle@yopmail.com,Jerry.Cottle@gmail.com,worker
795,Suzette,Luhe,Suzette.Luhe@yopmail.com,Suzette.Luhe@gmail.com,firefighter
796,Emylee,Fry,Emylee.Fry@yopmail.com,Emylee.Fry@gmail.com,worker
797,Clementine,Merriott,Clementine.Merriott@yopmail.com,Clementine.Merriott@gmail.com,worker
798,Priscilla,Estella,Priscilla.Estella@yopmail.com,Priscilla.Estella@gmail.com,developer
799,Halette,Niccolo,Halette.Niccolo@yopmail.com,Halette.Niccolo@gmail.com,developer
800,Gui,Alarise,Gui.Alarise@yopmail.com,Gui.Alarise@gmail.com,firefighter
801,Beverley,Norvol,Beverley.Norvol@yopmail.com,Beverley.Norvol@gmail.com,developer
802,Sophia,Leler,Sophia.Leler@yopmail.com,Sophia.Leler@gmail.com,doctor
803,Almeta,Weide,Almeta.Weide@yopmail.com,Almeta.Weide@gmail.com,worker
804,Madalyn,Roscoe,Madalyn.Roscoe@yopmail.com,Madalyn.Roscoe@gmail.com,police officer
805,Abbie,Wenoa,Abbie.Wenoa@yopmail.com,Abbie.Wenoa@gmail.com,firefighter
806,Tomasina,Egbert,Tomasina.Egbert@yopmail.com,Tomasina.Egbert@gmail.com,developer
807,Ermengarde,Nelsen,Ermengarde.Nelsen@yopmail.com,Ermengarde.Nelsen@gmail.com,developer
808,Hyacinthe,Lindemann,Hyacinthe.Lindemann@yopmail.com,Hyacinthe.Lindemann@gmail.com,developer
809,Johna,Barbey,Johna.Barbey@yopmail.com,Johna.Barbey@gmail.com,doctor
810,Ruthe,Pacorro,Ruthe.Pacorro@yopmail.com,Ruthe.Pacorro@gmail.com,developer
811,Sashenka,Mayeda,Sashenka.Mayeda@yopmail.com,Sashenka.Mayeda@gmail.com,firefighter
812,Mady,Travax,Mady.Travax@yopmail.com,Mady.Travax@gmail.com,developer
813,Beth,Ulphia,Beth.Ulphia@yopmail.com,Beth.Ulphia@gmail.com,firefighter
814,Aurore,Remmer,Aurore.Remmer@yopmail.com,Aurore.Remmer@gmail.com,developer
815,Alyssa,Rillings,Alyssa.Rillings@yopmail.com,Alyssa.Rillings@gmail.com,worker
816,Aigneis,Saint,Aigneis.Saint@yopmail.com,Aigneis.Saint@gmail.com,worker
817,Dolli,Rocray,Dolli.Rocray@yopmail.com,Dolli.Rocray@gmail.com,police officer
818,Aubrie,Alice,Aubrie.Alice@yopmail.com,Aubrie.Alice@gmail.com,doctor
819,Clo,Gale,Clo.Gale@yopmail.com,Clo.Gale@gmail.com,worker
820,Theodora,Cadmar,Theodora.Cadmar@yopmail.com,Theodora.Cadmar@gmail.com,worker
821,Shirlee,Killigrew,Shirlee.Killigrew@yopmail.com,Shirlee.Killigrew@gmail.com,worker
822,Shirlee,Constancy,Shirlee.Constancy@yopmail.com,Shirlee.Constancy@gmail.com,developer
823,Barbi,Elo,Barbi.Elo@yopmail.com,Barbi.Elo@gmail.com,developer
824,Damaris,Raseda,Damaris.Raseda@yopmail.com,Damaris.Raseda@gmail.com,doctor
825,Karolina,Sasnett,Karolina.Sasnett@yopmail.com,Karolina.Sasnett@gmail.com,firefighter
826,Frank,Himelman,Frank.Himelman@yopmail.com,Frank.Himelman@gmail.com,doctor
827,Hallie,August,Hallie.August@yopmail.com,Hallie.August@gmail.com,doctor
828,Barbara,Nerita,Barbara.Nerita@yopmail.com,Barbara.Nerita@gmail.com,firefighter
829,Morganica,Armanda,Morganica.Armanda@yopmail.com,Morganica.Armanda@gmail.com,developer
830,Mady,Urias,Mady.Urias@yopmail.com,Mady.Urias@gmail.com,doctor
831,Belva,Maiah,Belva.Maiah@yopmail.com,Belva.Maiah@gmail.com,firefighter
832,Phylis,Henrie,Phylis.Henrie@yopmail.com,Phylis.Henrie@gmail.com,police officer
833,Rosaline,Persse,Rosaline.Persse@yopmail.com,Rosaline.Persse@gmail.com,developer
834,Carilyn,Fiann,Carilyn.Fiann@yopmail.com,Carilyn.Fiann@gmail.com,developer
835,Ernesta,Ciapas,Ernesta.Ciapas@yopmail.com,Ernesta.Ciapas@gmail.com,police officer
836,Devina,Marcellus,Devina.Marcellus@yopmail.com,Devina.Marcellus@gmail.com,worker
837,Gisela,Rolf,Gisela.Rolf@yopmail.com,Gisela.Rolf@gmail.com,firefighter
838,Kimmy,Cherianne,Kimmy.Cherianne@yopmail.com,Kimmy.Cherianne@gmail.com,worker
839,Jasmina,Morgun,Jasmina.Morgun@yopmail.com,Jasmina.Morgun@gmail.com,doctor
840,Ebonee,Stefa,Ebonee.Stefa@yopmail.com,Ebonee.Stefa@gmail.com,police officer
841,Lizzie,Kosey,Lizzie.Kosey@yopmail.com,Lizzie.Kosey@gmail.com,worker
842,Mary,Camden,Mary.Camden@yopmail.com,Mary.Camden@gmail.com,doctor
843,Delilah,Sherfield,Delilah.Sherfield@yopmail.com,Delilah.Sherfield@gmail.com,police officer
844,Petronia,Bashemeth,Petronia.Bashemeth@yopmail.com,Petronia.Bashemeth@gmail.com,doctor
845,Joeann,Vittoria,Joeann.Vittoria@yopmail.com,Joeann.Vittoria@gmail.com,firefighter
846,Adele,Colleen,Adele.Colleen@yopmail.com,Adele.Colleen@gmail.com,doctor
847,Elmira,Willie,Elmira.Willie@yopmail.com,Elmira.Willie@gmail.com,police officer
848,Rubie,Medrek,Rubie.Medrek@yopmail.com,Rubie.Medrek@gmail.com,doctor
849,Lorie,Fontana,Lorie.Fontana@yopmail.com,Lorie.Fontana@gmail.com,police officer
850,Candi,Thad,Candi.Thad@yopmail.com,Candi.Thad@gmail.com,doctor
851,Adele,Torray,Adele.Torray@yopmail.com,Adele.Torray@gmail.com,police officer
852,Netty,Duwalt,Netty.Duwalt@yopmail.com,Netty.Duwalt@gmail.com,doctor
853,Kalina,Niccolo,Kalina.Niccolo@yopmail.com,Kalina.Niccolo@gmail.com,doctor
854,Livvyy,Doig,Livvyy.Doig@yopmail.com,Livvyy.Doig@gmail.com,police officer
855,Aryn,Urias,Aryn.Urias@yopmail.com,Aryn.Urias@gmail.com,doctor
856,Cathie,Earlie,Cathie.Earlie@yopmail.com,Cathie.Earlie@gmail.com,doctor
857,Nariko,Jess,Nariko.Jess@yopmail.com,Nariko.Jess@gmail.com,firefighter
858,Merrie,Goode,Merrie.Goode@yopmail.com,Merrie.Goode@gmail.com,police officer
859,Corly,Gavrila,Corly.Gavrila@yopmail.com,Corly.Gavrila@gmail.com,firefighter
860,Loree,Drisko,Loree.Drisko@yopmail.com,Loree.Drisko@gmail.com,police officer
861,Noelle,Kunin,Noelle.Kunin@yopmail.com,Noelle.Kunin@gmail.com,doctor
862,Tobe,Crudden,Tobe.Crudden@yopmail.com,Tobe.Crudden@gmail.com,developer
863,Renie,Nickola,Renie.Nickola@yopmail.com,Renie.Nickola@gmail.com,worker
864,Lorenza,Teddman,Lorenza.Teddman@yopmail.com,Lorenza.Teddman@gmail.com,firefighter
865,Valeda,Lynn,Valeda.Lynn@yopmail.com,Valeda.Lynn@gmail.com,worker
866,Nickie,Faro,Nickie.Faro@yopmail.com,Nickie.Faro@gmail.com,police officer
867,Adelle,Henebry,Adelle.Henebry@yopmail.com,Adelle.Henebry@gmail.com,developer
868,Clary,Podvin,Clary.Podvin@yopmail.com,Clary.Podvin@gmail.com,police officer
869,Myriam,Ehrman,Myriam.Ehrman@yopmail.com,Myriam.Ehrman@gmail.com,doctor
870,Vinita,Edee,Vinita.Edee@yopmail.com,Vinita.Edee@gmail.com,doctor
871,Marnia,Ball,Marnia.Ball@yopmail.com,Marnia.Ball@gmail.com,police officer
872,Vanessa,Bury,Vanessa.Bury@yopmail.com,Vanessa.Bury@gmail.com,firefighter
873,Maud,Revkah,Maud.Revkah@yopmail.com,Maud.Revkah@gmail.com,doctor
874,Carmela,Himelman,Carmela.Himelman@yopmail.com,Carmela.Himelman@gmail.com,developer
875,Fernande,Ephrem,Fernande.Ephrem@yopmail.com,Fernande.Ephrem@gmail.com,police officer
876,Daphne,Casimir,Daphne.Casimir@yopmail.com,Daphne.Casimir@gmail.com,worker
877,Marika,Warthman,Marika.Warthman@yopmail.com,Marika.Warthman@gmail.com,police officer
878,Tomasina,Leffen,Tomasina.Leffen@yopmail.com,Tomasina.Leffen@gmail.com,doctor
879,Allyce,Deegan,Allyce.Deegan@yopmail.com,Allyce.Deegan@gmail.com,developer
880,Blake,Schonfeld,Blake.Schonfeld@yopmail.com,Blake.Schonfeld@gmail.com,firefighter
881,Lexine,Gregrory,Lexine.Gregrory@yopmail.com,Lexine.Gregrory@gmail.com,police officer
882,Meriel,Cookie,Meriel.Cookie@yopmail.com,Meriel.Cookie@gmail.com,doctor
883,Roz,Chesna,Roz.Chesna@yopmail.com,Roz.Chesna@gmail.com,developer
884,Stephanie,Vilma,Stephanie.Vilma@yopmail.com,Stephanie.Vilma@gmail.com,worker
885,Shandie,Pond,Shandie.Pond@yopmail.com,Shandie.Pond@gmail.com,doctor
886,Margette,Sherfield,Margette.Sherfield@yopmail.com,Margette.Sherfield@gmail.com,doctor
887,Shel,Gillan,Shel.Gillan@yopmail.com,Shel.Gillan@gmail.com,developer
888,Jordan,Deny,Jordan.Deny@yopmail.com,Jordan.Deny@gmail.com,firefighter
889,June,Earlie,June.Earlie@yopmail.com,June.Earlie@gmail.com,doctor
890,Agnese,Winnick,Agnese.Winnick@yopmail.com,Agnese.Winnick@gmail.com,developer
891,Andree,Heisel,Andree.Heisel@yopmail.com,Andree.Heisel@gmail.com,developer
892,Binny,Garek,Binny.Garek@yopmail.com,Binny.Garek@gmail.com,developer
893,Vivia,Eldrid,Vivia.Eldrid@yopmail.com,Vivia.Eldrid@gmail.com,worker
894,Rayna,Anyah,Rayna.Anyah@yopmail.com,Rayna.Anyah@gmail.com,developer
895,Alexine,Maxi,Alexine.Maxi@yopmail.com,Alexine.Maxi@gmail.com,police officer
896,Tobe,Clywd,Tobe.Clywd@yopmail.com,Tobe.Clywd@gmail.com,worker
897,Rivalee,Bord,Rivalee.Bord@yopmail.com,Rivalee.Bord@gmail.com,police officer
898,Lexine,Shanley,Lexine.Shanley@yopmail.com,Lexine.Shanley@gmail.com,doctor
899,Valera,Zuzana,Valera.Zuzana@yopmail.com,Valera.Zuzana@gmail.com,police officer
900,Lilith,Sammons,Lilith.Sammons@yopmail.com,Lilith.Sammons@gmail.com,doctor
901,Helsa,Salvidor,Helsa.Salvidor@yopmail.com,Helsa.Salvidor@gmail.com,worker
902,Anica,Callista,Anica.Callista@yopmail.com,Anica.Callista@gmail.com,doctor
903,Bertine,Drisko,Bertine.Drisko@yopmail.com,Bertine.Drisko@gmail.com,police officer
904,Binny,Gibbeon,Binny.Gibbeon@yopmail.com,Binny.Gibbeon@gmail.com,doctor
905,Sherrie,Thunell,Sherrie.Thunell@yopmail.com,Sherrie.Thunell@gmail.com,worker
906,Nessie,Emmy,Nessie.Emmy@yopmail.com,Nessie.Emmy@gmail.com,developer
907,Lilith,Arvo,Lilith.Arvo@yopmail.com,Lilith.Arvo@gmail.com,developer
908,Gaylene,Goerke,Gaylene.Goerke@yopmail.com,Gaylene.Goerke@gmail.com,worker
909,Jennica,Audly,Jennica.Audly@yopmail.com,Jennica.Audly@gmail.com,police officer
910,Norine,Brandice,Norine.Brandice@yopmail.com,Norine.Brandice@gmail.com,worker
911,Livvyy,Harl,Livvyy.Harl@yopmail.com,Livvyy.Harl@gmail.com,police officer
912,Ginnie,Aaberg,Ginnie.Aaberg@yopmail.com,Ginnie.Aaberg@gmail.com,doctor
913,Brooks,Means,Brooks.Means@yopmail.com,Brooks.Means@gmail.com,doctor
914,Glynnis,Cassius,Glynnis.Cassius@yopmail.com,Glynnis.Cassius@gmail.com,developer
915,Jorry,Lissi,Jorry.Lissi@yopmail.com,Jorry.Lissi@gmail.com,doctor
916,Karena,Leonard,Karena.Leonard@yopmail.com,Karena.Leonard@gmail.com,doctor
917,Alameda,Fairweather,Alameda.Fairweather@yopmail.com,Alameda.Fairweather@gmail.com,police officer
918,Constance,Plato,Constance.Plato@yopmail.com,Constance.Plato@gmail.com,firefighter
919,Ninnetta,Ruvolo,Ninnetta.Ruvolo@yopmail.com,Ninnetta.Ruvolo@gmail.com,developer
920,Merle,Bigner,Merle.Bigner@yopmail.com,Merle.Bigner@gmail.com,doctor
921,Lila,Dulciana,Lila.Dulciana@yopmail.com,Lila.Dulciana@gmail.com,doctor
922,Livvyy,Lynn,Livvyy.Lynn@yopmail.com,Livvyy.Lynn@gmail.com,developer
923,Hollie,Pernick,Hollie.Pernick@yopmail.com,Hollie.Pernick@gmail.com,firefighter
924,Maridel,Girardo,Maridel.Girardo@yopmail.com,Maridel.Girardo@gmail.com,developer
925,Ursulina,Goth,Ursulina.Goth@yopmail.com,Ursulina.Goth@gmail.com,firefighter
926,Rebeca,Juan,Rebeca.Juan@yopmail.com,Rebeca.Juan@gmail.com,worker
927,Josephine,Dalli,Josephine.Dalli@yopmail.com,Josephine.Dalli@gmail.com,doctor
928,Brandise,Hollingsworth,Brandise.Hollingsworth@yopmail.com,Brandise.Hollingsworth@gmail.com,firefighter
929,Cissiee,Diann,Cissiee.Diann@yopmail.com,Cissiee.Diann@gmail.com,worker
930,Ursulina,Ventre,Ursulina.Ventre@yopmail.com,Ursulina.Ventre@gmail.com,doctor
931,Nannie,Schroth,Nannie.Schroth@yopmail.com,Nannie.Schroth@gmail.com,police officer
932,Marti,Naor,Marti.Naor@yopmail.com,Marti.Naor@gmail.com,developer
933,Dorthy,Croix,Dorthy.Croix@yopmail.com,Dorthy.Croix@gmail.com,developer
934,Larine,Ambrosia,Larine.Ambrosia@yopmail.com,Larine.Ambrosia@gmail.com,worker
935,Fina,Rillings,Fina.Rillings@yopmail.com,Fina.Rillings@gmail.com,firefighter
936,Cindelyn,Haymes,Cindelyn.Haymes@yopmail.com,Cindelyn.Haymes@gmail.com,firefighter
937,Cristabel,Dielu,Cristabel.Dielu@yopmail.com,Cristabel.Dielu@gmail.com,doctor
938,Ronna,Constancy,Ronna.Constancy@yopmail.com,Ronna.Constancy@gmail.com,police officer
939,Gwyneth,Hilbert,Gwyneth.Hilbert@yopmail.com,Gwyneth.Hilbert@gmail.com,firefighter
940,Fernande,Telfer,Fernande.Telfer@yopmail.com,Fernande.Telfer@gmail.com,worker
941,Pierette,Slifka,Pierette.Slifka@yopmail.com,Pierette.Slifka@gmail.com,police officer
942,Correy,Brotherson,Correy.Brotherson@yopmail.com,Correy.Brotherson@gmail.com,doctor
943,Aubrie,Wenda,Aubrie.Wenda@yopmail.com,Aubrie.Wenda@gmail.com,police officer
944,Blake,Ricarda,Blake.Ricarda@yopmail.com,Blake.Ricarda@gmail.com,police officer
945,Isa,Koziara,Isa.Koziara@yopmail.com,Isa.Koziara@gmail.com,developer
946,Nariko,Goth,Nariko.Goth@yopmail.com,Nariko.Goth@gmail.com,doctor
947,Deirdre,Agle,Deirdre.Agle@yopmail.com,Deirdre.Agle@gmail.com,firefighter
948,Lusa,Blisse,Lusa.Blisse@yopmail.com,Lusa.Blisse@gmail.com,firefighter
949,Calla,Holbrook,Calla.Holbrook@yopmail.com,Calla.Holbrook@gmail.com,worker
950,Danny,Lubin,Danny.Lubin@yopmail.com,Danny.Lubin@gmail.com,worker
951,Tierney,Hieronymus,Tierney.Hieronymus@yopmail.com,Tierney.Hieronymus@gmail.com,doctor
952,Goldie,Rolf,Goldie.Rolf@yopmail.com,Goldie.Rolf@gmail.com,developer
953,Elbertina,Lacombe,Elbertina.Lacombe@yopmail.com,Elbertina.Lacombe@gmail.com,doctor
954,Johna,Dielu,Johna.Dielu@yopmail.com,Johna.Dielu@gmail.com,doctor
955,Tybie,Gillan,Tybie.Gillan@yopmail.com,Tybie.Gillan@gmail.com,police officer
956,Maryellen,Noam,Maryellen.Noam@yopmail.com,Maryellen.Noam@gmail.com,police officer
957,Marleah,Santoro,Marleah.Santoro@yopmail.com,Marleah.Santoro@gmail.com,firefighter
958,Riannon,Colyer,Riannon.Colyer@yopmail.com,Riannon.Colyer@gmail.com,doctor
959,Neila,Cosenza,Neila.Cosenza@yopmail.com,Neila.Cosenza@gmail.com,police officer
960,Ekaterina,Daveta,Ekaterina.Daveta@yopmail.com,Ekaterina.Daveta@gmail.com,firefighter
961,Nerta,Rolf,Nerta.Rolf@yopmail.com,Nerta.Rolf@gmail.com,developer
962,Sharai,Roumell,Sharai.Roumell@yopmail.com,Sharai.Roumell@gmail.com,worker
963,Alisha,Lissi,Alisha.Lissi@yopmail.com,Alisha.Lissi@gmail.com,developer
964,Linzy,Karylin,Linzy.Karylin@yopmail.com,Linzy.Karylin@gmail.com,firefighter
965,Demetris,Pandolfi,Demetris.Pandolfi@yopmail.com,Demetris.Pandolfi@gmail.com,police officer
966,Magdalena,Plato,Magdalena.Plato@yopmail.com,Magdalena.Plato@gmail.com,doctor
967,Liana,Zitvaa,Liana.Zitvaa@yopmail.com,Liana.Zitvaa@gmail.com,police officer
968,Olwen,Riordan,Olwen.Riordan@yopmail.com,Olwen.Riordan@gmail.com,developer
969,Abbie,Lamoree,Abbie.Lamoree@yopmail.com,Abbie.Lamoree@gmail.com,developer
970,Kathy,Kirbee,Kathy.Kirbee@yopmail.com,Kathy.Kirbee@gmail.com,police officer
971,Norine,Harday,Norine.Harday@yopmail.com,Norine.Harday@gmail.com,worker
972,Celene,Killigrew,Celene.Killigrew@yopmail.com,Celene.Killigrew@gmail.com,worker
973,Netty,Pitt,Netty.Pitt@yopmail.com,Netty.Pitt@gmail.com,doctor
974,Bee,Idelia,Bee.Idelia@yopmail.com,Bee.Idelia@gmail.com,worker
975,Janis,Maples,Janis.Maples@yopmail.com,Janis.Maples@gmail.com,firefighter
976,Charlena,Zina,Charlena.Zina@yopmail.com,Charlena.Zina@gmail.com,firefighter
977,Dorothy,Sothena,Dorothy.Sothena@yopmail.com,Dorothy.Sothena@gmail.com,firefighter
978,Chastity,Kellby,Chastity.Kellby@yopmail.com,Chastity.Kellby@gmail.com,developer
979,Emylee,Tybald,Emylee.Tybald@yopmail.com,Emylee.Tybald@gmail.com,worker
980,Tilly,Rosalba,Tilly.Rosalba@yopmail.com,Tilly.Rosalba@gmail.com,police officer
981,Clementine,Mauer,Clementine.Mauer@yopmail.com,Clementine.Mauer@gmail.com,developer
982,Ekaterina,Land,Ekaterina.Land@yopmail.com,Ekaterina.Land@gmail.com,doctor
983,Chandra,Briney,Chandra.Briney@yopmail.com,Chandra.Briney@gmail.com,worker
984,Vita,Arathorn,Vita.Arathorn@yopmail.com,Vita.Arathorn@gmail.com,worker
985,Jobi,Ludewig,Jobi.Ludewig@yopmail.com,Jobi.Ludewig@gmail.com,worker
986,Aili,Pierette,Aili.Pierette@yopmail.com,Aili.Pierette@gmail.com,worker
987,Clo,Lipson,Clo.Lipson@yopmail.com,Clo.Lipson@gmail.com,police officer
988,Ardys,Havens,Ardys.Havens@yopmail.com,Ardys.Havens@gmail.com,police officer
989,Kylynn,Fink,Kylynn.Fink@yopmail.com,Kylynn.Fink@gmail.com,worker
990,Moyna,Brady,Moyna.Brady@yopmail.com,Moyna.Brady@gmail.com,doctor
991,Aryn,Granoff,Aryn.Granoff@yopmail.com,Aryn.Granoff@gmail.com,doctor
992,Queenie,Skurnik,Queenie.Skurnik@yopmail.com,Queenie.Skurnik@gmail.com,worker
993,Sheelagh,Atonsah,Sheelagh.Atonsah@yopmail.com,Sheelagh.Atonsah@gmail.com,doctor
994,Kerrin,Dalli,Kerrin.Dalli@yopmail.com,Kerrin.Dalli@gmail.com,worker
995,Joelly,Malvino,Joelly.Malvino@yopmail.com,Joelly.Malvino@gmail.com,worker
996,Ekaterina,Howlyn,Ekaterina.Howlyn@yopmail.com,Ekaterina.Howlyn@gmail.com,doctor
997,Gusella,Goerke,Gusella.Goerke@yopmail.com,Gusella.Goerke@gmail.com,worker
998,Binny,Ackerley,Binny.Ackerley@yopmail.com,Binny.Ackerley@gmail.com,doctor
999,Kimberley,Lindemann,Kimberley.Lindemann@yopmail.com,Kimberley.Lindemann@gmail.com,worker
1000,Daryl,Simmonds,Daryl.Simmonds@yopmail.com,Daryl.Simmonds@gmail.com,doctor
1001,Berget,Lucienne,Berget.Lucienne@yopmail.com,Berget.Lucienne@gmail.com,police officer
1002,Regina,Torray,Regina.Torray@yopmail.com,Regina.Torray@gmail.com,worker
1003,Linzy,Mauer,Linzy.Mauer@yopmail.com,Linzy.Mauer@gmail.com,police officer
1004,Lilith,Soneson,Lilith.Soneson@yopmail.com,Lilith.Soneson@gmail.com,firefighter
1005,Celene,Zola,Celene.Zola@yopmail.com,Celene.Zola@gmail.com,firefighter
1006,Adele,Phaidra,Adele.Phaidra@yopmail.com,Adele.Phaidra@gmail.com,doctor
1007,Catharine,Rugen,Catharine.Rugen@yopmail.com,Catharine.Rugen@gmail.com,police officer
1008,Vonny,Berl,Vonny.Berl@yopmail.com,Vonny.Berl@gmail.com,worker
1009,Calla,Corabella,Calla.Corabella@yopmail.com,Calla.Corabella@gmail.com,doctor
1010,Isa,Cutlerr,Isa.Cutlerr@yopmail.com,Isa.Cutlerr@gmail.com,doctor
1011,Patricia,Levey,Patricia.Levey@yopmail.com,Patricia.Levey@gmail.com,worker
1012,Ardenia,Heisel,Ardenia.Heisel@yopmail.com,Ardenia.Heisel@gmail.com,worker
1013,Leia,Thomasina,Leia.Thomasina@yopmail.com,Leia.Thomasina@gmail.com,firefighter
1014,Ericka,Taam,Ericka.Taam@yopmail.com,Ericka.Taam@gmail.com,worker
1015,Willetta,Yoko,Willetta.Yoko@yopmail.com,Willetta.Yoko@gmail.com,doctor
1016,Pollyanna,Cottle,Pollyanna.Cottle@yopmail.com,Pollyanna.Cottle@gmail.com,firefighter
1017,Eugine,Gahl,Eugine.Gahl@yopmail.com,Eugine.Gahl@gmail.com,firefighter
1018,Kylynn,Chesna,Kylynn.Chesna@yopmail.com,Kylynn.Chesna@gmail.com,police officer
1019,Tani,Colleen,Tani.Colleen@yopmail.com,Tani.Colleen@gmail.com,firefighter
1020,Robinia,Phyllis,Robinia.Phyllis@yopmail.com,Robinia.Phyllis@gmail.com,developer
1021,Gilda,Audly,Gilda.Audly@yopmail.com,Gilda.Audly@gmail.com,developer
1022,Jany,Melan,Jany.Melan@yopmail.com,Jany.Melan@gmail.com,firefighter
1023,Darci,Deegan,Darci.Deegan@yopmail.com,Darci.Deegan@gmail.com,worker
1024,Teddie,Fulmer,Teddie.Fulmer@yopmail.com,Teddie.Fulmer@gmail.com,doctor
1025,Amelia,Ventre,Amelia.Ventre@yopmail.com,Amelia.Ventre@gmail.com,police officer
1026,Regina,Kolnick,Regina.Kolnick@yopmail.com,Regina.Kolnick@gmail.com,worker
1027,Kerrin,Deny,Kerrin.Deny@yopmail.com,Kerrin.Deny@gmail.com,firefighter
1028,Mireielle,Edvard,Mireielle.Edvard@yopmail.com,Mireielle.Edvard@gmail.com,doctor
1029,Moyna,Izaak,Moyna.Izaak@yopmail.com,Moyna.Izaak@gmail.com,worker
1030,Leeanne,Bigner,Leeanne.Bigner@yopmail.com,Leeanne.Bigner@gmail.com,worker
1031,Abbie,Wolfgram,Abbie.Wolfgram@yopmail.com,Abbie.Wolfgram@gmail.com,firefighter
1032,Nikki,Madelene,Nikki.Madelene@yopmail.com,Nikki.Madelene@gmail.com,doctor
1033,Rebeca,Merell,Rebeca.Merell@yopmail.com,Rebeca.Merell@gmail.com,developer
1034,Almeta,Rhu,Almeta.Rhu@yopmail.com,Almeta.Rhu@gmail.com,firefighter
1035,Addia,Chandler,Addia.Chandler@yopmail.com,Addia.Chandler@gmail.com,developer
1036,Wileen,Borrell,Wileen.Borrell@yopmail.com,Wileen.Borrell@gmail.com,developer
1037,Tiffie,Pernick,Tiffie.Pernick@yopmail.com,Tiffie.Pernick@gmail.com,firefighter
1038,Dale,Dannye,Dale.Dannye@yopmail.com,Dale.Dannye@gmail.com,worker
1039,Emilia,Calhoun,Emilia.Calhoun@yopmail.com,Emilia.Calhoun@gmail.com,police officer
1040,Annecorinne,Idelia,Annecorinne.Idelia@yopmail.com,Annecorinne.Idelia@gmail.com,doctor
1041,Tilly,Amasa,Tilly.Amasa@yopmail.com,Tilly.Amasa@gmail.com,doctor
1042,Magdalena,Kinnard,Magdalena.Kinnard@yopmail.com,Magdalena.Kinnard@gmail.com,developer
1043,Asia,Bakerman,Asia.Bakerman@yopmail.com,Asia.Bakerman@gmail.com,firefighter
1044,Dale,Ralfston,Dale.Ralfston@yopmail.com,Dale.Ralfston@gmail.com,worker
1045,Jean,Jacinda,Jean.Jacinda@yopmail.com,Jean.Jacinda@gmail.com,firefighter
1046,Cassandra,Ledah,Cassandra.Ledah@yopmail.com,Cassandra.Ledah@gmail.com,developer
1047,Lonnie,Bennie,Lonnie.Bennie@yopmail.com,Lonnie.Bennie@gmail.com,firefighter
1048,Peri,Rolf,Peri.Rolf@yopmail.com,Peri.Rolf@gmail.com,police officer
1049,Belinda,Rosette,Belinda.Rosette@yopmail.com,Belinda.Rosette@gmail.com,doctor
1050,Dale,Juliet,Dale.Juliet@yopmail.com,Dale.Juliet@gmail.com,firefighter
1051,Shandie,Felecia,Shandie.Felecia@yopmail.com,Shandie.Felecia@gmail.com,police officer
1052,Addia,Suzetta,Addia.Suzetta@yopmail.com,Addia.Suzetta@gmail.com,worker
1053,Collen,Anton,Collen.Anton@yopmail.com,Collen.Anton@gmail.com,police officer
1054,Ginnie,Shields,Ginnie.Shields@yopmail.com,Ginnie.Shields@gmail.com,worker
1055,Mildrid,Barrus,Mildrid.Barrus@yopmail.com,Mildrid.Barrus@gmail.com,firefighter
1056,Goldie,Felizio,Goldie.Felizio@yopmail.com,Goldie.Felizio@gmail.com,doctor
1057,Kalina,Eliathas,Kalina.Eliathas@yopmail.com,Kalina.Eliathas@gmail.com,doctor
1058,Sibella,Skurnik,Sibella.Skurnik@yopmail.com,Sibella.Skurnik@gmail.com,developer
1059,Tomasina,Wesle,Tomasina.Wesle@yopmail.com,Tomasina.Wesle@gmail.com,doctor
1060,Lucille,Dalli,Lucille.Dalli@yopmail.com,Lucille.Dalli@gmail.com,firefighter
1061,Aurore,Pernick,Aurore.Pernick@yopmail.com,Aurore.Pernick@gmail.com,doctor
1062,Nariko,Philoo,Nariko.Philoo@yopmail.com,Nariko.Philoo@gmail.com,developer
1063,Larine,Atonsah,Larine.Atonsah@yopmail.com,Larine.Atonsah@gmail.com,firefighter
1064,Desirae,Aloise,Desirae.Aloise@yopmail.com,Desirae.Aloise@gmail.com,developer
1065,Queenie,Faro,Queenie.Faro@yopmail.com,Queenie.Faro@gmail.com,developer
1066,Amelia,Drus,Amelia.Drus@yopmail.com,Amelia.Drus@gmail.com,firefighter
1067,Verla,Khorma,Verla.Khorma@yopmail.com,Verla.Khorma@gmail.com,developer
1068,Inga,Orpah,Inga.Orpah@yopmail.com,Inga.Orpah@gmail.com,firefighter
1069,Katharina,Ammann,Katharina.Ammann@yopmail.com,Katharina.Ammann@gmail.com,police officer
1070,Silvana,Curren,Silvana.Curren@yopmail.com,Silvana.Curren@gmail.com,firefighter
1071,Ira,Randene,Ira.Randene@yopmail.com,Ira.Randene@gmail.com,doctor
1072,Beth,Ashok,Beth.Ashok@yopmail.com,Beth.Ashok@gmail.com,police officer
1073,Nerta,Emerson,Nerta.Emerson@yopmail.com,Nerta.Emerson@gmail.com,doctor
1074,Dania,Sidonius,Dania.Sidonius@yopmail.com,Dania.Sidonius@gmail.com,firefighter
1075,Clarice,Trace,Clarice.Trace@yopmail.com,Clarice.Trace@gmail.com,worker
1076,Edee,Kosey,Edee.Kosey@yopmail.com,Edee.Kosey@gmail.com,doctor
1077,Shel,Olympium,Shel.Olympium@yopmail.com,Shel.Olympium@gmail.com,firefighter
1078,Sarette,Milde,Sarette.Milde@yopmail.com,Sarette.Milde@gmail.com,worker
1079,Marti,Prober,Marti.Prober@yopmail.com,Marti.Prober@gmail.com,worker
1080,Gerrie,Kamaria,Gerrie.Kamaria@yopmail.com,Gerrie.Kamaria@gmail.com,worker
1081,Rosene,Halla,Rosene.Halla@yopmail.com,Rosene.Halla@gmail.com,doctor
1082,Janenna,Reneta,Janenna.Reneta@yopmail.com,Janenna.Reneta@gmail.com,developer
1083,Jolyn,Bartlett,Jolyn.Bartlett@yopmail.com,Jolyn.Bartlett@gmail.com,worker
1084,Fanny,Stanwood,Fanny.Stanwood@yopmail.com,Fanny.Stanwood@gmail.com,worker
1085,Hope,Sacken,Hope.Sacken@yopmail.com,Hope.Sacken@gmail.com,firefighter
1086,Bertine,Kimmie,Bertine.Kimmie@yopmail.com,Bertine.Kimmie@gmail.com,worker
1087,Lexine,Romelda,Lexine.Romelda@yopmail.com,Lexine.Romelda@gmail.com,worker
1088,Coral,Dreda,Coral.Dreda@yopmail.com,Coral.Dreda@gmail.com,developer
1089,Perry,Corrine,Perry.Corrine@yopmail.com,Perry.Corrine@gmail.com,firefighter
1090,Tori,Fancie,Tori.Fancie@yopmail.com,Tori.Fancie@gmail.com,worker
1091,Tersina,Keily,Tersina.Keily@yopmail.com,Tersina.Keily@gmail.com,worker
1092,Bernardine,Pelagias,Bernardine.Pelagias@yopmail.com,Bernardine.Pelagias@gmail.com,developer
1093,Lorenza,Bohlin,Lorenza.Bohlin@yopmail.com,Lorenza.Bohlin@gmail.com,firefighter
1094,Aurelie,Larochelle,Aurelie.Larochelle@yopmail.com,Aurelie.Larochelle@gmail.com,developer
1095,Cacilie,Damarra,Cacilie.Damarra@yopmail.com,Cacilie.Damarra@gmail.com,firefighter
1096,Nanete,Faso,Nanete.Faso@yopmail.com,Nanete.Faso@gmail.com,worker
1097,Maud,Briney,Maud.Briney@yopmail.com,Maud.Briney@gmail.com,firefighter
1098,Viki,Merell,Viki.Merell@yopmail.com,Viki.Merell@gmail.com,police officer
1099,Rosabelle,Cleavland,Rosabelle.Cleavland@yopmail.com,Rosabelle.Cleavland@gmail.com,developer