id,firstname,lastname,email,email2,profession
100,Marylou,Mata,Marylou.Mata@yopmail.com,Marylou.Mata@gmail.com,doctor
101,Dorthy,Fulmer,Dorthy.Fulmer@yopmail.com,Dorthy.Fulmer@gmail.com,developer
102,Amara,Rhu,Amara.Rhu@yopmail.com,Amara.Rhu@gmail.com,police officer
103,Beverley,Kamaria,Beverley.Kamaria@yopmail.com,Beverley.Kamaria@gmail.com,doctor
104,Amalie,Baptlsta,Amalie.Baptlsta@yopmail.com,Amalie.Baptlsta@gmail.com,firefighter
105,Wileen,Podvin,Wileen.Podvin@yopmail.com,Wileen.Podvin@gmail.com,developer
106,Gabi,Wiener,Gabi.Wiener@yopmail.com,Gabi.Wiener@gmail.com,firefighter
107,Kimberley,Chem,Kimberley.Chem@yopmail.com,Kimberley.Chem@gmail.com,doctor
108,Helsa,Lareena,Helsa.Lareena@yopmail.com,Helsa.Lareena@gmail.com,worker
109,Moyna,Karylin,Moyna.Karylin@yopmail.com,Moyna.Karylin@gmail.com,police officer
110,Farrah,Drisko,Farrah.Drisko@yopmail.com,Farrah.Drisko@gmail.com,developer
111,Kalina,Minetta,Kalina.Minetta@yopmail.com,Kalina.Minetta@gmail.com,doctor
112,Janenna,Norvol,Janenna.Norvol@yopmail.com,Janenna.Norvol@gmail.com,worker
113,Gerianna,Iaverne,Gerianna.Iaverne@yopmail.com,Gerianna.Iaverne@gmail.com,developer
114,Daphne,Konyn,Daphne.Konyn@yopmail.com,Daphne.Konyn@gmail.com,police officer
115,Ezmeralda,Sallyann,Ezmeralda.Sallyann@yopmail.com,Ezmeralda.Sallyann@gmail.com,worker
116,Linzy,Horan,Linzy.Horan@yopmail.com,Linzy.Horan@gmail.com,firefighter
117,Ginnie,Modie,Ginnie.Modie@yopmail.com,Ginnie.Modie@gmail.com,doctor
118,Karena,Dreda,Karena.Dreda@yopmail.com,Karena.Dreda@gmail.com,police officer
119,Nickie,Naor,Nickie.Naor@yopmail.com,Nickie.Naor@gmail.com,police officer
120,Krystle,Francene,Krystle.Francene@yopmail.com,Krystle.Francene@gmail.com,worker
121,Rubie,Ashok,Rubie.Ashok@yopmail.com,Rubie.Ashok@gmail.com,worker
122,Valeda,Eckblad,Valeda.Eckblad@yopmail.com,Valeda.Eckblad@gmail.com,developer
123,Carol-Jean,Astra,Carol-Jean.Astra@yopmail.com,Carol-Jean.Astra@gmail.com,firefighter
124,Ardys,Bartlett,Ardys.Bartlett@yopmail.com,Ardys.Bartlett@gmail.com,worker
125,Gabi,Payson,Gabi.Payson@yopmail.com,Gabi.Payson@gmail.com,doctor
126,Alejandra,Andrel,Alejandra.Andrel@yopmail.com,Alejandra.Andrel@gmail.com,firefighter
127,Amii,Luhe,Amii.Luhe@yopmail.com,Amii.Luhe@gmail.com,worker
128,Elfreda,Schenck,Elfreda.Schenck@yopmail.com,Elfreda.Schenck@gmail.com,worker
129,Sharlene,Schlosser,Sharlene.Schlosser@yopmail.com,Sharlene.Schlosser@gmail.com,police officer
130,Xylina,Eugenia,Xylina.Eugenia@yopmail.com,Xylina.Eugenia@gmail.com,police officer
131,Bertine,Parsaye,Bertine.Parsaye@yopmail.com,Bertine.Parsaye@gmail.com,developer
132,Larine,Lane,Larine.Lane@yopmail.com,Larine.Lane@gmail.com,firefighter
133,Carilyn,Tiffa,Carilyn.Tiffa@yopmail.com,Carilyn.Tiffa@gmail.com,worker
134,Flory,Guildroy,Flory.Guildroy@yopmail.com,Flory.Guildroy@gmail.com,police officer
135,Lynnea,Belanger,Lynnea.Belanger@yopmail.com,Lynnea.Belanger@gmail.com,developer
136,Desirae,Skell,Desirae.Skell@yopmail.com,Desirae.Skell@gmail.com,developer
137,Adelle,Burch,Adelle.Burch@yopmail.com,Adelle.Burch@gmail.com,firefighter
138,Gabi,Nelsen,Gabi.Nelsen@yopmail.com,Gabi.Nelsen@gmail.com,police officer
139,Rivalee,Selway,Rivalee.Selway@yopmail.com,Rivalee.Selway@gmail.com,firefighter
140,Kial,Brieta,Kial.Brieta@yopmail.com,Kial.Brieta@gmail.com,doctor
141,Gerianna,Niccolo,Gerianna.Niccolo@yopmail.com,Gerianna.Niccolo@gmail.com,firefighter
142,Maud,Horan,Maud.Horan@yopmail.com,Maud.Horan@gmail.com,firefighter
143,Steffane,Hoenack,Steffane.Hoenack@yopmail.com,Steffane.Hoenack@gmail.com,firefighter
144,Rosene,Alisia,Rosene.Alisia@yopmail.com,Rosene.Alisia@gmail.com,worker
145,Gwenneth,Eugenia,Gwenneth.Eugenia@yopmail.com,Gwenneth.Eugenia@gmail.com,firefighter
146,Bill,Emanuel,Bill.Emanuel@yopmail.com,Bill.Emanuel@gmail.com,worker
147,Emmey,Milson,Emmey.Milson@yopmail.com,Emmey.Milson@gmail.com,developer
148,Debee,Oscar,Debee.Oscar@yopmail.com,Debee.Oscar@gmail.com,firefighter
149,Kary,Creamer,Kary.Creamer@yopmail.com,Kary.Creamer@gmail.com,firefighter
150,Leona,Maryanne,Leona.Maryanne@yopmail.com,Leona.Maryanne@gmail.com,developer
151,Margalo,Howlyn,Margalo.Howlyn@yopmail.com,Margalo.Howlyn@gmail.com,developer
152,Bernardine,Lamoree,Bernardine.Lamoree@yopmail.com,Bernardine.Lamoree@gmail.com,developer
153,Elvira,Suanne,Elvira.Suanne@yopmail.com,Elvira.Suanne@gmail.com,worker
154,Roz,Nedrud,Roz.Nedrud@yopmail.com,Roz.Nedrud@gmail.com,doctor
155,Ericka,Greyson,Ericka.Greyson@yopmail.com,Ericka.Greyson@gmail.com,police officer
156,Esmeralda,Leary,Esmeralda.Leary@yopmail.com,Esmeralda.Leary@gmail.com,firefighter
157,Flory,Aprile,Flory.Aprile@yopmail.com,Flory.Aprile@gmail.com,developer
158,Alleen,Wattenberg,Alleen.Wattenberg@yopmail.com,Alleen.Wattenberg@gmail.com,developer
159,Ayn,Doig,Ayn.Doig@yopmail.com,Ayn.Doig@gmail.com,police officer
160,Jany,Niles,Jany.Niles@yopmail.com,Jany.Niles@gmail.com,doctor
161,Harrietta,Waite,Harrietta.Waite@yopmail.com,Harrietta.Waite@gmail.com,firefighter
162,Glenda,Dorcy,Glenda.Dorcy@yopmail.com,Glenda.Dorcy@gmail.com,worker
163,Annice,Anastatius,Annice.Anastatius@yopmail.com,Annice.Anastatius@gmail.com,police officer
164,Hallie,Pillsbury,Hallie.Pillsbury@yopmail.com,Hallie.Pillsbury@gmail.com,developer
165,Leanna,Kirstin,Leanna.Kirstin@yopmail.com,Leanna.Kirstin@gmail.com,firefighter
166,Bobbi,Emanuel,Bobbi.Emanuel@yopmail.com,Bobbi.Emanuel@gmail.com,firefighter
167,Genevra,Andrel,Genevra.Andrel@yopmail.com,Genevra.Andrel@gmail.com,firefighter
168,Ofilia,Adlare,Ofilia.Adlare@yopmail.com,Ofilia.Adlare@gmail.com,firefighter
169,Rebeca,Demitria,Rebeca.Demitria@yopmail.com,Rebeca.Demitria@gmail.com,developer
170,Neila,Sundin,Neila.Sundin@yopmail.com,Neila.Sundin@gmail.com,firefighter
171,Nadine,Silvan,Nadine.Silvan@yopmail.com,Nadine.Silvan@gmail.com,firefighter
172,Petronia,Merna,Petronia.Merna@yopmail.com,Petronia.Merna@gmail.com,doctor
173,Regina,Creamer,Regina.Creamer@yopmail.com,Regina.Creamer@gmail.com,firefighter
174,Dianemarie,Ietta,Dianemarie.Ietta@yopmail.com,Dianemarie.Ietta@gmail.com,firefighter
175,Nyssa,Toor,Nyssa.Toor@yopmail.com,Nyssa.Toor@gmail.com,police officer
176,Mallory,Phyllis,Mallory.Phyllis@yopmail.com,Mallory.Phyllis@gmail.com,doctor
177,Jenilee,Suzetta,Jenilee.Suzetta@yopmail.com,Jenilee.Suzetta@gmail.com,police officer
178,Zsa Zsa,Boehike,Zsa Zsa.Boehike@yopmail.com,Zsa Zsa.Boehike@gmail.com,doctor
179,Kalina,Rustice,Kalina.Rustice@yopmail.com,Kalina.Rustice@gmail.com,developer
180,Tressa,Cohdwell,Tressa.Cohdwell@yopmail.com,Tressa.Cohdwell@gmail.com,firefighter
181,Aurore,Natica,Aurore.Natica@yopmail.com,Aurore.Natica@gmail.com,firefighter
182,Delilah,Cordi,Delilah.Cordi@yopmail.com,Delilah.Cordi@gmail.com,doctor
183,Corry,Mehalek,Corry.Mehalek@yopmail.com,Corry.Mehalek@gmail.com,worker
184,Barbara,Pitt,Barbara.Pitt@yopmail.com,Barbara.Pitt@gmail.com,developer
185,Lesly,Niles,Lesly.Niles@yopmail.com,Lesly.Niles@gmail.com,worker
186,Pollyanna,Serilda,Pollyanna.Serilda@yopmail.com,Pollyanna.Serilda@gmail.com,worker
187,Phylis,Raseda,Phylis.Raseda@yopmail.com,Phylis.Raseda@gmail.com,developer
188,Coral,Cornelia,Coral.Cornelia@yopmail.com,Coral.Cornelia@gmail.com,doctor
189,Sallie,Rogerio,Sallie.Rogerio@yopmail.com,Sallie.Rogerio@gmail.com,worker
190,Fred,Alfons,Fred.Alfons@yopmail.com,Fred.Alfons@gmail.com,worker
191,Ariela,Durante,Ariela.Durante@yopmail.com,Ariela.Durante@gmail.com,police officer
192,Gilda,Kristi,Gilda.Kristi@yopmail.com,Gilda.Kristi@gmail.com,developer
193,Stevana,Artie,Stevana.Artie@yopmail.com,Stevana.Artie@gmail.com,worker
194,Shel,Dorine,Shel.Dorine@yopmail.com,Shel.Dorine@gmail.com,developer
195,Cathie,Zeeba,Cathie.Zeeba@yopmail.com,Cathie.Zeeba@gmail.com,worker
196,Vanessa,Berriman,Vanessa.Berriman@yopmail.com,Vanessa.Berriman@gmail.com,worker
197,Gabriellia,Wandie,Gabriellia.Wandie@yopmail.com,Gabriellia.Wandie@gmail.com,doctor
198,Esmeralda,Jacobah,Esmeralda.Jacobah@yopmail.com,Esmeralda.Jacobah@gmail.com,firefighter
199,Debee,Woodberry,Debee.Woodberry@yopmail.com,Debee.Woodberry@gmail.com,worker
200,Constance,Cavan,Constance.Cavan@yopmail.com,Constance.Cavan@gmail.com,police officer
201,Alie,Lewes,Alie.Lewes@yopmail.com,Alie.Lewes@gmail.com,doctor
202,Johna,Frodi,Johna.Frodi@yopmail.com,Johna.Frodi@gmail.com,worker
203,Adore,Dawkins,Adore.Dawkins@yopmail.com,Adore.Dawkins@gmail.com,doctor
204,Gavrielle,Anastatius,Gavrielle.Anastatius@yopmail.com,Gavrielle.Anastatius@gmail.com,developer
205,Harrietta,Skurnik,Harrietta.Skurnik@yopmail.com,Harrietta.Skurnik@gmail.com,worker
206,Imojean,Wadell,Imojean.Wadell@yopmail.com,Imojean.Wadell@gmail.com,developer
207,Lesly,Kimmie,Lesly.Kimmie@yopmail.com,Lesly.Kimmie@gmail.com,worker
208,Madeleine,Hilbert,Madeleine.Hilbert@yopmail.com,Madeleine.Hilbert@gmail.com,firefighter
209,Quintina,Pacorro,Quintina.Pacorro@yopmail.com,Quintina.Pacorro@gmail.com,firefighter
210,Sindee,Rogerio,Sindee.Rogerio@yopmail.com,Sindee.Rogerio@gmail.com,doctor
211,Consuela,Pascia,Consuela.Pascia@yopmail.com,Consuela.Pascia@gmail.com,doctor
212,Selma,Crudden,Selma.Crudden@yopmail.com,Selma.Crudden@gmail.com,doctor
213,Nyssa,Bollay,Nyssa.Bollay@yopmail.com,Nyssa.Bollay@gmail.com,worker
214,Therine,Paton,Therine.Paton@yopmail.com,Therine.Paton@gmail.com,police officer
215,Frank,Schonfeld,Frank.Schonfeld@yopmail.com,Frank.Schonfeld@gmail.com,firefighter
216,Gaylene,Fry,Gaylene.Fry@yopmail.com,Gaylene.Fry@gmail.com,worker
217,Carmela,Eiser,Carmela.Eiser@yopmail.com,Carmela.Eiser@gmail.com,police officer
218,Starla,Ambrosia,Starla.Ambrosia@yopmail.com,Starla.Ambrosia@gmail.com,doctor
219,Ekaterina,Marlie,Ekaterina.Marlie@yopmail.com,Ekaterina.Marlie@gmail.com,developer
220,Oralee,Zrike,Oralee.Zrike@yopmail.com,Oralee.Zrike@gmail.com,police officer
221,Evaleen,Bahr,Evaleen.Bahr@yopmail.com,Evaleen.Bahr@gmail.com,worker
222,Rozele,Barbey,Rozele.Barbey@yopmail.com,Rozele.Barbey@gmail.com,doctor
223,Joeann,Vanni,Joeann.Vanni@yopmail.com,Joeann.Vanni@gmail.com,developer
224,Isa,Morrill,Isa.Morrill@yopmail.com,Isa.Morrill@gmail.com,worker
225,Beatriz,Jerold,Beatriz.Jerold@yopmail.com,Beatriz.Jerold@gmail.com,firefighter
226,Cathie,Sherfield,Cathie.Sherfield@yopmail.com,Cathie.Sherfield@gmail.com,doctor
227,Orsola,Kenney,Orsola.Kenney@yopmail.com,Orsola.Kenney@gmail.com,developer
228,Emilia,Moseley,Emilia.Moseley@yopmail.com,Emilia.Moseley@gmail.com,firefighter
229,Selia,Gaspard,Selia.Gaspard@yopmail.com,Selia.Gaspard@gmail.com,developer
230,Aurore,Valoniah,Aurore.Valoniah@yopmail.com,Aurore.Valoniah@gmail.com,firefighter
231,Celestyna,Earlie,Celestyna.Earlie@yopmail.com,Celestyna.Earlie@gmail.com,police officer
232,Kara-Lynn,Stacy,Kara-Lynn.Stacy@yopmail.com,Kara-Lynn.Stacy@gmail.com,police officer
233,Alyda,Sophronia,Alyda.Sophronia@yopmail.com,Alyda.Sophronia@gmail.com,firefighter
234,Leontine,Florina,Leontine.Florina@yopmail.com,Leontine.Florina@gmail.com,worker
235,Nickie,Doig,Nickie.Doig@yopmail.com,Nickie.Doig@gmail.com,police officer
236,Helsa,Cutlerr,Helsa.Cutlerr@yopmail.com,Helsa.Cutlerr@gmail.com,developer
237,Lauryn,Parsaye,Lauryn.Parsaye@yopmail.com,Lauryn.Parsaye@gmail.com,doctor
238,Cherilyn,Chinua,Cherilyn.Chinua@yopmail.com,Cherilyn.Chinua@gmail.com,firefighter
239,Mathilda,Tiffa,Mathilda.Tiffa@yopmail.com,Mathilda.Tiffa@gmail.com,police officer
240,Brandise,Sammons,Brandise.Sammons@yopmail.com,Brandise.Sammons@gmail.com,worker
241,Correy,Granoff,Correy.Granoff@yopmail.com,Correy.Granoff@gmail.com,firefighter
242,Gloria,Eldrid,Gloria.Eldrid@yopmail.com,Gloria.Eldrid@gmail.com,police officer
243,Shaine,Reinke,Shaine.Reinke@yopmail.com,Shaine.Reinke@gmail.com,developer
244,Selma,Virgin,Selma.Virgin@yopmail.com,Selma.Virgin@gmail.com,doctor
245,Barbi,Pillsbury,Barbi.Pillsbury@yopmail.com,Barbi.Pillsbury@gmail.com,worker
246,Verla,Llovera,Verla.Llovera@yopmail.com,Verla.Llovera@gmail.com,firefighter
247,Agathe,Sheedy,Agathe.Sheedy@yopmail.com,Agathe.Sheedy@gmail.com,firefighter
248,Hettie,Bettine,Hettie.Bettine@yopmail.com,Hettie.Bettine@gmail.com,firefighter
249,Janey,Carri,Janey.Carri@yopmail.com,Janey.Carri@gmail.com,firefighter
250,Georgetta,Zrike,Georgetta.Zrike@yopmail.com,Georgetta.Zrike@gmail.com,doctor
251,Nataline,Telfer,Nataline.Telfer@yopmail.com,Nataline.Telfer@gmail.com,police officer
252,Leona,Atcliffe,Leona.Atcliffe@yopmail.com,Leona.Atcliffe@gmail.com,worker
253,Dorothy,Verger,Dorothy.Verger@yopmail.com,Dorothy.Verger@gmail.com,police officer
254,Darci,Odell,Darci.Odell@yopmail.com,Darci.Odell@gmail.com,firefighter
255,Nita,Arley,Nita.Arley@yopmail.com,Nita.Arley@gmail.com,worker
256,Madelle,Glenden,Madelle.Glenden@yopmail.com,Madelle.Glenden@gmail.com,firefighter
257,Lesly,Schlosser,Lesly.Schlosser@yopmail.com,Lesly.Schlosser@gmail.com,developer
258,Kara-Lynn,Radu,Kara-Lynn.Radu@yopmail.com,Kara-Lynn.Radu@gmail.com,firefighter
259,Marsiella,Marlie,Marsiella.Marlie@yopmail.com,Marsiella.Marlie@gmail.com,doctor
260,Ardeen,Wittie,Ardeen.Wittie@yopmail.com,Ardeen.Wittie@gmail.com,worker
261,Ronna,Donell,Ronna.Donell@yopmail.com,Ronna.Donell@gmail.com,police officer
262,Elfreda,Daniele,Elfreda.Daniele@yopmail.com,Elfreda.Daniele@gmail.com,police officer
263,Kellen,Chapland,Kellen.Chapland@yopmail.com,Kellen.Chapland@gmail.com,worker
264,Kial,Rona,Kial.Rona@yopmail.com,Kial.Rona@gmail.com,police officer
265,Ayn,Koehler,Ayn.Koehler@yopmail.com,Ayn.Koehler@gmail.com,developer
266,Stephanie,Naashom,Stephanie.Naashom@yopmail.com,Stephanie.Naashom@gmail.com,doctor
267,Janeczka,Gale,Janeczka.Gale@yopmail.com,Janeczka.Gale@gmail.com,developer
268,Binny,Buffum,Binny.Buffum@yopmail.com,Binny.Buffum@gmail.com,worker
269,Gabi,Mitzi,Gabi.Mitzi@yopmail.com,Gabi.Mitzi@gmail.com,firefighter
270,Cherrita,Cutlerr,Cherrita.Cutlerr@yopmail.com,Cherrita.Cutlerr@gmail.com,developer
271,Blake,Stuart,Blake.Stuart@yopmail.com,Blake.Stuart@gmail.com,doctor
272,Dede,Rustice,Dede.Rustice@yopmail.com,Dede.Rustice@gmail.com,developer
273,Mahalia,Casimir,Mahalia.Casimir@yopmail.com,Mahalia.Casimir@gmail.com,worker
274,Letizia,Blase,Letizia.Blase@yopmail.com,Letizia.Blase@gmail.com,worker
275,Adriana,Hanleigh,Adriana.Hanleigh@yopmail.com,Adriana.Hanleigh@gmail.com,worker
276,Merci,Elbertina,Merci.Elbertina@yopmail.com,Merci.Elbertina@gmail.com,doctor
277,Gertrud,Trey,Gertrud.Trey@yopmail.com,Gertrud.Trey@gmail.com,worker
278,Ricky,Melony,Ricky.Melony@yopmail.com,Ricky.Melony@gmail.com,firefighter
279,Estell,Sundin,Estell.Sundin@yopmail.com,Estell.Sundin@gmail.com,doctor
280,Mariann,Ax,Mariann.Ax@yopmail.com,Mariann.Ax@gmail.com,firefighter
281,Alyssa,Anastatius,Alyssa.Anastatius@yopmail.com,Alyssa.Anastatius@gmail.com,police officer
282,Alex,Giule,Alex.Giule@yopmail.com,Alex.Giule@gmail.com,worker
283,Karly,Marisa,Karly.Marisa@yopmail.com,Karly.Marisa@gmail.com,doctor
284,Orelia,Ioab,Orelia.Ioab@yopmail.com,Orelia.Ioab@gmail.com,worker
285,Kellen,Nadia,Kellen.Nadia@yopmail.com,Kellen.Nadia@gmail.com,developer
286,Mallory,Abram,Mallory.Abram@yopmail.com,Mallory.Abram@gmail.com,police officer
287,Ginnie,Noman,Ginnie.Noman@yopmail.com,Ginnie.Noman@gmail.com,firefighter
288,Kellen,Loeb,Kellen.Loeb@yopmail.com,Kellen.Loeb@gmail.com,firefighter
289,Jacenta,Abbot,Jacenta.Abbot@yopmail.com,Jacenta.Abbot@gmail.com,doctor
290,Ofilia,Skurnik,Ofilia.Skurnik@yopmail.com,Ofilia.Skurnik@gmail.com,developer
291,Carly,Wiener,Carly.Wiener@yopmail.com,Carly.Wiener@gmail.com,police officer
292,Elfreda,Faro,Elfreda.Faro@yopmail.com,Elfreda.Faro@gmail.com,developer
293,Selia,Hertzfeld,Selia.Hertzfeld@yopmail.com,Selia.Hertzfeld@gmail.com,developer
294,Sandie,Nadia,Sandie.Nadia@yopmail.com,Sandie.Nadia@gmail.com,worker
295,Angelique,Stav,Angelique.Stav@yopmail.com,Angelique.Stav@gmail.com,worker
296,Annaliese,Ogren,Annaliese.Ogren@yopmail.com,Annaliese.Ogren@gmail.com,police officer
297,Maurene,Billye,Maurene.Billye@yopmail.com,Maurene.Billye@gmail.com,doctor
298,Taffy,Shanley,Taffy.Shanley@yopmail.com,Taffy.Shanley@gmail.com,doctor
299,Kirstin,Leopold,Kirstin.Leopold@yopmail.com,Kirstin.Leopold@gmail.com,firefighter
300,Asia,Haymes,Asia.Haymes@yopmail.com,Asia.Haymes@gmail.com,worker
301,Lesly,Danby,Lesly.Danby@yopmail.com,Lesly.Danby@gmail.com,doctor
302,Jasmina,Martguerita,Jasmina.Martguerita@yopmail.com,Jasmina.Martguerita@gmail.com,doctor
303,Flory,Donell,Flory.Donell@yopmail.com,Flory.Donell@gmail.com,worker
304,Carmencita,Joli,Carmencita.Joli@yopmail.com,Carmencita.Joli@gmail.com,developer
305,Roseline,Berl,Roseline.Berl@yopmail.com,Roseline.Berl@gmail.com,police officer
306,Annora,Lumbard,Annora.Lumbard@yopmail.com,Annora.Lumbard@gmail.com,firefighter
307,Dolli,Maribeth,Dolli.Maribeth@yopmail.com,Dolli.Maribeth@gmail.com,worker
308,Aeriela,Macey,Aeriela.Macey@yopmail.com,Aeriela.Macey@gmail.com,police officer
309,Orelia,Chaing,Orelia.Chaing@yopmail.com,Orelia.Chaing@gmail.com,doctor
310,Gloria,Infield,Gloria.Infield@yopmail.com,Gloria.Infield@gmail.com,doctor
311,Jillayne,Ardra,Jillayne.Ardra@yopmail.com,Jillayne.Ardra@gmail.com,developer
312,Kellen,Bonucci,Kellen.Bonucci@yopmail.com,Kellen.Bonucci@gmail.com,worker
313,Shandie,Olnee,Shandie.Olnee@yopmail.com,Shandie.Olnee@gmail.com,worker
314,Netty,Fosque,Netty.Fosque@yopmail.com,Netty.Fosque@gmail.com,police officer
315,Hermione,Stacy,Hermione.Stacy@yopmail.com,Hermione.Stacy@gmail.com,doctor
316,Teriann,Euridice,Teriann.Euridice@yopmail.com,Teriann.Euridice@gmail.com,worker
317,Deedee,Uund,Deedee.Uund@yopmail.com,Deedee.Uund@gmail.com,worker
318,Marika,Mott,Marika.Mott@yopmail.com,Marika.Mott@gmail.com,worker
319,Aeriela,Seagraves,Aeriela.Seagraves@yopmail.com,Aeriela.Seagraves@gmail.com,doctor
320,Aili,Tristram,Aili.Tristram@yopmail.com,Aili.Tristram@gmail.com,police officer
321,Valli,Estella,Valli.Estella@yopmail.com,Valli.Estella@gmail.com,firefighter
322,Olwen,Colp,Olwen.Colp@yopmail.com,Olwen.Colp@gmail.com,police officer
323,Cassandra,Rosemary,Cassandra.Rosemary@yopmail.com,Cassandra.Rosemary@gmail.com,doctor
324,Cherilyn,Hieronymus,Cherilyn.Hieronymus@yopmail.com,Cherilyn.Hieronymus@gmail.com,worker
325,Chere,Lindemann,Chere.Lindemann@yopmail.com,Chere.Lindemann@gmail.com,firefighter
326,Annice,Knowling,Annice.Knowling@yopmail.com,Annice.Knowling@gmail.com,police officer
327,Tybie,O'Carroll,Tybie.O'Carroll@yopmail.com,Tybie.O'Carroll@gmail.com,developer
328,Kathi,Bohlin,Kathi.Bohlin@yopmail.com,Kathi.Bohlin@gmail.com,police officer
329,Fred,Miru,Fred.Miru@yopmail.com,Fred.Miru@gmail.com,doctor
330,Ofilia,Nester,Ofilia.Nester@yopmail.com,Ofilia.Nester@gmail.com,worker
331,Eadie,Berriman,Eadie.Berriman@yopmail.com,Eadie.Berriman@gmail.com,police officer
332,Gilligan,Claudine,Gilligan.Claudine@yopmail.com,Gilligan.Claudine@gmail.com,firefighter
333,Courtnay,Bettine,Courtnay.Bettine@yopmail.com,Courtnay.Bettine@gmail.com,doctor
334,Vita,Orelee,Vita.Orelee@yopmail.com,Vita.Orelee@gmail.com,doctor
335,Allyce,Gert,Allyce.Gert@yopmail.com,Allyce.Gert@gmail.com,firefighter
336,Ardys,Kristi,Ardys.Kristi@yopmail.com,Ardys.Kristi@gmail.com,worker
337,June,Florina,June.Florina@yopmail.com,June.Florina@gmail.com,doctor
338,Jessamyn,Center,Jessamyn.Center@yopmail.com,Jessamyn.Center@gmail.com,doctor
339,Raf,Rosemary,Raf.Rosemary@yopmail.com,Raf.Rosemary@gmail.com,firefighter
340,Mahalia,Hazlett,Mahalia.Hazlett@yopmail.com,Mahalia.Hazlett@gmail.com,firefighter
341,Jessamyn,Ball,Jessamyn.Ball@yopmail.com,Jessamyn.Ball@gmail.com,firefighter
342,Viki,Zuzana,Viki.Zuzana@yopmail.com,Viki.Zuzana@gmail.com,developer
343,Karlee,Goldina,Karlee.Goldina@yopmail.com,Karlee.Goldina@gmail.com,worker
344,Nelle,Emmy,Nelle.Emmy@yopmail.com,Nelle.Emmy@gmail.com,doctor
345,Wendi,Schwejda,Wendi.Schwejda@yopmail.com,Wendi.Schwejda@gmail.com,police officer
346,Elena,Ciro,Elena.Ciro@yopmail.com,Elena.Ciro@gmail.com,developer
347,Wendi,Rhu,Wendi.Rhu@yopmail.com,Wendi.Rhu@gmail.com,firefighter
348,Jemie,Chaing,Jemie.Chaing@yopmail.com,Jemie.Chaing@gmail.com,developer
349,Millie,Rurik,Millie.Rurik@yopmail.com,Millie.Rurik@gmail.com,worker
350,Marita,Phi,Marita.Phi@yopmail.com,Marita.Phi@gmail.com,doctor
351,Kathi,Johanna,Kathi.Johanna@yopmail.com,Kathi.Johanna@gmail.com,doctor
352,Pierette,Faria,Pierette.Faria@yopmail.com,Pierette.Faria@gmail.com,firefighter
353,Allyce,Amethist,Allyce.Amethist@yopmail.com,Allyce.Amethist@gmail.com,developer
354,Brynna,Karna,Brynna.Karna@yopmail.com,Brynna.Karna@gmail.com,police officer
355,Fanny,Dielu,Fanny.Dielu@yopmail.com,Fanny.Dielu@gmail.com,firefighter
356,Leontine,Pauly,Leontine.Pauly@yopmail.com,Leontine.Pauly@gmail.com,worker
357,Elfreda,Danby,Elfreda.Danby@yopmail.com,Elfreda.Danby@gmail.com,police officer
358,Sharai,Nikaniki,Sharai.Nikaniki@yopmail.com,Sharai.Nikaniki@gmail.com,police officer
359,Netty,Desai,Netty.Desai@yopmail.com,Netty.Desai@gmail.com,developer
360,Gretal,Silvan,Gretal.Silvan@yopmail.com,Gretal.Silvan@gmail.com,worker
361,Mara,Maroney,Mara.Maroney@yopmail.com,Mara.Maroney@gmail.com,firefighter
362,Fidelia,Haerr,Fidelia.Haerr@yopmail.com,Fidelia.Haerr@gmail.com,developer
363,Tatiania,Muriel,Tatiania.Muriel@yopmail.com,Tatiania.Muriel@gmail.com,developer
364,Vita,Bebe,Vita.Bebe@yopmail.com,Vita.Bebe@gmail.com,doctor
365,Lizzie,Kress,Lizzie.Kress@yopmail.com,Lizzie.Kress@gmail.com,developer
366,Dione,McGrody,Dione.McGrody@yopmail.com,Dione.McGrody@gmail.com,worker
367,Jacquetta,Carey,Jacquetta.Carey@yopmail.com,Jacquetta.Carey@gmail.com,police officer
368,Ellette,Redmond,Ellette.Redmond@yopmail.com,Ellette.Redmond@gmail.com,firefighter
369,Dominga,Euridice,Dominga.Euridice@yopmail.com,Dominga.Euridice@gmail.com,doctor
370,Mary,Wolfgram,Mary.Wolfgram@yopmail.com,Mary.Wolfgram@gmail.com,firefighter
371,Alexine,Zetta,Alexine.Zetta@yopmail.com,Alexine.Zetta@gmail.com,developer
372,Dagmar,Regan,Dagmar.Regan@yopmail.com,Dagmar.Regan@gmail.com,worker
373,Kore,Fiann,Kore.Fiann@yopmail.com,Kore.Fiann@gmail.com,doctor
374,Sherrie,Stephie,Sherrie.Stephie@yopmail.com,Sherrie.Stephie@gmail.com,doctor
375,Camile,Halsey,Camile.Halsey@yopmail.com,Camile.Halsey@gmail.com,police officer
376,Orsola,Goldina,Orsola.Goldina@yopmail.com,Orsola.Goldina@gmail.com,worker
377,Verla,Natalia,Verla.Natalia@yopmail.com,Verla.Natalia@gmail.com,firefighter
378,Andree,Alarise,Andree.Alarise@yopmail.com,Andree.Alarise@gmail.com,developer
379,Shannah,Nisbet,Shannah.Nisbet@yopmail.com,Shannah.Nisbet@gmail.com,firefighter
380,Kenna,Halsey,Kenna.Halsey@yopmail.com,Kenna.Halsey@gmail.com,developer
381,Briney,Quent,Briney.Quent@yopmail.com,Briney.Quent@gmail.com,developer
382,Ariela,Colleen,Ariela.Colleen@yopmail.com,Ariela.Colleen@gmail.com,developer
383,Ezmeralda,Reinke,Ezmeralda.Reinke@yopmail.com,Ezmeralda.Reinke@gmail.com,police officer
384,Bertine,Kronfeld,Bertine.Kronfeld@yopmail.com,Bertine.Kronfeld@gmail.com,developer
385,Shel,Rogerio,Shel.Rogerio@yopmail.com,Shel.Rogerio@gmail.com,firefighter
386,Farrah,Soneson,Farrah.Soneson@yopmail.com,Farrah.Soneson@gmail.com,doctor
387,Karly,Roumell,Karly.Roumell@yopmail.com,Karly.Roumell@gmail.com,doctor
388,Gale,Teddman,Gale.Teddman@yopmail.com,Gale.Teddman@gmail.com,firefighter
389,Estell,Berriman,Estell.Berriman@yopmail.com,Estell.Berriman@gmail.com,developer
390,Jaime,Bartlett,Jaime.Bartlett@yopmail.com,Jaime.Bartlett@gmail.com,worker
391,Lulita,Ephrem,Lulita.Ephrem@yopmail.com,Lulita.Ephrem@gmail.com,doctor
392,Marleah,Darbie,Marleah.Darbie@yopmail.com,Marleah.Darbie@gmail.com,doctor
393,Frank,Roarke,Frank.Roarke@yopmail.com,Frank.Roarke@gmail.com,police officer
394,Tera,Sadowski,Tera.Sadowski@yopmail.com,Tera.Sadowski@gmail.com,developer
395,Myriam,Barbey,Myriam.Barbey@yopmail.com,Myriam.Barbey@gmail.com,developer
396,Bernie,Oriana,Bernie.Oriana@yopmail.com,Bernie.Oriana@gmail.com,police officer
397,Joane,Lenny,Joane.Lenny@yopmail.com,Joane.Lenny@gmail.com,police officer
398,Gabriellia,Wattenberg,Gabriellia.Wattenberg@yopmail.com,Gabriellia.Wattenberg@gmail.com,developer
399,Robbi,Wandie,Robbi.Wandie@yopmail.com,Robbi.Wandie@gmail.com,firefighter
400,Shandie,Hourigan,Shandie.Hourigan@yopmail.com,Shandie.Hourigan@gmail.com,worker
401,Mathilda,Douglass,Mathilda.Douglass@yopmail.com,Mathilda.Douglass@gmail.com,worker
402,Bertine,Vernier,Bertine.Vernier@yopmail.com,Bertine.Vernier@gmail.com,police officer
403,Alexine,Tybald,Alexine.Tybald@yopmail.com,Alexine.Tybald@gmail.com,worker
404,Gloria,Sharl,Gloria.Sharl@yopmail.com,Gloria.Sharl@gmail.com,doctor
405,Beth,Adlare,Beth.Adlare@yopmail.com,Beth.Adlare@gmail.com,doctor
406,Moyna,Sperling,Moyna.Sperling@yopmail.com,Moyna.Sperling@gmail.com,police officer
407,Arlina,Dom,Arlina.Dom@yopmail.com,Arlina.Dom@gmail.com,worker
408,Farrah,Ehrman,Farrah.Ehrman@yopmail.com,Farrah.Ehrman@gmail.com,worker
409,Loree,Valoniah,Loree.Valoniah@yopmail.com,Loree.Valoniah@gmail.com,developer
410,Sheelagh,Abbot,Sheelagh.Abbot@yopmail.com,Sheelagh.Abbot@gmail.com,firefighter
411,Max,Gunn,Max.Gunn@yopmail.com,Max.Gunn@gmail.com,firefighter
412,Kimberley,Eno,Kimberley.Eno@yopmail.com,Kimberley.Eno@gmail.com,police officer
413,Tersina,Rozanna,Tersina.Rozanna@yopmail.com,Tersina.Rozanna@gmail.com,firefighter
414,Gusty,Cleavland,Gusty.Cleavland@yopmail.com,Gusty.Cleavland@gmail.com,worker
415,Cacilie,Desai,Cacilie.Desai@yopmail.com,Cacilie.Desai@gmail.com,doctor
416,Raina,Dimitris,Raina.Dimitris@yopmail.com,Raina.Dimitris@gmail.com,police officer
417,Zondra,Autrey,Zondra.Autrey@yopmail.com,Zondra.Autrey@gmail.com,doctor
418,Tani,Tomasina,Tani.Tomasina@yopmail.com,Tani.Tomasina@gmail.com,worker
419,Susette,Kellby,Susette.Kellby@yopmail.com,Susette.Kellby@gmail.com,firefighter
420,Konstance,Pillsbury,Konstance.Pillsbury@yopmail.com,Konstance.Pillsbury@gmail.com,firefighter
421,Rubie,Brenn,Rubie.Brenn@yopmail.com,Rubie.Brenn@gmail.com,police officer
422,Aurore,Arley,Aurore.Arley@yopmail.com,Aurore.Arley@gmail.com,police officer
423,Jobi,Blake,Jobi.Blake@yopmail.com,Jobi.Blake@gmail.com,worker
424,Kalina,Merriott,Kalina.Merriott@yopmail.com,Kalina.Merriott@gmail.com,firefighter
425,Margette,Cutlerr,Margette.Cutlerr@yopmail.com,Margette.Cutlerr@gmail.com,developer
426,Max,Imelida,Max.Imelida@yopmail.com,Max.Imelida@gmail.com,developer
427,Darlleen,Claudine,Darlleen.Claudine@yopmail.com,Darlleen.Claudine@gmail.com,developer
428,Krystle,Rocray,Krystle.Rocray@yopmail.com,Krystle.Rocray@gmail.com,developer
429,Chandra,Ranjiv,Chandra.Ranjiv@yopmail.com,Chandra.Ranjiv@gmail.com,worker
430,Clementine,Liva,Clementine.Liva@yopmail.com,Clementine.Liva@gmail.com,doctor
431,Karlee,Donell,Karlee.Donell@yopmail.com,Karlee.Donell@gmail.com,firefighter
432,Imojean,Berl,Imojean.Berl@yopmail.com,Imojean.Berl@gmail.com,worker
433,Nonnah,Serilda,Nonnah.Serilda@yopmail.com,Nonnah.Serilda@gmail.com,police officer
434,Melina,Jehu,Melina.Jehu@yopmail.com,Melina.Jehu@gmail.com,worker
435,Lorenza,Lail,Lorenza.Lail@yopmail.com,Lorenza.Lail@gmail.com,doctor
436,Gilda,Doig,Gilda.Doig@yopmail.com,Gilda.Doig@gmail.com,police officer
437,Mahalia,Allina,Mahalia.Allina@yopmail.com,Mahalia.Allina@gmail.com,developer
438,Daune,Voletta,Daune.Voletta@yopmail.com,Daune.Voletta@gmail.com,police officer
439,Britte,Blisse,Britte.Blisse@yopmail.com,Britte.Blisse@gmail.com,firefighter
440,Belva,Camden,Belva.Camden@yopmail.com,Belva.Camden@gmail.com,developer
441,Sean,Wildermuth,Sean.Wildermuth@yopmail.com,Sean.Wildermuth@gmail.com,firefighter
442,Silvana,Ricarda,Silvana.Ricarda@yopmail.com,Silvana.Ricarda@gmail.com,worker
443,Ricky,Gale,Ricky.Gale@yopmail.com,Ricky.Gale@gmail.com,developer
444,Di,Ehrman,Di.Ehrman@yopmail.com,Di.Ehrman@gmail.com,firefighter
445,Tybie,Casimir,Tybie.Casimir@yopmail.com,Tybie.Casimir@gmail.com,doctor
446,Sindee,Fancie,Sindee.Fancie@yopmail.com,Sindee.Fancie@gmail.com,developer
447,Lilith,Evangelia,Lilith.Evangelia@yopmail.com,Lilith.Evangelia@gmail.com,firefighter
448,Hannis,Roscoe,Hannis.Roscoe@yopmail.com,Hannis.Roscoe@gmail.com,worker
449,Sharlene,Lauraine,Sharlene.Lauraine@yopmail.com,Sharlene.Lauraine@gmail.com,firefighter
450,Dania,Bettine,Dania.Bettine@yopmail.com,Dania.Bettine@gmail.com,police officer
451,Hollie,Voletta,Hollie.Voletta@yopmail.com,Hollie.Voletta@gmail.com,police officer
452,Beth,Chem,Beth.Chem@yopmail.com,Beth.Chem@gmail.com,developer
453,Tera,Philoo,Tera.Philoo@yopmail.com,Tera.Philoo@gmail.com,developer
454,Olivette,Bultman,Olivette.Bultman@yopmail.com,Olivette.Bultman@gmail.com,worker
455,Carmela,Weaks,Carmela.Weaks@yopmail.com,Carmela.Weaks@gmail.com,police officer
456,Corry,Lay,Corry.Lay@yopmail.com,Corry.Lay@gmail.com,doctor
457,Cathyleen,Stanwood,Cathyleen.Stanwood@yopmail.com,Cathyleen.Stanwood@gmail.com,doctor
458,Harrietta,Annice,Harrietta.Annice@yopmail.com,Harrietta.Annice@gmail.com,police officer
459,Libbie,Azeria,Libbie.Azeria@yopmail.com,Libbie.Azeria@gmail.com,doctor
460,Marti,Karylin,Marti.Karylin@yopmail.com,Marti.Karylin@gmail.com,developer
461,Marinna,Dex,Marinna.Dex@yopmail.com,Marinna.Dex@gmail.com,police officer
462,Collen,Guthrie,Collen.Guthrie@yopmail.com,Collen.Guthrie@gmail.com,police officer
463,Lenna,Stilwell,Lenna.Stilwell@yopmail.com,Lenna.Stilwell@gmail.com,worker
464,Dacia,Bibi,Dacia.Bibi@yopmail.com,Dacia.Bibi@gmail.com,worker
465,Cathyleen,Dreda,Cathyleen.Dreda@yopmail.com,Cathyleen.Dreda@gmail.com,firefighter
466,Tarra,Iiette,Tarra.Iiette@yopmail.com,Tarra.Iiette@gmail.com,developer
467,Hettie,Alabaster,Hettie.Alabaster@yopmail.com,Hettie.Alabaster@gmail.com,worker
468,Ernesta,Sheedy,Ernesta.Sheedy@yopmail.com,Ernesta.Sheedy@gmail.com,worker
469,Helena,Garlinda,Helena.Garlinda@yopmail.com,Helena.Garlinda@gmail.com,police officer
470,Petronia,Herrera,Petronia.Herrera@yopmail.com,Petronia.Herrera@gmail.com,developer
471,Kimberley,Chinua,Kimberley.Chinua@yopmail.com,Kimberley.Chinua@gmail.com,doctor
472,Hannis,Gale,Hannis.Gale@yopmail.com,Hannis.Gale@gmail.com,firefighter
473,Katharina,Anastatius,Katharina.Anastatius@yopmail.com,Katharina.Anastatius@gmail.com,developer
474,Kial,Haymes,Kial.Haymes@yopmail.com,Kial.Haymes@gmail.com,doctor
475,Concettina,Linskey,Concettina.Linskey@yopmail.com,Concettina.Linskey@gmail.com,doctor
476,Susan,Olympium,Susan.Olympium@yopmail.com,Susan.Olympium@gmail.com,worker
477,Emylee,Wyn,Emylee.Wyn@yopmail.com,Emylee.Wyn@gmail.com,police officer
478,Addia,Luhe,Addia.Luhe@yopmail.com,Addia.Luhe@gmail.com,worker
479,Laurene,Lareena,Laurene.Lareena@yopmail.com,Laurene.Lareena@gmail.com,firefighter
480,Tomasina,Wittie,Tomasina.Wittie@yopmail.com,Tomasina.Wittie@gmail.com,worker
481,Fernande,Eben,Fernande.Eben@yopmail.com,Fernande.Eben@gmail.com,developer
482,Amii,Belldas,Amii.Belldas@yopmail.com,Amii.Belldas@gmail.com,developer
483,Madalyn,Keelia,Madalyn.Keelia@yopmail.com,Madalyn.Keelia@gmail.com,firefighter
484,Randa,Joseph,Randa.Joseph@yopmail.com,Randa.Joseph@gmail.com,worker
485,Kamilah,Trace,Kamilah.Trace@yopmail.com,Kamilah.Trace@gmail.com,worker
486,Edith,Eno,Edith.Eno@yopmail.com,Edith.Eno@gmail.com,worker
487,Anthia,Sophronia,Anthia.Sophronia@yopmail.com,Anthia.Sophronia@gmail.com,developer
488,Edith,Tybald,Edith.Tybald@yopmail.com,Edith.Tybald@gmail.com,developer
489,Deloria,Yuille,Deloria.Yuille@yopmail.com,Deloria.Yuille@gmail.com,developer
490,Rori,Timon,Rori.Timon@yopmail.com,Rori.Timon@gmail.com,police officer
491,Kimmy,Shama,Kimmy.Shama@yopmail.com,Kimmy.Shama@gmail.com,police officer
492,Caritta,McNully,Caritta.McNully@yopmail.com,Caritta.McNully@gmail.com,developer
493,Dode,Avi,Dode.Avi@yopmail.com,Dode.Avi@gmail.com,firefighter
494,Kial,Cherianne,Kial.Cherianne@yopmail.com,Kial.Cherianne@gmail.com,developer
495,Jillayne,Judye,Jillayne.Judye@yopmail.com,Jillayne.Judye@gmail.com,firefighter
496,Elise,Hollingsworth,Elise.Hollingsworth@yopmail.com,Elise.Hollingsworth@gmail.com,police officer
497,Cassondra,Liebermann,Cassondra.Liebermann@yopmail.com,Cassondra.Liebermann@gmail.com,firefighter
498,Chere,Lalitta,Chere.Lalitta@yopmail.com,Chere.Lalitta@gmail.com,doctor
499,Britte,Hathaway,Britte.Hathaway@yopmail.com,Britte.Hathaway@gmail.com,firefighter
500,Janenna,Serilda,Janenna.Serilda@yopmail.com,Janenna.Serilda@gmail.com,doctor
501,Coral,Suzetta,Coral.Suzetta@yopmail.com,Coral.Suzetta@gmail.com,worker
502,Tatiania,Rhu,Tatiania.Rhu@yopmail.com,Tatiania.Rhu@gmail.com,doctor
503,Vevay,Koehler,Vevay.Koehler@yopmail.com,Vevay.Koehler@gmail.com,police officer
504,Sidoney,Schwejda,Sidoney.Schwejda@yopmail.com,Sidoney.Schwejda@gmail.com,police officer
505,Aryn,Cloris,Aryn.Cloris@yopmail.com,Aryn.Cloris@gmail.com,doctor
506,Dyann,Alejoa,Dyann.Alejoa@yopmail.com,Dyann.Alejoa@gmail.com,police officer
507,Christal,Diann,Christal.Diann@yopmail.com,Christal.Diann@gmail.com,developer
508,Edee,Chinua,Edee.Chinua@yopmail.com,Edee.Chinua@gmail.com,firefighter
509,Kathi,Gibbeon,Kathi.Gibbeon@yopmail.com,Kathi.Gibbeon@gmail.com,police officer
510,Sharai,Mozelle,Sharai.Mozelle@yopmail.com,Sharai.Mozelle@gmail.com,firefighter
511,Layla,Emerson,Layla.Emerson@yopmail.com,Layla.Emerson@gmail.com,developer
512,Barbi,Bollay,Barbi.Bollay@yopmail.com,Barbi.Bollay@gmail.com,police officer
513,Marleah,Vorster,Marleah.Vorster@yopmail.com,Marleah.Vorster@gmail.com,doctor
514,Sandie,Quent,Sandie.Quent@yopmail.com,Sandie.Quent@gmail.com,firefighter
515,Giustina,Penelopa,Giustina.Penelopa@yopmail.com,Giustina.Penelopa@gmail.com,firefighter
516,Karlee,Barbey,Karlee.Barbey@yopmail.com,Karlee.Barbey@gmail.com,doctor
517,Olivette,Noman,Olivette.Noman@yopmail.com,Olivette.Noman@gmail.com,police officer
518,Vivia,Weitman,Vivia.Weitman@yopmail.com,Vivia.Weitman@gmail.com,worker
519,Selia,Yorick,Selia.Yorick@yopmail.com,Selia.Yorick@gmail.com,firefighter
520,Amelia,Katrine,Amelia.Katrine@yopmail.com,Amelia.Katrine@gmail.com,developer
521,Margette,Durante,Margette.Durante@yopmail.com,Margette.Durante@gmail.com,developer
522,Alyda,Justinn,Alyda.Justinn@yopmail.com,Alyda.Justinn@gmail.com,firefighter
523,Josephine,Borrell,Josephine.Borrell@yopmail.com,Josephine.Borrell@gmail.com,developer
524,Annaliese,Bollay,Annaliese.Bollay@yopmail.com,Annaliese.Bollay@gmail.com,doctor
525,Lorenza,Iaverne,Lorenza.Iaverne@yopmail.com,Lorenza.Iaverne@gmail.com,firefighter
526,Jinny,Ophelia,Jinny.Ophelia@yopmail.com,Jinny.Ophelia@gmail.com,doctor
527,Leona,Cath,Leona.Cath@yopmail.com,Leona.Cath@gmail.com,police officer
528,Pierette,Sherfield,Pierette.Sherfield@yopmail.com,Pierette.Sherfield@gmail.com,police officer
529,Brena,Vernier,Brena.Vernier@yopmail.com,Brena.Vernier@gmail.com,firefighter
530,Marguerite,Uird,Marguerite.Uird@yopmail.com,Marguerite.Uird@gmail.com,worker
531,Winifred,Colleen,Winifred.Colleen@yopmail.com,Winifred.Colleen@gmail.com,doctor
532,Codie,Ashely,Codie.Ashely@yopmail.com,Codie.Ashely@gmail.com,firefighter
533,Jenda,Zina,Jenda.Zina@yopmail.com,Jenda.Zina@gmail.com,doctor
534,Donetta,Prouty,Donetta.Prouty@yopmail.com,Donetta.Prouty@gmail.com,worker
535,Coral,Ezar,Coral.Ezar@yopmail.com,Coral.Ezar@gmail.com,developer
536,Gui,Dorothy,Gui.Dorothy@yopmail.com,Gui.Dorothy@gmail.com,worker
537,Damaris,Chabot,Damaris.Chabot@yopmail.com,Damaris.Chabot@gmail.com,police officer
538,Hyacinthe,Stuart,Hyacinthe.Stuart@yopmail.com,Hyacinthe.Stuart@gmail.com,doctor
539,Nanete,Ferino,Nanete.Ferino@yopmail.com,Nanete.Ferino@gmail.com,developer
540,Dari,Fry,Dari.Fry@yopmail.com,Dari.Fry@gmail.com,police officer
541,Marleah,Whiffen,Marleah.Whiffen@yopmail.com,Marleah.Whiffen@gmail.com,developer
542,Alie,Catie,Alie.Catie@yopmail.com,Alie.Catie@gmail.com,doctor
543,Hannis,Pattin,Hannis.Pattin@yopmail.com,Hannis.Pattin@gmail.com,firefighter
544,Marleah,Letsou,Marleah.Letsou@yopmail.com,Marleah.Letsou@gmail.com,police officer
545,Nadine,Hashim,Nadine.Hashim@yopmail.com,Nadine.Hashim@gmail.com,doctor
546,Fred,Lynn,Fred.Lynn@yopmail.com,Fred.Lynn@gmail.com,firefighter
547,Karina,Vittoria,Karina.Vittoria@yopmail.com,Karina.Vittoria@gmail.com,firefighter
548,Larine,Percy,Larine.Percy@yopmail.com,Larine.Percy@gmail.com,police officer
549,Stacey,O'Rourke,Stacey.O'Rourke@yopmail.com,Stacey.O'Rourke@gmail.com,developer
550,Adriana,Raimondo,Adriana.Raimondo@yopmail.com,Adriana.Raimondo@gmail.com,developer
551,Angela,Slifka,Angela.Slifka@yopmail.com,Angela.Slifka@gmail.com,developer
552,Camile,Orpah,Camile.Orpah@yopmail.com,Camile.Orpah@gmail.com,firefighter
553,Roz,Fennessy,Roz.Fennessy@yopmail.com,Roz.Fennessy@gmail.com,firefighter
554,Romona,Anselmi,Romona.Anselmi@yopmail.com,Romona.Anselmi@gmail.com,worker
555,Allyce,Tomasina,Allyce.Tomasina@yopmail.com,Allyce.Tomasina@gmail.com,worker
556,Merrie,Richers,Merrie.Richers@yopmail.com,Merrie.Richers@gmail.com,firefighter
557,Tabbatha,Alarise,Tabbatha.Alarise@yopmail.com,Tabbatha.Alarise@gmail.com,doctor
558,Corene,Suzetta,Corene.Suzetta@yopmail.com,Corene.Suzetta@gmail.com,worker
559,Ann-Marie,Cohdwell,Ann-Marie.Cohdwell@yopmail.com,Ann-Marie.Cohdwell@gmail.com,developer
560,Aubrie,Ummersen,Aubrie.Ummersen@yopmail.com,Aubrie.Ummersen@gmail.com,police officer
561,Kristan,Delp,Kristan.Delp@yopmail.com,Kristan.Delp@gmail.com,police officer
562,Sam,Martguerita,Sam.Martguerita@yopmail.com,Sam.Martguerita@gmail.com,police officer
563,Konstance,Hoenack,Konstance.Hoenack@yopmail.com,Konstance.Hoenack@gmail.com,firefighter
564,Sibella,Valerio,Sibella.Valerio@yopmail.com,Sibella.Valerio@gmail.com,developer
565,Angelique,McClimans,Angelique.McClimans@yopmail.com,Angelique.McClimans@gmail.com,firefighter
566,Alie,Bennie,Alie.Bennie@yopmail.com,Alie.Bennie@gmail.com,police officer
567,Madeleine,Stover,Madeleine.Stover@yopmail.com,Madeleine.Stover@gmail.com,firefighter
568,Ida,Malanie,Ida.Malanie@yopmail.com,Ida.Malanie@gmail.com,police officer
569,Bobbi,Merell,Bobbi.Merell@yopmail.com,Bobbi.Merell@gmail.com,police officer
570,Courtnay,Concha,Courtnay.Concha@yopmail.com,Courtnay.Concha@gmail.com,firefighter
571,Dorothy,Arathorn,Dorothy.Arathorn@yopmail.com,Dorothy.Arathorn@gmail.com,developer
572,Cacilie,Maiah,Cacilie.Maiah@yopmail.com,Cacilie.Maiah@gmail.com,police officer
573,Kayla,Gualtiero,Kayla.Gualtiero@yopmail.com,Kayla.Gualtiero@gmail.com,firefighter
574,Yetty,Alexandr,Yetty.Alexandr@yopmail.com,Yetty.Alexandr@gmail.com,developer
575,Mamie,Sidonius,Mamie.Sidonius@yopmail.com,Mamie.Sidonius@gmail.com,doctor
576,Riannon,Nikaniki,Riannon.Nikaniki@yopmail.com,Riannon.Nikaniki@gmail.com,worker
577,Tomasina,Emerson,Tomasina.Emerson@yopmail.com,Tomasina.Emerson@gmail.com,doctor
578,Olwen,Crudden,Olwen.Crudden@yopmail.com,Olwen.Crudden@gmail.com,police officer
579,Shell,Tayib,Shell.Tayib@yopmail.com,Shell.Tayib@gmail.com,developer
580,Kimmy,Concha,Kimmy.Concha@yopmail.com,Kimmy.Concha@gmail.com,worker
581,Helena,Newell,Helena.Newell@yopmail.com,Helena.Newell@gmail.com,developer
582,Rhoda,Edee,Rhoda.Edee@yopmail.com,Rhoda.Edee@gmail.com,worker
583,Clementine,Hoenack,Clementine.Hoenack@yopmail.com,Clementine.Hoenack@gmail.com,developer
584,Nariko,Hanshaw,Nariko.Hanshaw@yopmail.com,Nariko.Hanshaw@gmail.com,worker
585,Kalina,Margarete,Kalina.Margarete@yopmail.com,Kalina.Margarete@gmail.com,firefighter
586,Madelle,Johanna,Madelle.Johanna@yopmail.com,Madelle.Johanna@gmail.com,worker
587,Bibby,Drisko,Bibby.Drisko@yopmail.com,Bibby.Drisko@gmail.com,firefighter
588,Stevana,Borrell,Stevana.Borrell@yopmail.com,Stevana.Borrell@gmail.com,police officer
589,Ricky,Frendel,Ricky.Frendel@yopmail.com,Ricky.Frendel@gmail.com,developer
590,Orsola,Brackely,Orsola.Brackely@yopmail.com,Orsola.Brackely@gmail.com,developer
591,Karly,Gerge,Karly.Gerge@yopmail.com,Karly.Gerge@gmail.com,police officer
592,Emma,Bollay,Emma.Bollay@yopmail.com,Emma.Bollay@gmail.com,firefighter
593,Ottilie,Penelopa,Ottilie.Penelopa@yopmail.com,Ottilie.Penelopa@gmail.com,police officer
594,Shaylyn,Tamar,Shaylyn.Tamar@yopmail.com,Shaylyn.Tamar@gmail.com,worker
595,Emma,Lea,Emma.Lea@yopmail.com,Emma.Lea@gmail.com,worker
596,Raf,Duwalt,Raf.Duwalt@yopmail.com,Raf.Duwalt@gmail.com,firefighter
597,Margarette,Ardra,Margarette.Ardra@yopmail.com,Margarette.Ardra@gmail.com,firefighter
598,Sara-Ann,Levey,Sara-Ann.Levey@yopmail.com,Sara-Ann.Levey@gmail.com,worker
599,Kial,Vanni,Kial.Vanni@yopmail.com,Kial.Vanni@gmail.com,police officer
600,Sam,Aloise,Sam.Aloise@yopmail.com,Sam.Aloise@gmail.com,doctor
601,Mellicent,Bebe,Mellicent.Bebe@yopmail.com,Mellicent.Bebe@gmail.com,firefighter
602,Alejandra,Geffner,Alejandra.Geffner@yopmail.com,Alejandra.Geffner@gmail.com,worker
603,Demetris,Kazimir,Demetris.Kazimir@yopmail.com,Demetris.Kazimir@gmail.com,firefighter
604,Coral,Bryna,Coral.Bryna@yopmail.com,Coral.Bryna@gmail.com,worker
605,Meriel,Lipson,Meriel.Lipson@yopmail.com,Meriel.Lipson@gmail.com,doctor
606,Peri,Seagraves,Peri.Seagraves@yopmail.com,Peri.Seagraves@gmail.com,worker
607,Petronia,Penelopa,Petronia.Penelopa@yopmail.com,Petronia.Penelopa@gmail.com,doctor
608,Ruthe,Faust,Ruthe.Faust@yopmail.com,Ruthe.Faust@gmail.com,police officer
609,Jackie,Quent,Jackie.Quent@yopmail.com,Jackie.Quent@gmail.com,police officer
610,Neila,Means,Neila.Means@yopmail.com,Neila.Means@gmail.com,worker
611,Dagmar,Egbert,Dagmar.Egbert@yopmail.com,Dagmar.Egbert@gmail.com,worker
612,Catharine,Nisbet,Catharine.Nisbet@yopmail.com,Catharine.Nisbet@gmail.com,developer
613,Max,Rudolph,Max.Rudolph@yopmail.com,Max.Rudolph@gmail.com,firefighter
614,Eadie,Gaynor,Eadie.Gaynor@yopmail.com,Eadie.Gaynor@gmail.com,worker
615,Sabina,Rocray,Sabina.Rocray@yopmail.com,Sabina.Rocray@gmail.com,doctor
616,Ileana,Pattin,Ileana.Pattin@yopmail.com,Ileana.Pattin@gmail.com,worker
617,Aurelie,Peg,Aurelie.Peg@yopmail.com,Aurelie.Peg@gmail.com,doctor
618,Britte,Rogerio,Britte.Rogerio@yopmail.com,Britte.Rogerio@gmail.com,developer
619,Berta,Randene,Berta.Randene@yopmail.com,Berta.Randene@gmail.com,police officer
620,Bertine,Azeria,Bertine.Azeria@yopmail.com,Bertine.Azeria@gmail.com,firefighter
621,Loree,Vale,Loree.Vale@yopmail.com,Loree.Vale@gmail.com,doctor
622,Angela,Sheng,Angela.Sheng@yopmail.com,Angela.Sheng@gmail.com,worker
623,Ermengarde,Hermes,Ermengarde.Hermes@yopmail.com,Ermengarde.Hermes@gmail.com,doctor
624,Jean,O'Carroll,Jean.O'Carroll@yopmail.com,Jean.O'Carroll@gmail.com,worker
625,Cindelyn,Guildroy,Cindelyn.Guildroy@yopmail.com,Cindelyn.Guildroy@gmail.com,firefighter
626,Debee,Gaspard,Debee.Gaspard@yopmail.com,Debee.Gaspard@gmail.com,firefighter
627,Bettine,Etom,Bettine.Etom@yopmail.com,Bettine.Etom@gmail.com,firefighter
628,Maisey,Waldron,Maisey.Waldron@yopmail.com,Maisey.Waldron@gmail.com,worker
629,Constance,Rocray,Constance.Rocray@yopmail.com,Constance.Rocray@gmail.com,developer
630,Emilia,Himelman,Emilia.Himelman@yopmail.com,Emilia.Himelman@gmail.com,firefighter
631,Margette,Bendick,Margette.Bendick@yopmail.com,Margette.Bendick@gmail.com,firefighter
632,Evaleen,Nicoline,Evaleen.Nicoline@yopmail.com,Evaleen.Nicoline@gmail.com,developer
633,Karlee,Weinreb,Karlee.Weinreb@yopmail.com,Karlee.Weinreb@gmail.com,worker
634,Codie,Adore,Codie.Adore@yopmail.com,Codie.Adore@gmail.com,doctor
635,Hettie,Wandie,Hettie.Wandie@yopmail.com,Hettie.Wandie@gmail.com,doctor
636,Lynea,Iaverne,Lynea.Iaverne@yopmail.com,Lynea.Iaverne@gmail.com,police officer
637,Mathilda,Whiffen,Mathilda.Whiffen@yopmail.com,Mathilda.Whiffen@gmail.com,firefighter
638,Tracey,Ezar,Tracey.Ezar@yopmail.com,Tracey.Ezar@gmail.com,firefighter
639,Brietta,Ciro,Brietta.Ciro@yopmail.com,Brietta.Ciro@gmail.com,doctor
640,Karina,Dearborn,Karina.Dearborn@yopmail.com,Karina.Dearborn@gmail.com,police officer
641,Ninnetta,Kirstin,Ninnetta.Kirstin@yopmail.com,Ninnetta.Kirstin@gmail.com,worker
642,Ursulina,Selway,Ursulina.Selway@yopmail.com,Ursulina.Selway@gmail.com,firefighter
643,Jsandye,Zeeba,Jsandye.Zeeba@yopmail.com,Jsandye.Zeeba@gmail.com,developer
644,Gui,Terrence,Gui.Terrence@yopmail.com,Gui.Terrence@gmail.com,doctor
645,Blinni,Rosalba,Blinni.Rosalba@yopmail.com,Blinni.Rosalba@gmail.com,firefighter
646,Odessa,Shama,Odessa.Shama@yopmail.com,Odessa.Shama@gmail.com,worker
647,Hallie,Rodmann,Hallie.Rodmann@yopmail.com,Hallie.Rodmann@gmail.com,developer
648,Ebonee,Raseda,Ebonee.Raseda@yopmail.com,Ebonee.Raseda@gmail.com,doctor
649,Brana,Erlandson,Brana.Erlandson@yopmail.com,Brana.Erlandson@gmail.com,police officer
650,Sibella,Markman,Sibella.Markman@yopmail.com,Sibella.Markman@gmail.com,doctor
651,Vivia,Jerold,Vivia.Jerold@yopmail.com,Vivia.Jerold@gmail.com,worker
652,Emmey,Pandolfi,Emmey.Pandolfi@yopmail.com,Emmey.Pandolfi@gmail.com,firefighter
653,Roz,Natalia,Roz.Natalia@yopmail.com,Roz.Natalia@gmail.com,police officer
654,Adele,Elbertina,Adele.Elbertina@yopmail.com,Adele.Elbertina@gmail.com,firefighter
655,Modestia,Brotherson,Modestia.Brotherson@yopmail.com,Modestia.Brotherson@gmail.com,developer
656,Ashlee,Lesley,Ashlee.Lesley@yopmail.com,Ashlee.Lesley@gmail.com,worker
657,Karolina,Camden,Karolina.Camden@yopmail.com,Karolina.Camden@gmail.com,developer
658,Cherrita,Dielu,Cherrita.Dielu@yopmail.com,Cherrita.Dielu@gmail.com,doctor
659,Ileana,Laverne,Ileana.Laverne@yopmail.com,Ileana.Laverne@gmail.com,firefighter
660,Mariele,Noman,Mariele.Noman@yopmail.com,Mariele.Noman@gmail.com,developer
661,Ginnie,Yusuk,Ginnie.Yusuk@yopmail.com,Ginnie.Yusuk@gmail.com,doctor
662,Alexine,Alcott,Alexine.Alcott@yopmail.com,Alexine.Alcott@gmail.com,doctor
663,Meghann,Guthrie,Meghann.Guthrie@yopmail.com,Meghann.Guthrie@gmail.com,firefighter
664,Aigneis,Idelia,Aigneis.Idelia@yopmail.com,Aigneis.Idelia@gmail.com,worker
665,Maurene,Tufts,Maurene.Tufts@yopmail.com,Maurene.Tufts@gmail.com,developer
666,Keelia,Magdalen,Keelia.Magdalen@yopmail.com,Keelia.Magdalen@gmail.com,police officer
667,Danika,Cloris,Danika.Cloris@yopmail.com,Danika.Cloris@gmail.com,doctor
668,Marcelline,Gilbertson,Marcelline.Gilbertson@yopmail.com,Marcelline.Gilbertson@gmail.com,firefighter
669,Jessamyn,Marlie,Jessamyn.Marlie@yopmail.com,Jessamyn.Marlie@gmail.com,developer
670,Althea,Lacombe,Althea.Lacombe@yopmail.com,Althea.Lacombe@gmail.com,developer
671,Flo,Firmin,Flo.Firmin@yopmail.com,Flo.Firmin@gmail.com,worker
672,Krystle,Anselmi,Krystle.Anselmi@yopmail.com,Krystle.Anselmi@gmail.com,worker
673,Clary,Ashok,Clary.Ashok@yopmail.com,Clary.Ashok@gmail.com,worker
674,Fredericka,Denis,Fredericka.Denis@yopmail.com,Fredericka.Denis@gmail.com,firefighter
675,Fawne,Tufts,Fawne.Tufts@yopmail.com,Fawne.Tufts@gmail.com,worker
676,Nickie,Ovid,Nickie.Ovid@yopmail.com,Nickie.Ovid@gmail.com,police officer
677,Corina,Remmer,Corina.Remmer@yopmail.com,Corina.Remmer@gmail.com,developer
678,Ninnetta,Martsen,Ninnetta.Martsen@yopmail.com,Ninnetta.Martsen@gmail.com,developer
679,Kylynn,Brenn,Kylynn.Brenn@yopmail.com,Kylynn.Brenn@gmail.com,doctor
680,Tatiania,Dulciana,Tatiania.Dulciana@yopmail.com,Tatiania.Dulciana@gmail.com,worker
681,Di,Wallis,Di.Wallis@yopmail.com,Di.Wallis@gmail.com,doctor
682,Clarice,Othilia,Clarice.Othilia@yopmail.com,Clarice.Othilia@gmail.com,developer
683,Maryellen,Hepsibah,Maryellen.Hepsibah@yopmail.com,Maryellen.Hepsibah@gmail.com,doctor
684,Nananne,Bord,Nananne.Bord@yopmail.com,Nananne.Bord@gmail.com,police officer
685,Aimil,Munn,Aimil.Munn@yopmail.com,Aimil.Munn@gmail.com,doctor
686,Imojean,Halla,Imojean.Halla@yopmail.com,Imojean.Halla@gmail.com,police officer
687,Riannon,Janene,Riannon.Janene@yopmail.com,Riannon.Janene@gmail.com,doctor
688,Selia,Odysseus,Selia.Odysseus@yopmail.com,Selia.Odysseus@gmail.com,doctor
689,Melisent,Marisa,Melisent.Marisa@yopmail.com,Melisent.Marisa@gmail.com,police officer
690,Vanessa,Jehu,Vanessa.Jehu@yopmail.com,Vanessa.Jehu@gmail.com,worker
691,Kristan,Ortrude,Kristan.Ortrude@yopmail.com,Kristan.Ortrude@gmail.com,worker
692,Dulce,Carbo,Dulce.Carbo@yopmail.com,Dulce.Carbo@gmail.com,firefighter
693,Susan,Oneida,Susan.Oneida@yopmail.com,Susan.Oneida@gmail.com,developer
694,Lita,Cimbura,Lita.Cimbura@yopmail.com,Lita.Cimbura@gmail.com,doctor
695,Gusella,Pacorro,Gusella.Pacorro@yopmail.com,Gusella.Pacorro@gmail.com,doctor
696,Ericka,Jethro,Ericka.Jethro@yopmail.com,Ericka.Jethro@gmail.com,firefighter
697,Heddie,Pulsifer,Heddie.Pulsifer@yopmail.com,Heddie.Pulsifer@gmail.com,police officer
698,Wilma,Morrill,Wilma.Morrill@yopmail.com,Wilma.Morrill@gmail.com,firefighter
699,Joceline,Azeria,Joceline.Azeria@yopmail.com,Joceline.Azeria@gmail.com,worker
700,Elie,Ackerley,Elie.Ackerley@yopmail.com,Elie.Ackerley@gmail.com,police officer
701,Sidoney,Frendel,Sidoney.Frendel@yopmail.com,Sidoney.Frendel@gmail.com,worker
702,Christal,Peonir,Christal.Peonir@yopmail.com,Christal.Peonir@gmail.com,firefighter
703,Debee,Hillel,Debee.Hillel@yopmail.com,Debee.Hillel@gmail.com,police officer
704,Neila,Etom,Neila.Etom@yopmail.com,Neila.Etom@gmail.com,worker
705,Marcelline,Sherfield,Marcelline.Sherfield@yopmail.com,Marcelline.Sherfield@gmail.com,developer
706,Nollie,Cookie,Nollie.Cookie@yopmail.com,Nollie.Cookie@gmail.com,firefighter
707,Lily,Mauer,Lily.Mauer@yopmail.com,Lily.Mauer@gmail.com,police officer
708,Ellette,Fry,Ellette.Fry@yopmail.com,Ellette.Fry@gmail.com,worker
709,Phedra,Pond,Phedra.Pond@yopmail.com,Phedra.Pond@gmail.com,firefighter
710,Desirae,Dorine,Desirae.Dorine@yopmail.com,Desirae.Dorine@gmail.com,police officer
711,Tilly,Alfons,Tilly.Alfons@yopmail.com,Tilly.Alfons@gmail.com,worker
712,Cindelyn,Thad,Cindelyn.Thad@yopmail.com,Cindelyn.Thad@gmail.com,firefighter
713,Harmonia,Dex,Harmonia.Dex@yopmail.com,Harmonia.Dex@gmail.com,worker
714,Siana,Tryck,Siana.Tryck@yopmail.com,Siana.Tryck@gmail.com,police officer
715,Taffy,Huggins,Taffy.Huggins@yopmail.com,Taffy.Huggins@gmail.com,police officer
716,Gwenneth,Boycey,Gwenneth.Boycey@yopmail.com,Gwenneth.Boycey@gmail.com,worker
717,Lexine,Gale,Lexine.Gale@yopmail.com,Lexine.Gale@gmail.com,worker
718,Brianna,Podvin,Brianna.Podvin@yopmail.com,Brianna.Podvin@gmail.com,worker
719,Carlie,Alabaster,Carlie.Alabaster@yopmail.com,Carlie.Alabaster@gmail.com,firefighter
720,Barbi,Anastatius,Barbi.Anastatius@yopmail.com,Barbi.Anastatius@gmail.com,developer
721,Adelle,Chauncey,Adelle.Chauncey@yopmail.com,Adelle.Chauncey@gmail.com,police officer
722,Dari,Morehouse,Dari.Morehouse@yopmail.com,Dari.Morehouse@gmail.com,developer
723,Collen,Arvo,Collen.Arvo@yopmail.com,Collen.Arvo@gmail.com,worker
724,Carly,Kellby,Carly.Kellby@yopmail.com,Carly.Kellby@gmail.com,firefighter
725,Trixi,Read,Trixi.Read@yopmail.com,Trixi.Read@gmail.com,doctor
726,June,Valerio,June.Valerio@yopmail.com,June.Valerio@gmail.com,doctor
727,Raina,Moseley,Raina.Moseley@yopmail.com,Raina.Moseley@gmail.com,police officer
728,Perry,Carvey,Perry.Carvey@yopmail.com,Perry.Carvey@gmail.com,doctor
729,Berget,Cullin,Berget.Cullin@yopmail.com,Berget.Cullin@gmail.com,police officer
730,Mamie,Sophronia,Mamie.Sophronia@yopmail.com,Mamie.Sophronia@gmail.com,firefighter
731,Tamqrah,Liebermann,Tamqrah.Liebermann@yopmail.com,Tamqrah.Liebermann@gmail.com,worker
732,Mignon,Wind,Mignon.Wind@yopmail.com,Mignon.Wind@gmail.com,police officer
733,Marylou,Carri,Marylou.Carri@yopmail.com,Marylou.Carri@gmail.com,developer
734,Briney,Stefa,Briney.Stefa@yopmail.com,Briney.Stefa@gmail.com,doctor
735,Marinna,Romelda,Marinna.Romelda@yopmail.com,Marinna.Romelda@gmail.com,firefighter
736,Genevra,Madelene,Genevra.Madelene@yopmail.com,Genevra.Madelene@gmail.com,firefighter
737,Norine,Marijo,Norine.Marijo@yopmail.com,Norine.Marijo@gmail.com,worker
738,Sabina,Arley,Sabina.Arley@yopmail.com,Sabina.Arley@gmail.com,doctor
739,Lyssa,Ummersen,Lyssa.Ummersen@yopmail.com,Lyssa.Ummersen@gmail.com,firefighter
740,Tybie,Valoniah,Tybie.Valoniah@yopmail.com,Tybie.Valoniah@gmail.com,worker
741,Pierette,Thema,Pierette.Thema@yopmail.com,Pierette.Thema@gmail.com,worker
742,Esmeralda,Urania,Esmeralda.Urania@yopmail.com,Esmeralda.Urania@gmail.com,police officer
743,Dennie,Tomasina,Dennie.Tomasina@yopmail.com,Dennie.Tomasina@gmail.com,doctor
744,Desirae,Kesley,Desirae.Kesley@yopmail.com,Desirae.Kesley@gmail.com,firefighter
745,Farrah,Mott,Farrah.Mott@yopmail.com,Farrah.Mott@gmail.com,developer
746,Donnie,Evvie,Donnie.Evvie@yopmail.com,Donnie.Evvie@gmail.com,worker
747,Nonnah,Magnolia,Nonnah.Magnolia@yopmail.com,Nonnah.Magnolia@gmail.com,firefighter
748,Cherilyn,Shaver,Cherilyn.Shaver@yopmail.com,Cherilyn.Shaver@gmail.com,doctor
749,Corina,Xerxes,Corina.Xerxes@yopmail.com,Corina.Xerxes@gmail.com,developer
750,Antonietta,Wallis,Antonietta.Wallis@yopmail.com,Antonietta.Wallis@gmail.com,developer
751,Hayley,Federica,Hayley.Federica@yopmail.com,Hayley.Federica@gmail.com,doctor
752,Zia,Adore,Zia.Adore@yopmail.com,Zia.Adore@gmail.com,doctor
753,Nannie,Seligman,Nannie.Seligman@yopmail.com,Nannie.Seligman@gmail.com,developer
754,Dagmar,Dreda,Dagmar.Dreda@yopmail.com,Dagmar.Dreda@gmail.com,developer
755,Blondelle,Audly,Blondelle.Audly@yopmail.com,Blondelle.Audly@gmail.com,developer
756,Winifred,Ioab,Winifred.Ioab@yopmail.com,Winifred.Ioab@gmail.com,doctor
757,Elise,Orelee,Elise.Orelee@yopmail.com,Elise.Orelee@gmail.com,doctor
758,Zia,Willie,Zia.Willie@yopmail.com,Zia.Willie@gmail.com,doctor
759,Sissy,Weaks,Sissy.Weaks@yopmail.com,Sissy.Weaks@gmail.com,firefighter
760,Clary,Natalia,Clary.Natalia@yopmail.com,Clary.Natalia@gmail.com,doctor
761,Maisey,Corabella,Maisey.Corabella@yopmail.com,Maisey.Corabella@gmail.com,developer
762,Correy,Scammon,Correy.Scammon@yopmail.com,Correy.Scammon@gmail.com,firefighter
763,Kenna,Bibi,Kenna.Bibi@yopmail.com,Kenna.Bibi@gmail.com,worker
764,Adele,Wilkinson,Adele.Wilkinson@yopmail.com,Adele.Wilkinson@gmail.com,developer
765,Kial,Matthew,Kial.Matthew@yopmail.com,Kial.Matthew@gmail.com,worker
766,Norine,Garbe,Norine.Garbe@yopmail.com,Norine.Garbe@gmail.com,worker
767,Bee,Melan,Bee.Melan@yopmail.com,Bee.Melan@gmail.com,doctor
768,Wilma,Lia,Wilma.Lia@yopmail.com,Wilma.Lia@gmail.com,firefighter
769,Di,Goldina,Di.Goldina@yopmail.com,Di.Goldina@gmail.com,worker
770,Rori,Azeria,Rori.Azeria@yopmail.com,Rori.Azeria@gmail.com,doctor
771,Paola,Robertson,Paola.Robertson@yopmail.com,Paola.Robertson@gmail.com,firefighter
772,Laure,Wallis,Laure.Wallis@yopmail.com,Laure.Wallis@gmail.com,developer
773,Charmaine,Malanie,Charmaine.Malanie@yopmail.com,Charmaine.Malanie@gmail.com,firefighter
774,Judy,Dex,Judy.Dex@yopmail.com,Judy.Dex@gmail.com,police officer
775,Allis,Klemperer,Allis.Klemperer@yopmail.com,Allis.Klemperer@gmail.com,doctor
776,Leeanne,Dahlia,Leeanne.Dahlia@yopmail.com,Leeanne.Dahlia@gmail.com,doctor
777,Steffane,Hermes,Steffane.Hermes@yopmail.com,Steffane.Hermes@gmail.com,developer
778,Diena,Ade,Diena.Ade@yopmail.com,Diena.Ade@gmail.com,firefighter
779,Lynde,Nerita,Lynde.Nerita@yopmail.com,Lynde.Nerita@gmail.com,police officer
780,Chickie,Felizio,Chickie.Felizio@yopmail.com,Chickie.Felizio@gmail.com,police officer
781,Nanete,Eno,Nanete.Eno@yopmail.com,Nanete.Eno@gmail.com,worker
782,Lusa,Ardeha,Lusa.Ardeha@yopmail.com,Lusa.Ardeha@gmail.com,firefighter
783,Kittie,Delila,Kittie.Delila@yopmail.com,Kittie.Delila@gmail.com,police officer
784,Cissiee,Teryn,Cissiee.Teryn@yopmail.com,Cissiee.Teryn@gmail.com,worker
785,Dode,Gino,Dode.Gino@yopmail.com,Dode.Gino@gmail.com,firefighter
786,Tina,Sikorski,Tina.Sikorski@yopmail.com,Tina.Sikorski@gmail.com,doctor
787,Melina,Dash,Melina.Dash@yopmail.com,Melina.Dash@gmail.com,worker
788,Lizzie,Israeli,Lizzie.Israeli@yopmail.com,Lizzie.Israeli@gmail.com,developer
789,Maryellen,Faso,Maryellen.Faso@yopmail.com,Maryellen.Faso@gmail.com,doctor
790,Anica,Astra,Anica.Astra@yopmail.com,Anica.Astra@gmail.com,doctor
791,Christal,Harned,Christal.Harned@yopmail.com,Christal.Harned@gmail.com,developer
792,Tani,Stephie,Tani.Stephie@yopmail.com,Tani.Stephie@gmail.com,worker
793,Melina,Ephrem,Melina.Ephrem@yopmail.com,Melina.Ephrem@gmail.com,worker
794,Elena,Chem,Elena.Chem@yopmail.com,Elena.Chem@gmail.com,developer
795,Constance,Fadiman,Constance.Fadiman@yopmail.com,Constance.Fadiman@gmail.com,worker
796,Maridel,Pacorro,Maridel.Pacorro@yopmail.com,Maridel.Pacorro@gmail.com,police officer
797,Pierette,Reidar,Pierette.Reidar@yopmail.com,Pierette.Reidar@gmail.com,developer
798,Fayre,Haerr,Fayre.Haerr@yopmail.com,Fayre.Haerr@gmail.com,firefighter
799,Joeann,Ochs,Joeann.Ochs@yopmail.com,Joeann.Ochs@gmail.com,doctor
800,Nicoli,Kaja,Nicoli.Kaja@yopmail.com,Nicoli.Kaja@gmail.com,doctor
801,Meg,Gherardo,Meg.Gherardo@yopmail.com,Meg.Gherardo@gmail.com,doctor
802,Ottilie,Martsen,Ottilie.Martsen@yopmail.com,Ottilie.Martsen@gmail.com,developer
803,Suzette,Sothena,Suzette.Sothena@yopmail.com,Suzette.Sothena@gmail.com,firefighter
804,Minda,Merat,Minda.Merat@yopmail.com,Minda.Merat@gmail.com,police officer
805,Mignon,Stuart,Mignon.Stuart@yopmail.com,Mignon.Stuart@gmail.com,developer
806,Annaliese,Merna,Annaliese.Merna@yopmail.com,Annaliese.Merna@gmail.com,firefighter
807,Vonny,Neils,Vonny.Neils@yopmail.com,Vonny.Neils@gmail.com,police officer
808,Clary,Liebermann,Clary.Liebermann@yopmail.com,Clary.Liebermann@gmail.com,worker
809,Audrie,Mendez,Audrie.Mendez@yopmail.com,Audrie.Mendez@gmail.com,firefighter
810,Lanae,Rillings,Lanae.Rillings@yopmail.com,Lanae.Rillings@gmail.com,worker
811,Pamella,Anselmi,Pamella.Anselmi@yopmail.com,Pamella.Anselmi@gmail.com,worker
812,Basia,Munn,Basia.Munn@yopmail.com,Basia.Munn@gmail.com,police officer
813,Silvana,Rese,Silvana.Rese@yopmail.com,Silvana.Rese@gmail.com,developer
814,Celestyna,Salchunas,Celestyna.Salchunas@yopmail.com,Celestyna.Salchunas@gmail.com,worker
815,Ardys,Hoenack,Ardys.Hoenack@yopmail.com,Ardys.Hoenack@gmail.com,doctor
816,Micheline,Bronk,Micheline.Bronk@yopmail.com,Micheline.Bronk@gmail.com,worker
817,Raina,Delacourt,Raina.Delacourt@yopmail.com,Raina.Delacourt@gmail.com,firefighter
818,Ida,Ricarda,Ida.Ricarda@yopmail.com,Ida.Ricarda@gmail.com,firefighter
819,Nicoli,Stanwood,Nicoli.Stanwood@yopmail.com,Nicoli.Stanwood@gmail.com,firefighter
820,Kathy,Shanley,Kathy.Shanley@yopmail.com,Kathy.Shanley@gmail.com,developer
821,Siana,Carolin,Siana.Carolin@yopmail.com,Siana.Carolin@gmail.com,worker
822,Phylis,Loeb,Phylis.Loeb@yopmail.com,Phylis.Loeb@gmail.com,developer
823,Annice,Joachim,Annice.Joachim@yopmail.com,Annice.Joachim@gmail.com,developer
824,Ketti,Jena,Ketti.Jena@yopmail.com,Ketti.Jena@gmail.com,police officer
825,Marylou,Glenden,Marylou.Glenden@yopmail.com,Marylou.Glenden@gmail.com,developer
826,Kristina,Berl,Kristina.Berl@yopmail.com,Kristina.Berl@gmail.com,doctor
827,Anica,Cherianne,Anica.Cherianne@yopmail.com,Anica.Cherianne@gmail.com,police officer
828,Starla,Melleta,Starla.Melleta@yopmail.com,Starla.Melleta@gmail.com,firefighter
829,Mara,Jarib,Mara.Jarib@yopmail.com,Mara.Jarib@gmail.com,worker
830,Antonietta,Elisha,Antonietta.Elisha@yopmail.com,Antonietta.Elisha@gmail.com,firefighter
831,Nelle,Sadowski,Nelle.Sadowski@yopmail.com,Nelle.Sadowski@gmail.com,worker
832,Regina,Cookie,Regina.Cookie@yopmail.com,Regina.Cookie@gmail.com,firefighter
833,Phedra,Buttaro,Phedra.Buttaro@yopmail.com,Phedra.Buttaro@gmail.com,police officer
834,Brietta,Tryck,Brietta.Tryck@yopmail.com,Brietta.Tryck@gmail.com,doctor
835,Aryn,Ajay,Aryn.Ajay@yopmail.com,Aryn.Ajay@gmail.com,police officer
836,Leeanne,Muriel,Leeanne.Muriel@yopmail.com,Leeanne.Muriel@gmail.com,firefighter
837,Margarette,Suanne,Margarette.Suanne@yopmail.com,Margarette.Suanne@gmail.com,police officer
838,Lucy,Thad,Lucy.Thad@yopmail.com,Lucy.Thad@gmail.com,worker
839,Tarra,Euridice,Tarra.Euridice@yopmail.com,Tarra.Euridice@gmail.com,developer
840,Gale,Papageno,Gale.Papageno@yopmail.com,Gale.Papageno@gmail.com,developer
841,Elsie,Rogerio,Elsie.Rogerio@yopmail.com,Elsie.Rogerio@gmail.com,worker
842,Sibella,Irmine,Sibella.Irmine@yopmail.com,Sibella.Irmine@gmail.com,doctor
843,Ekaterina,Stav,Ekaterina.Stav@yopmail.com,Ekaterina.Stav@gmail.com,police officer
844,Christy,Lane,Christy.Lane@yopmail.com,Christy.Lane@gmail.com,police officer
845,Barbi,Korey,Barbi.Korey@yopmail.com,Barbi.Korey@gmail.com,doctor
846,Blondelle,Yusuk,Blondelle.Yusuk@yopmail.com,Blondelle.Yusuk@gmail.com,police officer
847,Ada,Kronfeld,Ada.Kronfeld@yopmail.com,Ada.Kronfeld@gmail.com,police officer
848,Chloris,Herrera,Chloris.Herrera@yopmail.com,Chloris.Herrera@gmail.com,worker
849,Nananne,Emmaline,Nananne.Emmaline@yopmail.com,Nananne.Emmaline@gmail.com,firefighter
850,Dacia,Ledah,Dacia.Ledah@yopmail.com,Dacia.Ledah@gmail.com,police officer
851,Jorry,Aaberg,Jorry.Aaberg@yopmail.com,Jorry.Aaberg@gmail.com,developer
852,Rivalee,Bergman,Rivalee.Bergman@yopmail.com,Rivalee.Bergman@gmail.com,police officer
853,Lindie,Goerke,Lindie.Goerke@yopmail.com,Lindie.Goerke@gmail.com,doctor
854,Peri,Ackerley,Peri.Ackerley@yopmail.com,Peri.Ackerley@gmail.com,firefighter
855,Johna,Ivens,Johna.Ivens@yopmail.com,Johna.Ivens@gmail.com,doctor
856,Dari,Chick,Dari.Chick@yopmail.com,Dari.Chick@gmail.com,police officer
857,Cecile,Craggie,Cecile.Craggie@yopmail.com,Cecile.Craggie@gmail.com,police officer
858,Suzette,Gaulin,Suzette.Gaulin@yopmail.com,Suzette.Gaulin@gmail.com,police officer
859,Deane,Shama,Deane.Shama@yopmail.com,Deane.Shama@gmail.com,worker
860,Gusty,Baylor,Gusty.Baylor@yopmail.com,Gusty.Baylor@gmail.com,doctor
861,Phedra,Afton,Phedra.Afton@yopmail.com,Phedra.Afton@gmail.com,firefighter
862,Jsandye,Trey,Jsandye.Trey@yopmail.com,Jsandye.Trey@gmail.com,police officer
863,Gianina,Norrie,Gianina.Norrie@yopmail.com,Gianina.Norrie@gmail.com,worker
864,Katuscha,Salvidor,Katuscha.Salvidor@yopmail.com,Katuscha.Salvidor@gmail.com,firefighter
865,Estell,Abbot,Estell.Abbot@yopmail.com,Estell.Abbot@gmail.com,firefighter
866,Randa,Noelyn,Randa.Noelyn@yopmail.com,Randa.Noelyn@gmail.com,firefighter
867,Hope,Kalinda,Hope.Kalinda@yopmail.com,Hope.Kalinda@gmail.com,police officer
868,Berta,Socha,Berta.Socha@yopmail.com,Berta.Socha@gmail.com,police officer
869,Violet,Judye,Violet.Judye@yopmail.com,Violet.Judye@gmail.com,doctor
870,Dione,Bari,Dione.Bari@yopmail.com,Dione.Bari@gmail.com,police officer
871,Dagmar,Zachary,Dagmar.Zachary@yopmail.com,Dagmar.Zachary@gmail.com,worker
872,Donetta,Ventre,Donetta.Ventre@yopmail.com,Donetta.Ventre@gmail.com,doctor
873,Selma,Middleton,Selma.Middleton@yopmail.com,Selma.Middleton@gmail.com,firefighter
874,Betta,Japeth,Betta.Japeth@yopmail.com,Betta.Japeth@gmail.com,worker
875,Charmaine,Jammal,Charmaine.Jammal@yopmail.com,Charmaine.Jammal@gmail.com,developer
876,Rosene,Tryck,Rosene.Tryck@yopmail.com,Rosene.Tryck@gmail.com,doctor
877,Dennie,Kronfeld,Dennie.Kronfeld@yopmail.com,Dennie.Kronfeld@gmail.com,doctor
878,Gwenneth,Raimondo,Gwenneth.Raimondo@yopmail.com,Gwenneth.Raimondo@gmail.com,police officer
879,Amara,Lea,Amara.Lea@yopmail.com,Amara.Lea@gmail.com,doctor
880,Maisey,Alva,Maisey.Alva@yopmail.com,Maisey.Alva@gmail.com,doctor
881,Jan,Burnside,Jan.Burnside@yopmail.com,Jan.Burnside@gmail.com,police officer
882,Amalie,Mata,Amalie.Mata@yopmail.com,Amalie.Mata@gmail.com,doctor
883,Katharina,Nerita,Katharina.Nerita@yopmail.com,Katharina.Nerita@gmail.com,worker
884,Clarice,Liebermann,Clarice.Liebermann@yopmail.com,Clarice.Liebermann@gmail.com,worker
885,Carmencita,Pandolfi,Carmencita.Pandolfi@yopmail.com,Carmencita.Pandolfi@gmail.com,police officer
886,Robinia,Cleo,Robinia.Cleo@yopmail.com,Robinia.Cleo@gmail.com,police officer
887,Tracey,Thar,Tracey.Thar@yopmail.com,Tracey.Thar@gmail.com,police officer
888,Averyl,Shama,Averyl.Shama@yopmail.com,Averyl.Shama@gmail.com,firefighter
889,Andree,Egbert,Andree.Egbert@yopmail.com,Andree.Egbert@gmail.com,worker
890,Blinni,Middleton,Blinni.Middleton@yopmail.com,Blinni.Middleton@gmail.com,police officer
891,Aurelie,Maroney,Aurelie.Maroney@yopmail.com,Aurelie.Maroney@gmail.com,doctor
892,Dari,Hamil,Dari.Hamil@yopmail.com,Dari.Hamil@gmail.com,developer
893,Ofilia,Turne,Ofilia.Turne@yopmail.com,Ofilia.Turne@gmail.com,firefighter
894,Ginnie,Westphal,Ginnie.Westphal@yopmail.com,Ginnie.Westphal@gmail.com,firefighter
895,Babita,Schlosser,Babita.Schlosser@yopmail.com,Babita.Schlosser@gmail.com,worker
896,Meghann,Lenny,Meghann.Lenny@yopmail.com,Meghann.Lenny@gmail.com,worker
897,Perry,Loring,Perry.Loring@yopmail.com,Perry.Loring@gmail.com,police officer
898,Roz,Bonilla,Roz.Bonilla@yopmail.com,Roz.Bonilla@gmail.com,doctor
899,Siana,Francene,Siana.Francene@yopmail.com,Siana.Francene@gmail.com,firefighter
900,Clo,Annice,Clo.Annice@yopmail.com,Clo.Annice@gmail.com,firefighter
901,Philis,Merriott,Philis.Merriott@yopmail.com,Philis.Merriott@gmail.com,developer
902,Livvyy,My,Livvyy.My@yopmail.com,Livvyy.My@gmail.com,doctor
903,Christian,Ezar,Christian.Ezar@yopmail.com,Christian.Ezar@gmail.com,doctor
904,Michaelina,Jerald,Michaelina.Jerald@yopmail.com,Michaelina.Jerald@gmail.com,doctor
905,Sean,Madox,Sean.Madox@yopmail.com,Sean.Madox@gmail.com,doctor
906,Corry,Estella,Corry.Estella@yopmail.com,Corry.Estella@gmail.com,worker
907,Dorice,Palocz,Dorice.Palocz@yopmail.com,Dorice.Palocz@gmail.com,police officer
908,Loree,Birdella,Loree.Birdella@yopmail.com,Loree.Birdella@gmail.com,police officer
909,Belinda,Elsinore,Belinda.Elsinore@yopmail.com,Belinda.Elsinore@gmail.com,police officer
910,Kore,Ophelia,Kore.Ophelia@yopmail.com,Kore.Ophelia@gmail.com,worker
911,Tatiania,Weinreb,Tatiania.Weinreb@yopmail.com,Tatiania.Weinreb@gmail.com,police officer
912,Alia,Eben,Alia.Eben@yopmail.com,Alia.Eben@gmail.com,developer
913,Noelle,Chick,Noelle.Chick@yopmail.com,Noelle.Chick@gmail.com,developer
914,Corene,Vale,Corene.Vale@yopmail.com,Corene.Vale@gmail.com,police officer
915,Leona,Gordon,Leona.Gordon@yopmail.com,Leona.Gordon@gmail.com,firefighter
916,Chere,Jeanne,Chere.Jeanne@yopmail.com,Chere.Jeanne@gmail.com,firefighter
917,Estell,Bohlin,Estell.Bohlin@yopmail.com,Estell.Bohlin@gmail.com,developer
918,Bertine,Lubin,Bertine.Lubin@yopmail.com,Bertine.Lubin@gmail.com,police officer
919,Daphne,McGrody,Daphne.McGrody@yopmail.com,Daphne.McGrody@gmail.com,developer
920,Rosaline,Kauppi,Rosaline.Kauppi@yopmail.com,Rosaline.Kauppi@gmail.com,police officer
921,Kamilah,Hirsch,Kamilah.Hirsch@yopmail.com,Kamilah.Hirsch@gmail.com,doctor
922,Lenna,Helve,Lenna.Helve@yopmail.com,Lenna.Helve@gmail.com,police officer
923,Dolli,Thad,Dolli.Thad@yopmail.com,Dolli.Thad@gmail.com,firefighter
924,Raf,Connelly,Raf.Connelly@yopmail.com,Raf.Connelly@gmail.com,firefighter
925,Jordan,Rurik,Jordan.Rurik@yopmail.com,Jordan.Rurik@gmail.com,doctor
926,Melina,Cosenza,Melina.Cosenza@yopmail.com,Melina.Cosenza@gmail.com,doctor
927,Brandise,Yate,Brandise.Yate@yopmail.com,Brandise.Yate@gmail.com,police officer
928,Adriana,Brackely,Adriana.Brackely@yopmail.com,Adriana.Brackely@gmail.com,doctor
929,Gerianna,Douglass,Gerianna.Douglass@yopmail.com,Gerianna.Douglass@gmail.com,developer
930,Celestyna,Obed,Celestyna.Obed@yopmail.com,Celestyna.Obed@gmail.com,police officer
931,Alie,Dermott,Alie.Dermott@yopmail.com,Alie.Dermott@gmail.com,firefighter
932,Sophia,Cynar,Sophia.Cynar@yopmail.com,Sophia.Cynar@gmail.com,firefighter
933,Lenna,Tice,Lenna.Tice@yopmail.com,Lenna.Tice@gmail.com,police officer
934,Candi,Elsinore,Candi.Elsinore@yopmail.com,Candi.Elsinore@gmail.com,firefighter
935,Doralynne,Lorain,Doralynne.Lorain@yopmail.com,Doralynne.Lorain@gmail.com,developer
936,Sarette,Turne,Sarette.Turne@yopmail.com,Sarette.Turne@gmail.com,developer
937,Andeee,Primalia,Andeee.Primalia@yopmail.com,Andeee.Primalia@gmail.com,police officer
938,Clementine,Adore,Clementine.Adore@yopmail.com,Clementine.Adore@gmail.com,worker
939,Thalia,Hanshaw,Thalia.Hanshaw@yopmail.com,Thalia.Hanshaw@gmail.com,police officer
940,Maryellen,Kaete,Maryellen.Kaete@yopmail.com,Maryellen.Kaete@gmail.com,doctor
941,Lynnea,Duwalt,Lynnea.Duwalt@yopmail.com,Lynnea.Duwalt@gmail.com,firefighter
942,Vivia,Wolfgram,Vivia.Wolfgram@yopmail.com,Vivia.Wolfgram@gmail.com,developer
943,Celisse,Hunfredo,Celisse.Hunfredo@yopmail.com,Celisse.Hunfredo@gmail.com,doctor
944,Jaime,Wildermuth,Jaime.Wildermuth@yopmail.com,Jaime.Wildermuth@gmail.com,developer
945,Jeanna,Cristi,Jeanna.Cristi@yopmail.com,Jeanna.Cristi@gmail.com,firefighter
946,Carree,Dowski,Carree.Dowski@yopmail.com,Carree.Dowski@gmail.com,developer
947,Dorothy,Zachary,Dorothy.Zachary@yopmail.com,Dorothy.Zachary@gmail.com,police officer
948,Marline,Tice,Marline.Tice@yopmail.com,Marline.Tice@gmail.com,police officer
949,Wynne,Helfand,Wynne.Helfand@yopmail.com,Wynne.Helfand@gmail.com,police officer
950,Carree,Konyn,Carree.Konyn@yopmail.com,Carree.Konyn@gmail.com,worker
951,Felice,Catie,Felice.Catie@yopmail.com,Felice.Catie@gmail.com,developer
952,Raf,Gale,Raf.Gale@yopmail.com,Raf.Gale@gmail.com,police officer
953,Sabina,Strephon,Sabina.Strephon@yopmail.com,Sabina.Strephon@gmail.com,firefighter
954,Yetty,Eldrid,Yetty.Eldrid@yopmail.com,Yetty.Eldrid@gmail.com,firefighter
955,Melodie,Bivins,Melodie.Bivins@yopmail.com,Melodie.Bivins@gmail.com,police officer
956,Raquela,Rogerio,Raquela.Rogerio@yopmail.com,Raquela.Rogerio@gmail.com,firefighter
957,Nananne,Stoller,Nananne.Stoller@yopmail.com,Nananne.Stoller@gmail.com,doctor
958,Yvonne,Oster,Yvonne.Oster@yopmail.com,Yvonne.Oster@gmail.com,firefighter
959,Gwenneth,Bethany,Gwenneth.Bethany@yopmail.com,Gwenneth.Bethany@gmail.com,worker
960,Neila,Diogenes,Neila.Diogenes@yopmail.com,Neila.Diogenes@gmail.com,developer
961,Eugine,Roscoe,Eugine.Roscoe@yopmail.com,Eugine.Roscoe@gmail.com,firefighter
962,Ricky,Stacy,Ricky.Stacy@yopmail.com,Ricky.Stacy@gmail.com,doctor
963,Leia,Burnside,Leia.Burnside@yopmail.com,Leia.Burnside@gmail.com,doctor
964,Mara,Herrera,Mara.Herrera@yopmail.com,Mara.Herrera@gmail.com,doctor
965,Averyl,Kermit,Averyl.Kermit@yopmail.com,Averyl.Kermit@gmail.com,firefighter
966,Mignon,Salvidor,Mignon.Salvidor@yopmail.com,Mignon.Salvidor@gmail.com,firefighter
967,Ninnetta,Madelene,Ninnetta.Madelene@yopmail.com,Ninnetta.Madelene@gmail.com,firefighter
968,Giustina,Narton,Giustina.Narton@yopmail.com,Giustina.Narton@gmail.com,firefighter
969,Margarette,Cherianne,Margarette.Cherianne@yopmail.com,Margarette.Cherianne@gmail.com,worker
970,Alex,Killigrew,Alex.Killigrew@yopmail.com,Alex.Killigrew@gmail.com,firefighter
971,Queenie,Hylan,Queenie.Hylan@yopmail.com,Queenie.Hylan@gmail.com,doctor
972,Sabina,Odell,Sabina.Odell@yopmail.com,Sabina.Odell@gmail.com,worker
973,Di,Plato,Di.Plato@yopmail.com,Di.Plato@gmail.com,doctor
974,Betta,Buffum,Betta.Buffum@yopmail.com,Betta.Buffum@gmail.com,police officer
975,Lynea,Monk,Lynea.Monk@yopmail.com,Lynea.Monk@gmail.com,firefighter
976,Merry,Stilwell,Merry.Stilwell@yopmail.com,Merry.Stilwell@gmail.com,police officer
977,Celene,Selway,Celene.Selway@yopmail.com,Celene.Selway@gmail.com,worker
978,Deedee,Bertold,Deedee.Bertold@yopmail.com,Deedee.Bertold@gmail.com,doctor
979,Frances,Bates,Frances.Bates@yopmail.com,Frances.Bates@gmail.com,developer
980,Ilse,Fitzsimmons,Ilse.Fitzsimmons@yopmail.com,Ilse.Fitzsimmons@gmail.com,developer
981,Shel,Callista,Shel.Callista@yopmail.com,Shel.Callista@gmail.com,firefighter
982,Brena,Reinke,Brena.Reinke@yopmail.com,Brena.Reinke@gmail.com,worker
983,Roslyn,Desai,Roslyn.Desai@yopmail.com,Roslyn.Desai@gmail.com,doctor
984,Randa,Wind,Randa.Wind@yopmail.com,Randa.Wind@gmail.com,developer
985,Margarette,Leifeste,Margarette.Leifeste@yopmail.com,Margarette.Leifeste@gmail.com,worker
986,Leanna,Parette,Leanna.Parette@yopmail.com,Leanna.Parette@gmail.com,firefighter
987,Farrah,Strephon,Farrah.Strephon@yopmail.com,Farrah.Strephon@gmail.com,developer
988,Amii,Lorenz,Amii.Lorenz@yopmail.com,Amii.Lorenz@gmail.com,doctor
989,Shel,Brieta,Shel.Brieta@yopmail.com,Shel.Brieta@gmail.com,worker
990,Lorne,Firmin,Lorne.Firmin@yopmail.com,Lorne.Firmin@gmail.com,doctor
991,Dorothy,Pozzy,Dorothy.Pozzy@yopmail.com,Dorothy.Pozzy@gmail.com,firefighter
992,Lizzie,Jillane,Lizzie.Jillane@yopmail.com,Lizzie.Jillane@gmail.com,firefighter
993,Sissy,Vastah,Sissy.Vastah@yopmail.com,Sissy.Vastah@gmail.com,doctor
994,Noelle,Fitzsimmons,Noelle.Fitzsimmons@yopmail.com,Noelle.Fitzsimmons@gmail.com,developer
995,Margette,Garbe,Margette.Garbe@yopmail.com,Margette.Garbe@gmail.com,developer
996,Orsola,Alabaster,Orsola.Alabaster@yopmail.com,Orsola.Alabaster@gmail.com,worker
997,Katuscha,Durware,Katuscha.Durware@yopmail.com,Katuscha.Durware@gmail.com,doctor
998,Dagmar,Celestine,Dagmar.Celestine@yopmail.com,Dagmar.Celestine@gmail.com,developer
999,Donnie,Federica,Donnie.Federica@yopmail.com,Donnie.Federica@gmail.com,worker
1000,Britni,Bach,Britni.Bach@yopmail.com,Britni.Bach@gmail.com,firefighter
1001,Britni,Moina,Britni.Moina@yopmail.com,Britni.Moina@gmail.com,firefighter
1002,Rosene,Koehler,Rosene.Koehler@yopmail.com,Rosene.Koehler@gmail.com,worker
1003,Regina,Jorgan,Regina.Jorgan@yopmail.com,Regina.Jorgan@gmail.com,doctor
1004,Teddie,Karl,Teddie.Karl@yopmail.com,Teddie.Karl@gmail.com,developer
1005,Nariko,Calhoun,Nariko.Calhoun@yopmail.com,Nariko.Calhoun@gmail.com,doctor
1006,Merle,Diogenes,Merle.Diogenes@yopmail.com,Merle.Diogenes@gmail.com,doctor
1007,Aigneis,Bronk,Aigneis.Bronk@yopmail.com,Aigneis.Bronk@gmail.com,developer
1008,Tori,Sharl,Tori.Sharl@yopmail.com,Tori.Sharl@gmail.com,firefighter
1009,Miquela,Hailee,Miquela.Hailee@yopmail.com,Miquela.Hailee@gmail.com,doctor
1010,Gavrielle,Rudolph,Gavrielle.Rudolph@yopmail.com,Gavrielle.Rudolph@gmail.com,doctor
1011,Rubie,Sidonius,Rubie.Sidonius@yopmail.com,Rubie.Sidonius@gmail.com,firefighter
1012,Yolane,Means,Yolane.Means@yopmail.com,Yolane.Means@gmail.com,developer
1013,Ida,Emanuel,Ida.Emanuel@yopmail.com,Ida.Emanuel@gmail.com,worker
1014,Yvonne,Zola,Yvonne.Zola@yopmail.com,Yvonne.Zola@gmail.com,police officer
1015,Calla,McAdams,Calla.McAdams@yopmail.com,Calla.McAdams@gmail.com,doctor
1016,Sibella,Middleton,Sibella.Middleton@yopmail.com,Sibella.Middleton@gmail.com,developer
1017,Molli,Oster,Molli.Oster@yopmail.com,Molli.Oster@gmail.com,worker
1018,Audrie,Arley,Audrie.Arley@yopmail.com,Audrie.Arley@gmail.com,firefighter
1019,Frieda,Raama,Frieda.Raama@yopmail.com,Frieda.Raama@gmail.com,police officer
1020,Carol-Jean,Jaylene,Carol-Jean.Jaylene@yopmail.com,Carol-Jean.Jaylene@gmail.com,worker
1021,Annaliese,Sigfrid,Annaliese.Sigfrid@yopmail.com,Annaliese.Sigfrid@gmail.com,developer
1022,Nita,Stelle,Nita.Stelle@yopmail.com,Nita.Stelle@gmail.com,worker
1023,Angela,Florina,Angela.Florina@yopmail.com,Angela.Florina@gmail.com,police officer
1024,Dorene,Freddi,Dorene.Freddi@yopmail.com,Dorene.Freddi@gmail.com,doctor
1025,Tobe,Anyah,Tobe.Anyah@yopmail.com,Tobe.Anyah@gmail.com,developer
1026,Gwenneth,Brodench,Gwenneth.Brodench@yopmail.com,Gwenneth.Brodench@gmail.com,police officer
1027,Tonia,Han,Tonia.Han@yopmail.com,Tonia.Han@gmail.com,firefighter
1028,Jinny,Dash,Jinny.Dash@yopmail.com,Jinny.Dash@gmail.com,worker
1029,Cordi,Lindemann,Cordi.Lindemann@yopmail.com,Cordi.Lindemann@gmail.com,doctor
1030,Wileen,Sancho,Wileen.Sancho@yopmail.com,Wileen.Sancho@gmail.com,worker
1031,Marylou,Sabella,Marylou.Sabella@yopmail.com,Marylou.Sabella@gmail.com,police officer
1032,Pamella,Marcellus,Pamella.Marcellus@yopmail.com,Pamella.Marcellus@gmail.com,firefighter
1033,Nollie,August,Nollie.August@yopmail.com,Nollie.August@gmail.com,worker
1034,Livvyy,Saree,Livvyy.Saree@yopmail.com,Livvyy.Saree@gmail.com,doctor
1035,Gerrie,Cloris,Gerrie.Cloris@yopmail.com,Gerrie.Cloris@gmail.com,developer
1036,Peri,Desai,Peri.Desai@yopmail.com,Peri.Desai@gmail.com,developer
1037,Kaia,Vittoria,Kaia.Vittoria@yopmail.com,Kaia.Vittoria@gmail.com,police officer
1038,Zaria,Lalitta,Zaria.Lalitta@yopmail.com,Zaria.Lalitta@gmail.com,developer
1039,Ofilia,Percy,Ofilia.Percy@yopmail.com,Ofilia.Percy@gmail.com,doctor
1040,Silvana,Alwin,Silvana.Alwin@yopmail.com,Silvana.Alwin@gmail.com,developer
1041,Anallese,Aaberg,Anallese.Aaberg@yopmail.com,Anallese.Aaberg@gmail.com,developer
1042,Albertina,Kosey,Albertina.Kosey@yopmail.com,Albertina.Kosey@gmail.com,doctor
1043,Kial,Hewitt,Kial.Hewitt@yopmail.com,Kial.Hewitt@gmail.com,worker
1044,Christy,Kelula,Christy.Kelula@yopmail.com,Christy.Kelula@gmail.com,police officer
1045,Alia,Curren,Alia.Curren@yopmail.com,Alia.Curren@gmail.com,worker
1046,Minne,Kesley,Minne.Kesley@yopmail.com,Minne.Kesley@gmail.com,police officer
1047,Meriel,Iiette,Meriel.Iiette@yopmail.com,Meriel.Iiette@gmail.com,worker
1048,Brana,Lay,Brana.Lay@yopmail.com,Brana.Lay@gmail.com,firefighter
1049,Emmey,Wittie,Emmey.Wittie@yopmail.com,Emmey.Wittie@gmail.com,developer
1050,Fayre,Ventre,Fayre.Ventre@yopmail.com,Fayre.Ventre@gmail.com,developer
1051,Katharina,Lesley,Katharina.Lesley@yopmail.com,Katharina.Lesley@gmail.com,developer
1052,Alex,Morgun,Alex.Morgun@yopmail.com,Alex.Morgun@gmail.com,worker
1053,Ardenia,Therine,Ardenia.Therine@yopmail.com,Ardenia.Therine@gmail.com,developer
1054,Jemie,Burch,Jemie.Burch@yopmail.com,Jemie.Burch@gmail.com,developer
1055,Codie,Dorine,Codie.Dorine@yopmail.com,Codie.Dorine@gmail.com,doctor
1056,Marinna,Eno,Marinna.Eno@yopmail.com,Marinna.Eno@gmail.com,doctor
1057,Kittie,Orelee,Kittie.Orelee@yopmail.com,Kittie.Orelee@gmail.com,doctor
1058,Ursulina,Johanna,Ursulina.Johanna@yopmail.com,Ursulina.Johanna@gmail.com,doctor
1059,Trudie,Peti,Trudie.Peti@yopmail.com,Trudie.Peti@gmail.com,developer
1060,Petronia,Secrest,Petronia.Secrest@yopmail.com,Petronia.Secrest@gmail.com,developer
1061,Maye,Darrell,Maye.Darrell@yopmail.com,Maye.Darrell@gmail.com,police officer
1062,Nelle,Ralfston,Nelle.Ralfston@yopmail.com,Nelle.Ralfston@gmail.com,developer
1063,Joy,Milson,Joy.Milson@yopmail.com,Joy.Milson@gmail.com,doctor
1064,Carree,Tiffa,Carree.Tiffa@yopmail.com,Carree.Tiffa@gmail.com,police officer
1065,Linzy,Beniamino,Linzy.Beniamino@yopmail.com,Linzy.Beniamino@gmail.com,worker
1066,Chrystel,Schroth,Chrystel.Schroth@yopmail.com,Chrystel.Schroth@gmail.com,developer
1067,Violet,Eno,Violet.Eno@yopmail.com,Violet.Eno@gmail.com,doctor
1068,Betta,Leary,Betta.Leary@yopmail.com,Betta.Leary@gmail.com,doctor
1069,Althea,Seumas,Althea.Seumas@yopmail.com,Althea.Seumas@gmail.com,police officer
1070,Henriette,Larochelle,Henriette.Larochelle@yopmail.com,Henriette.Larochelle@gmail.com,worker
1071,Shaine,Arvo,Shaine.Arvo@yopmail.com,Shaine.Arvo@gmail.com,firefighter
1072,Lucille,Ellerey,Lucille.Ellerey@yopmail.com,Lucille.Ellerey@gmail.com,firefighter
1073,Donnie,Truc,Donnie.Truc@yopmail.com,Donnie.Truc@gmail.com,doctor
1074,Netty,Gaulin,Netty.Gaulin@yopmail.com,Netty.Gaulin@gmail.com,doctor
1075,Clary,Fennessy,Clary.Fennessy@yopmail.com,Clary.Fennessy@gmail.com,doctor
1076,Edyth,Eldrid,Edyth.Eldrid@yopmail.com,Edyth.Eldrid@gmail.com,developer
1077,Hope,Salvidor,Hope.Salvidor@yopmail.com,Hope.Salvidor@gmail.com,police officer
1078,Romona,Ortrude,Romona.Ortrude@yopmail.com,Romona.Ortrude@gmail.com,developer
1079,Correy,Pelagias,Correy.Pelagias@yopmail.com,Correy.Pelagias@gmail.com,firefighter
1080,Vita,Ajay,Vita.Ajay@yopmail.com,Vita.Ajay@gmail.com,worker
1081,Cristabel,Waite,Cristabel.Waite@yopmail.com,Cristabel.Waite@gmail.com,worker
1082,Ursulina,Joeann,Ursulina.Joeann@yopmail.com,Ursulina.Joeann@gmail.com,firefighter
1083,Joeann,Ingra,Joeann.Ingra@yopmail.com,Joeann.Ingra@gmail.com,worker
1084,Hettie,Sekofski,Hettie.Sekofski@yopmail.com,Hettie.Sekofski@gmail.com,police officer
1085,Noelle,Ursulette,Noelle.Ursulette@yopmail.com,Noelle.Ursulette@gmail.com,firefighter
1086,Elka,Tamsky,Elka.Tamsky@yopmail.com,Elka.Tamsky@gmail.com,doctor
1087,Ricky,Levey,Ricky.Levey@yopmail.com,Ricky.Levey@gmail.com,police officer
1088,Tonia,Levey,Tonia.Levey@yopmail.com,Tonia.Levey@gmail.com,police officer
1089,Jorry,Ariella,Jorry.Ariella@yopmail.com,Jorry.Ariella@gmail.com,police officer
1090,Kimberley,Sprage,Kimberley.Sprage@yopmail.com,Kimberley.Sprage@gmail.com,police officer
1091,Zia,Pond,Zia.Pond@yopmail.com,Zia.Pond@gmail.com,firefighter
1092,Candy,Sadowski,Candy.Sadowski@yopmail.com,Candy.Sadowski@gmail.com,police officer
1093,Minne,Halla,Minne.Halla@yopmail.com,Minne.Halla@gmail.com,doctor
1094,Maryellen,Adrienne,Maryellen.Adrienne@yopmail.com,Maryellen.Adrienne@gmail.com,developer
1095,Katuscha,Shaver,Katuscha.Shaver@yopmail.com,Katuscha.Shaver@gmail.com,firefighter
1096,Marylou,Imelida,Marylou.Imelida@yopmail.com,Marylou.Imelida@gmail.com,worker
1097,Petronia,Rudolph,Petronia.Rudolph@yopmail.com,Petronia.Rudolph@gmail.com,developer
1098,Ada,Telfer,Ada.Telfer@yopmail.com,Ada.Telfer@gmail.com,doctor
1099,Genevra,Bebe,Genevra.Bebe@yopmail.com,Genevra.Bebe@gmail.com,developer